MSSubClass,MSZoning,LotFrontage,LotArea,Street,Alley,LotShape,LandContour,Utilities,LotConfig,LandSlope,Neighborhood,Condition1,Condition2,BldgType,HouseStyle,OverallQual,OverallCond,YearBuilt,YearRemodAdd,RoofStyle,RoofMatl,Exterior1st,Exterior2nd,MasVnrType,MasVnrArea,ExterQual,ExterCond,Foundation,BsmtQual,BsmtCond,BsmtExposure,BsmtFinType1,BsmtFinSF1,BsmtFinType2,BsmtFinSF2,BsmtUnfSF,TotalBsmtSF,Heating,HeatingQC,CentralAir,Electrical,1stFlrSF,2ndFlrSF,LowQualFinSF,GrLivArea,BsmtFullBath,BsmtHalfBath,FullBath,HalfBath,BedroomAbvGr,KitchenAbvGr,KitchenQual,TotRmsAbvGrd,Functional,Fireplaces,FireplaceQu,GarageType,GarageYrBlt,GarageFinish,GarageCars,GarageArea,GarageQual,GarageCond,PavedDrive,WoodDeckSF,OpenPorchSF,EnclosedPorch,3SsnPorch,ScreenPorch,PoolArea,PoolQC,Fence,MiscFeature,MiscVal,MoSold,YrSold,SaleType,SaleCondition,SalePrice
60,3,65,8450,1,0,3,3,0,4,0,5,2,2,0,5,7,5,2003,2003,1,1,12,13,2,196,4,3,2,4,3,1,6,706,1,0,150,856,1,5,1,4,856,854,0,1710,1,0,2,1,3,1,2,8,6,0,0,2,2003,2,2,548,3,3,2,0,61,0,0,0,0,0,0,0,0,2,2008,8,4,208500
20,3,80,9600,1,0,3,3,0,2,0,24,1,2,0,2,6,8,1976,1976,1,1,8,8,0,0,3,3,1,4,3,4,5,978,1,0,284,1262,1,5,1,4,1262,0,0,1262,0,1,2,0,3,1,3,6,6,1,3,2,1976,2,2,460,3,3,2,298,0,0,0,0,0,0,0,0,0,5,2007,8,4,181500
60,3,68,11250,1,0,0,3,0,4,0,5,2,2,0,5,7,5,2001,2002,1,1,12,13,2,162,4,3,2,4,3,2,6,486,1,0,434,920,1,5,1,4,920,866,0,1786,1,0,2,1,3,1,2,6,6,1,3,2,2001,2,2,608,3,3,2,0,42,0,0,0,0,0,0,0,0,9,2008,8,4,223500
70,3,60,9550,1,0,0,3,0,0,0,6,2,2,0,5,7,5,1915,1970,1,1,13,15,0,0,3,3,0,3,4,1,5,216,1,0,540,756,1,4,1,4,961,756,0,1717,1,0,1,0,3,1,2,7,6,1,4,6,1998,3,3,642,3,3,2,0,35,272,0,0,0,0,0,0,0,2,2006,8,0,140000
60,3,84,14260,1,0,0,3,0,2,0,15,2,2,0,5,8,5,2000,2000,1,1,12,13,2,350,4,3,2,4,3,3,6,655,1,0,490,1145,1,5,1,4,1145,1053,0,2198,1,0,2,1,4,1,2,9,6,1,3,2,2000,2,3,836,3,3,2,192,84,0,0,0,0,0,0,0,0,12,2008,8,4,250000
50,3,85,14115,1,0,0,3,0,4,0,11,2,2,0,0,5,5,1993,1995,1,1,12,13,0,0,3,3,5,4,3,1,6,732,1,0,64,796,1,5,1,4,796,566,0,1362,1,0,1,1,1,1,3,5,6,0,0,2,1993,3,2,480,3,3,2,40,30,0,320,0,0,0,3,1,700,10,2009,8,4,143000
20,3,75,10084,1,0,3,3,0,4,0,21,2,2,0,2,8,5,2004,2005,1,1,12,13,3,186,4,3,2,5,3,3,6,1369,1,0,317,1686,1,5,1,4,1694,0,0,1694,1,0,2,0,3,1,2,7,6,1,4,2,2004,2,2,636,3,3,2,255,57,0,0,0,0,0,0,0,0,8,2007,8,4,307000
60,3,70,10382,1,0,0,3,0,0,0,14,4,2,0,5,7,6,1973,1973,1,1,6,6,3,240,3,3,1,4,3,2,5,859,4,32,216,1107,1,5,1,4,1107,983,0,2090,1,0,2,1,3,1,3,7,6,2,3,2,1973,2,2,484,3,3,2,235,204,228,0,0,0,0,0,1,350,11,2009,8,4,200000
50,4,51,6120,1,0,3,3,0,4,0,17,0,2,0,0,7,5,1931,1950,1,1,3,15,0,0,3,3,0,3,3,1,1,0,1,0,952,952,1,4,1,1,1022,752,0,1774,0,0,2,0,2,2,3,8,2,2,3,6,1931,3,2,468,2,3,2,90,0,205,0,0,0,0,0,0,0,4,2008,8,0,129900
190,3,50,7420,1,0,3,3,0,0,0,3,0,0,1,1,5,6,1939,1950,1,1,8,8,0,0,3,3,0,3,3,1,6,851,1,0,140,991,1,5,1,4,1077,0,0,1077,1,0,1,0,2,2,3,5,6,2,3,2,1939,2,1,205,4,3,2,0,4,0,0,0,0,0,0,0,0,1,2008,8,4,118000
20,3,70,11200,1,0,3,3,0,4,0,19,2,2,0,2,5,5,1965,1965,3,1,6,6,0,0,3,3,1,3,3,1,3,906,1,0,134,1040,1,5,1,4,1040,0,0,1040,1,0,1,0,3,1,3,5,6,0,0,6,1965,3,1,384,3,3,2,0,0,0,0,0,0,0,0,0,0,2,2008,8,4,129500
60,3,85,11924,1,0,0,3,0,4,0,16,2,2,0,5,9,5,2005,2006,3,1,14,15,3,286,5,3,2,5,3,1,6,998,1,0,177,1175,1,5,1,4,1182,1142,0,2324,1,0,3,0,4,1,0,11,6,2,4,4,2005,1,3,736,3,3,2,147,21,0,0,0,0,0,0,0,0,7,2006,6,5,345000
20,3,70,12968,1,0,1,3,0,4,0,19,2,2,0,2,5,6,1962,1962,3,1,6,10,0,0,3,3,1,3,3,1,5,737,1,0,175,912,1,3,1,4,912,0,0,912,1,0,1,0,2,1,3,4,6,0,0,6,1962,3,1,352,3,3,2,140,0,0,0,176,0,0,0,0,0,9,2008,8,4,144000
20,3,91,10652,1,0,0,3,0,4,0,5,2,2,0,2,7,5,2006,2007,1,1,12,13,3,306,4,3,2,4,3,3,1,0,1,0,1494,1494,1,5,1,4,1494,0,0,1494,0,0,2,0,3,1,2,7,6,1,4,2,2006,2,3,840,3,3,2,160,33,0,0,0,0,0,0,0,0,8,2007,6,5,279500
20,3,70,10920,1,0,0,3,0,0,0,12,2,2,0,2,6,5,1960,1960,3,1,8,8,2,212,3,3,1,3,3,1,4,733,1,0,520,1253,1,3,1,4,1253,0,0,1253,1,0,1,1,2,1,3,5,6,1,2,2,1960,2,1,352,3,3,2,0,213,176,0,0,0,0,2,0,0,5,2008,8,4,157000
45,4,51,6120,1,0,3,3,0,0,0,3,2,2,0,1,7,8,1929,2001,1,1,13,14,0,0,3,3,0,3,3,1,1,0,1,0,832,832,1,5,1,0,854,0,0,854,0,0,1,0,2,1,3,5,6,0,0,6,1991,3,2,576,3,3,2,48,112,0,0,0,0,0,4,0,0,7,2007,8,4,132000
20,3,70,11241,1,0,0,3,0,1,0,12,2,2,0,2,6,7,1970,1970,1,1,13,14,2,180,3,3,1,3,3,1,5,578,1,0,426,1004,1,5,1,4,1004,0,0,1004,1,0,1,0,2,1,3,5,6,1,3,2,1970,1,2,480,3,3,2,0,0,0,0,0,0,0,0,1,700,3,2010,8,4,149000
90,3,72,10791,1,0,3,3,0,4,0,19,2,2,2,2,4,5,1967,1967,1,1,8,8,0,0,3,3,3,0,0,0,0,0,0,0,0,0,1,3,1,4,1296,0,0,1296,0,0,2,0,2,2,3,6,6,0,0,5,1967,3,2,516,3,3,2,0,0,0,0,0,0,0,0,1,500,10,2006,8,4,90000
20,3,66,13695,1,0,3,3,0,4,0,20,5,2,0,2,5,5,2004,2004,1,1,12,13,0,0,3,3,2,3,3,1,6,646,1,0,468,1114,1,5,1,4,1114,0,0,1114,1,0,1,1,3,1,2,6,6,0,0,6,2004,3,2,576,3,3,2,0,102,0,0,0,0,0,0,0,0,6,2008,8,4,159000
20,3,70,7560,1,0,3,3,0,4,0,12,2,2,0,2,5,6,1958,1965,3,1,3,10,0,0,3,3,1,3,3,1,2,504,1,0,525,1029,1,3,1,4,1339,0,0,1339,0,0,1,0,3,1,3,6,2,0,0,2,1958,3,1,294,3,3,2,0,0,0,0,0,0,0,3,0,0,5,2009,0,0,139000
60,3,101,14215,1,0,0,3,0,0,0,16,2,2,0,5,8,5,2005,2006,1,1,12,13,2,380,4,3,2,5,3,3,1,0,1,0,1158,1158,1,5,1,4,1158,1218,0,2376,0,0,3,1,4,1,2,9,6,1,4,4,2005,2,3,853,3,3,2,240,154,0,0,0,0,0,0,0,0,11,2006,6,5,325300
45,4,57,7449,1,1,3,0,0,4,0,9,2,2,0,1,7,7,1930,1950,1,1,13,14,0,0,3,3,2,3,3,1,1,0,1,0,637,637,1,5,1,1,1108,0,0,1108,0,0,1,0,3,1,2,6,6,1,4,2,1930,3,1,280,3,3,0,0,0,205,0,0,0,0,4,0,0,6,2007,8,4,139400
20,3,75,9742,1,0,3,3,0,4,0,5,2,2,0,2,8,5,2002,2002,3,1,12,13,2,281,4,3,2,4,3,1,1,0,1,0,1777,1777,1,5,1,4,1795,0,0,1795,0,0,2,0,3,1,2,7,6,1,4,2,2002,2,2,534,3,3,2,171,159,0,0,0,0,0,0,0,0,9,2008,8,4,230000
120,4,44,4224,1,0,3,3,0,4,0,10,2,2,4,2,5,7,1976,1976,1,1,5,5,0,0,3,3,2,4,3,1,6,840,1,0,200,1040,1,3,1,4,1060,0,0,1060,1,0,1,0,3,1,3,6,6,1,3,2,1976,3,2,572,3,3,2,100,110,0,0,0,0,0,0,0,0,6,2007,8,4,129900
20,3,70,8246,1,0,0,3,0,4,0,19,2,2,0,2,5,8,1968,2001,1,1,9,10,0,0,3,4,1,3,3,2,3,188,5,668,204,1060,1,5,1,4,1060,0,0,1060,1,0,1,0,3,1,2,6,6,1,3,2,1968,3,1,270,3,3,2,406,90,0,0,0,0,0,3,0,0,5,2010,8,4,154000
20,3,110,14230,1,0,3,3,0,0,0,16,2,2,0,2,8,5,2007,2007,1,1,12,13,3,640,4,3,2,4,3,1,1,0,1,0,1566,1566,1,5,1,4,1600,0,0,1600,0,0,2,0,3,1,2,7,6,1,4,2,2007,2,3,890,3,3,2,0,56,0,0,0,0,0,0,0,0,7,2009,8,4,256300
20,3,60,7200,1,0,3,3,0,0,0,12,2,2,0,2,5,7,1951,2000,1,1,13,14,0,0,3,3,1,3,3,2,4,234,3,486,180,900,1,3,1,4,900,0,0,900,0,1,1,0,3,1,2,5,6,0,0,6,2005,3,2,576,3,3,2,222,32,0,0,0,0,0,0,0,0,5,2010,8,4,134800
20,3,98,11478,1,0,3,3,0,4,0,16,2,2,0,2,8,5,2007,2008,1,1,12,13,3,200,4,3,2,5,3,1,6,1218,1,0,486,1704,1,5,1,4,1704,0,0,1704,1,0,2,0,3,1,2,7,6,1,4,2,2008,2,3,772,3,3,2,0,50,0,0,0,0,0,0,0,0,5,2010,8,4,306000
20,3,47,16321,1,0,0,3,0,1,0,12,2,2,0,2,5,6,1957,1997,1,1,8,8,0,0,3,3,1,3,3,4,4,1277,1,0,207,1484,1,3,1,4,1600,0,0,1600,1,0,1,0,2,1,3,6,6,2,4,2,1957,2,1,319,3,3,2,288,258,0,0,0,0,0,0,0,0,12,2006,8,4,207500
30,4,60,6324,1,0,0,3,0,4,0,3,1,7,0,2,4,6,1927,1950,1,1,8,8,0,0,3,3,0,3,3,1,1,0,1,0,520,520,1,2,0,4,520,0,0,520,0,0,1,0,1,1,1,4,6,0,0,6,1920,3,1,240,2,3,2,49,0,87,0,0,0,0,0,0,0,5,2008,8,4,68500
70,0,50,8500,1,2,3,3,0,4,0,9,1,2,0,5,4,4,1920,1950,2,1,3,3,0,0,3,2,0,3,3,1,1,0,1,0,649,649,1,3,0,4,649,668,0,1317,0,0,1,0,3,1,3,6,6,0,0,6,1920,3,1,250,3,2,0,0,54,172,0,0,0,0,3,0,0,7,2008,8,4,40000
20,3,70,8544,1,0,0,3,0,1,0,19,2,2,0,2,5,6,1966,2006,1,1,6,6,0,0,3,3,1,3,3,1,1,0,1,0,1228,1228,1,4,1,4,1228,0,0,1228,0,0,1,1,3,1,2,6,6,0,0,2,1966,3,1,271,3,3,2,0,65,0,0,0,0,0,3,0,0,6,2008,8,4,149350
20,3,85,11049,1,0,3,3,0,0,0,5,2,2,0,2,8,5,2007,2007,1,1,12,13,0,0,4,3,2,5,3,3,1,0,1,0,1234,1234,1,5,1,4,1234,0,0,1234,0,0,2,0,3,1,2,7,6,0,0,2,2007,2,2,484,3,3,2,0,30,0,0,0,0,0,0,0,0,1,2008,8,4,179900
20,3,70,10552,1,0,0,3,0,4,0,12,2,2,0,2,5,5,1959,1959,3,1,3,3,0,0,3,3,1,3,3,1,3,1018,1,0,380,1398,1,4,1,4,1700,0,0,1700,0,1,1,1,4,1,2,6,6,1,4,2,1959,2,2,447,3,3,2,0,38,0,0,0,0,0,0,0,0,4,2010,8,4,165500
120,3,60,7313,1,0,3,3,0,4,0,16,2,2,4,2,9,5,2005,2005,3,1,8,8,2,246,5,3,2,5,3,1,6,1153,1,0,408,1561,1,5,1,4,1561,0,0,1561,1,0,2,0,2,1,0,6,6,1,4,2,2005,1,2,556,3,3,2,203,47,0,0,0,0,0,0,0,0,8,2007,8,4,277500
60,3,108,13418,1,0,3,3,0,4,0,16,2,2,0,5,8,5,2004,2005,1,1,12,13,3,132,4,3,2,5,3,3,1,0,1,0,1117,1117,1,5,1,4,1132,1320,0,2452,0,0,3,1,4,1,2,9,6,1,4,4,2004,1,3,691,3,3,2,113,32,0,0,0,0,0,0,0,0,9,2006,8,4,309000
20,3,112,10859,1,0,3,3,0,0,0,5,2,2,0,2,5,5,1994,1995,1,1,12,13,0,0,3,3,2,4,3,1,1,0,1,0,1097,1097,1,5,1,4,1097,0,0,1097,0,0,1,1,3,1,3,6,6,0,0,2,1995,3,2,672,3,3,2,392,64,0,0,0,0,0,0,0,0,6,2009,8,4,145000
20,3,74,8532,1,0,3,3,0,4,0,12,2,2,0,2,5,6,1954,1990,3,1,13,14,2,650,3,3,1,3,3,1,3,1213,1,0,84,1297,1,4,1,4,1297,0,0,1297,0,1,1,0,3,1,3,5,6,1,3,2,1954,1,2,498,3,3,2,0,0,0,0,0,0,0,0,0,0,10,2009,8,4,153000
20,3,68,7922,1,0,3,3,0,4,0,12,2,2,0,2,5,7,1953,2007,1,1,12,13,0,0,3,4,1,3,3,1,6,731,1,0,326,1057,1,3,1,4,1057,0,0,1057,1,0,1,0,3,1,2,5,6,0,0,6,1953,3,1,246,3,3,2,0,52,0,0,0,0,0,0,0,0,1,2010,8,0,109000
90,3,65,6040,1,0,3,3,0,4,0,7,2,2,2,2,4,5,1955,1955,1,1,0,10,0,0,3,3,2,0,0,0,0,0,0,0,0,0,1,3,0,2,1152,0,0,1152,0,0,2,0,2,2,1,6,6,0,0,0,0,0,0,0,0,0,0,0,0,0,0,0,0,0,0,0,0,6,2008,8,1,82000
20,3,84,8658,1,0,3,3,0,4,0,12,2,2,0,2,6,5,1965,1965,1,1,13,14,2,101,3,3,1,3,3,1,3,643,1,0,445,1088,1,5,1,4,1324,0,0,1324,0,0,2,0,3,1,3,6,6,1,3,2,1965,2,2,440,3,3,2,0,138,0,0,0,0,0,2,0,0,12,2006,8,0,160000
20,3,115,16905,1,0,3,3,0,4,0,23,2,2,0,2,5,6,1959,1959,1,1,12,13,0,0,3,4,1,3,3,4,4,967,1,0,383,1350,1,4,1,4,1328,0,0,1328,0,1,1,1,2,1,3,5,6,2,4,2,1959,2,1,308,3,3,1,0,104,0,0,0,0,0,0,0,0,7,2007,8,4,170000
85,3,70,9180,1,0,0,3,0,1,0,20,2,2,0,6,5,7,1983,1983,1,1,6,6,0,0,3,3,1,4,3,3,5,747,2,93,0,840,1,4,1,4,884,0,0,884,1,0,1,0,2,1,2,5,6,0,0,2,1983,2,2,504,3,4,2,240,0,0,0,0,0,0,3,0,0,12,2007,8,4,144000
20,3,70,9200,1,0,0,3,0,1,0,5,2,2,0,2,5,6,1975,1980,3,1,12,13,0,0,3,3,1,4,3,3,2,280,4,491,167,938,1,3,1,4,938,0,0,938,1,0,1,0,3,1,3,5,6,0,0,6,1977,3,1,308,3,3,2,145,0,0,0,0,0,0,3,0,0,7,2008,8,4,130250
20,3,70,7945,1,0,3,3,0,4,0,12,2,2,0,2,5,6,1959,1959,1,1,3,14,0,0,3,3,1,3,3,1,5,179,4,506,465,1150,1,5,1,0,1150,0,0,1150,1,0,1,0,3,1,3,6,6,0,0,2,1959,2,1,300,3,3,2,0,0,0,0,0,0,0,0,0,0,5,2006,8,4,141000
120,3,61,7658,1,0,3,3,0,4,0,16,2,2,4,2,9,5,2005,2005,3,1,8,8,2,412,5,3,2,5,3,1,6,456,1,0,1296,1752,1,5,1,4,1752,0,0,1752,1,0,2,0,2,1,0,6,6,1,4,2,2005,2,2,576,3,3,2,196,82,0,0,0,0,0,0,0,0,2,2010,8,4,319900
50,3,48,12822,1,0,0,3,0,1,0,11,2,2,0,0,7,5,2003,2003,1,1,12,13,0,0,4,3,2,5,3,1,6,1351,1,0,83,1434,1,5,1,4,1518,631,0,2149,1,0,1,1,1,1,2,6,6,1,5,2,2003,2,2,670,3,3,2,168,43,0,0,198,0,0,0,0,0,8,2009,8,0,239686
20,1,84,11096,1,0,3,3,0,4,0,21,2,2,0,2,8,5,2006,2006,1,1,12,13,0,0,4,3,2,4,3,3,6,24,1,0,1632,1656,1,5,1,4,1656,0,0,1656,0,0,2,0,3,1,2,7,6,0,0,2,2006,2,3,826,3,3,2,0,146,0,0,0,0,0,0,0,0,7,2007,8,4,249700
190,4,33,4456,1,0,3,3,0,4,0,17,2,2,1,5,4,5,1920,2008,1,1,8,8,0,0,3,3,0,3,3,1,1,0,1,0,736,736,1,4,1,4,736,716,0,1452,0,0,2,0,2,3,3,8,6,0,0,0,0,0,0,0,0,0,0,0,0,102,0,0,0,0,0,0,0,6,2009,6,5,113000
20,3,66,7742,1,0,3,3,0,4,0,19,2,2,0,2,5,7,1966,1966,1,1,6,6,0,0,3,3,1,3,3,1,4,763,1,0,192,955,1,5,1,4,955,0,0,955,1,0,1,0,3,1,3,6,6,0,0,2,1966,3,1,386,3,3,2,0,0,0,0,0,0,0,3,0,0,1,2007,8,4,127000
60,3,70,13869,1,0,1,3,0,0,0,8,2,2,0,5,6,6,1997,1997,1,1,12,13,0,0,3,3,2,4,3,3,6,182,1,0,612,794,1,4,1,4,794,676,0,1470,0,1,2,0,3,1,3,6,6,0,0,2,1997,1,2,388,3,3,2,0,75,0,0,0,0,0,0,0,0,7,2007,8,4,177000
50,4,52,6240,1,0,3,3,0,4,0,3,2,2,0,0,6,6,1934,1950,1,1,13,14,0,0,3,3,2,3,3,1,1,0,1,0,816,816,1,3,1,4,816,0,360,1176,0,0,1,0,3,1,3,6,6,1,4,6,1985,3,2,528,3,3,2,112,0,0,0,0,0,0,3,1,400,9,2006,8,4,114500
90,4,110,8472,0,0,1,0,0,0,1,9,8,2,2,2,5,5,1963,1963,1,1,13,14,0,0,2,3,1,4,3,4,2,104,6,712,0,816,1,3,0,4,816,0,0,816,1,0,1,0,2,1,3,5,6,0,0,5,1963,3,2,516,3,3,2,106,0,0,0,0,0,0,0,0,0,5,2010,8,4,110000
20,3,68,50271,1,0,0,2,0,4,0,24,2,2,0,2,9,5,1981,1987,1,7,14,15,0,0,4,3,1,5,3,4,6,1810,1,0,32,1842,1,4,1,4,1842,0,0,1842,2,0,0,1,0,1,2,5,6,1,4,2,1981,1,3,894,3,3,2,857,72,0,0,0,0,0,0,0,0,11,2006,8,4,385000
80,3,60,7134,1,0,3,0,0,4,1,12,2,2,0,7,5,5,1955,1955,1,1,8,8,0,0,3,3,1,3,3,1,5,384,1,0,0,384,1,3,1,4,1360,0,0,1360,0,0,1,0,3,1,3,6,2,1,3,6,1962,3,2,572,3,3,2,0,50,0,0,0,0,0,3,0,0,2,2007,8,4,130000
20,3,100,10175,1,0,0,3,0,4,0,12,2,2,0,2,6,5,1964,1964,1,1,6,10,2,272,3,3,1,3,3,1,4,490,1,0,935,1425,1,4,1,4,1425,0,0,1425,0,0,2,0,3,1,3,7,6,1,4,2,1964,2,2,576,3,3,2,0,0,0,407,0,0,0,0,0,0,7,2008,8,4,180500
160,1,24,2645,1,2,3,3,0,4,0,21,2,2,3,5,8,5,1999,2000,1,1,8,8,2,456,4,3,2,4,3,1,6,649,1,0,321,970,1,5,1,4,983,756,0,1739,1,0,2,1,3,1,2,7,6,0,0,2,1999,1,2,480,3,3,2,115,0,0,0,0,0,0,0,0,0,8,2009,8,0,172500
60,3,89,11645,1,0,0,3,0,0,0,5,2,2,0,5,7,5,2004,2004,1,1,12,13,0,0,4,3,2,4,3,1,1,0,1,0,860,860,1,5,1,4,860,860,0,1720,0,0,2,1,3,1,2,7,6,0,0,2,2004,2,2,565,3,3,2,0,70,0,0,0,0,0,0,0,0,8,2006,8,4,196500
60,3,66,13682,1,0,1,1,0,1,0,22,2,2,0,5,10,5,2006,2006,3,1,12,13,2,1031,5,3,2,5,3,4,1,0,1,0,1410,1410,1,5,1,4,1426,1519,0,2945,0,0,3,1,3,1,2,10,6,1,4,4,2006,1,3,641,3,3,2,192,0,37,0,0,0,0,0,0,0,10,2006,6,5,438780
20,3,60,7200,1,0,3,0,0,4,0,5,2,2,0,2,5,7,1972,1972,1,1,6,6,0,0,3,3,1,3,3,3,5,632,1,0,148,780,1,5,1,4,780,0,0,780,0,0,1,0,2,1,3,4,6,0,0,6,1973,3,1,352,3,3,2,196,0,0,0,0,0,0,3,0,0,1,2008,8,4,124900
20,3,63,13072,1,0,3,3,0,4,0,20,5,2,0,2,6,5,2004,2004,1,1,12,13,0,0,3,3,2,4,3,1,5,941,1,0,217,1158,1,5,1,4,1158,0,0,1158,1,0,1,1,3,1,2,5,6,0,0,6,2006,3,2,576,3,3,2,0,50,0,0,0,0,0,0,0,0,5,2006,6,5,158000
75,4,60,7200,1,0,3,3,0,4,0,9,2,2,0,4,5,7,1920,1996,1,1,8,8,0,0,3,3,0,3,2,1,1,0,1,0,530,530,1,3,0,4,581,530,0,1111,0,0,1,0,3,1,1,6,6,0,0,6,1935,3,1,288,3,3,0,0,0,144,0,0,0,0,0,0,0,3,2007,8,4,101000
120,3,44,6442,1,0,0,3,0,4,0,16,2,2,4,2,8,5,2006,2006,1,1,12,13,3,178,4,3,2,4,4,2,6,24,1,0,1346,1370,1,5,1,4,1370,0,0,1370,0,0,2,0,2,1,2,6,6,1,4,2,2006,2,2,484,3,3,2,120,49,0,0,0,0,0,0,0,0,10,2007,8,4,202500
70,4,50,10300,1,0,0,0,0,4,0,17,6,1,0,5,7,6,1921,1950,1,1,11,12,0,0,3,3,0,3,3,1,1,0,1,0,576,576,1,4,1,4,902,808,0,1710,0,0,2,0,3,1,3,9,6,0,0,6,1990,3,2,480,3,3,2,12,11,64,0,0,0,0,4,0,0,4,2010,8,4,140000
60,3,70,9375,1,0,3,3,0,4,0,5,2,2,0,5,7,5,1997,1998,1,1,12,13,2,573,3,3,2,4,3,1,6,739,1,0,318,1057,1,5,1,4,1057,977,0,2034,1,0,2,1,3,1,2,8,6,0,0,2,1998,2,2,645,3,3,2,576,36,0,0,0,0,0,4,0,0,2,2009,8,4,219500
60,3,76,9591,1,0,3,3,0,4,0,16,2,2,0,5,8,5,2004,2005,1,1,12,13,2,344,4,3,2,5,3,3,1,0,1,0,1143,1143,1,5,1,4,1143,1330,0,2473,0,0,2,1,4,1,2,9,6,1,4,4,2004,2,3,852,3,3,2,192,151,0,0,0,0,0,0,0,0,10,2007,8,4,317000
20,3,70,19900,1,0,3,3,0,4,0,12,3,2,0,2,7,5,1970,1989,1,1,9,10,2,287,3,3,1,4,3,4,6,912,1,0,1035,1947,1,3,1,4,2207,0,0,2207,1,0,2,0,3,1,3,7,2,1,4,2,1970,2,2,576,3,3,2,301,0,0,0,0,0,0,0,0,0,7,2010,8,4,180000
20,3,72,10665,1,0,0,3,0,4,0,5,2,2,0,2,7,5,2003,2003,1,1,12,13,2,167,4,3,2,4,3,3,6,1013,1,0,440,1453,1,5,1,4,1479,0,0,1479,1,0,2,0,3,1,2,7,6,0,0,2,2003,2,2,558,3,3,2,144,29,0,0,0,0,0,0,0,0,6,2007,8,4,226000
30,4,47,4608,1,0,3,3,0,0,0,17,0,2,0,2,4,6,1945,1950,1,1,8,8,0,0,3,4,1,3,3,1,1,0,1,0,747,747,1,3,1,4,747,0,0,747,0,0,1,0,2,1,3,4,6,0,0,2,1945,3,1,220,3,3,2,0,0,0,0,0,0,0,0,0,0,6,2010,8,4,80000
50,3,81,15593,1,0,3,3,0,0,0,4,2,2,0,0,7,4,1953,1953,1,1,3,0,0,0,4,3,1,3,3,1,4,603,1,0,701,1304,2,3,1,4,1304,983,0,2287,0,0,2,0,3,1,3,7,6,1,3,2,1953,1,2,667,3,3,2,0,21,114,0,0,0,0,0,0,0,7,2006,8,4,225000
20,3,95,13651,1,0,0,3,0,4,0,12,2,2,0,2,7,6,1973,1973,1,1,9,10,2,1115,3,4,1,4,3,4,5,1880,1,0,343,2223,1,5,1,4,2223,0,0,2223,1,0,2,0,3,1,3,8,6,2,4,2,1973,1,2,516,3,3,2,300,0,0,0,0,0,0,0,0,0,2,2007,8,4,244000
20,3,69,7599,1,0,3,3,0,0,0,11,2,2,0,2,4,6,1982,2006,1,1,6,10,0,0,3,3,1,3,3,1,5,565,1,0,280,845,1,3,1,4,845,0,0,845,1,0,1,0,2,1,3,4,6,0,0,6,1987,3,2,360,3,3,2,0,0,0,0,0,0,0,0,0,0,6,2007,8,4,129500
60,3,74,10141,1,0,0,3,0,0,0,8,2,2,0,5,7,5,1998,1998,1,1,12,13,2,40,3,3,2,4,3,1,1,0,1,0,832,832,1,4,1,4,885,833,0,1718,0,0,2,1,3,1,3,7,6,1,3,2,1998,1,2,427,3,3,2,0,94,0,0,291,0,0,0,0,0,12,2009,8,4,185000
20,3,85,10200,1,0,3,3,0,4,0,12,2,2,0,2,5,7,1954,2003,1,1,13,14,2,104,3,3,1,3,3,1,5,320,4,362,404,1086,1,4,1,4,1086,0,0,1086,1,0,1,0,3,1,3,6,6,0,0,2,1989,3,2,490,3,3,2,0,0,0,0,0,0,0,2,0,0,5,2010,8,4,144900
50,4,60,5790,1,0,3,3,0,0,0,17,2,2,0,5,3,6,1915,1950,2,1,12,13,0,0,4,4,1,2,3,1,1,0,1,0,840,840,1,4,0,4,840,765,0,1605,0,0,2,0,3,2,3,8,6,0,0,6,1915,3,1,379,3,3,2,0,0,202,0,0,0,0,0,0,0,5,2010,8,4,107400
180,4,21,1596,1,0,3,3,0,4,0,10,2,2,3,7,4,5,1973,1973,1,1,5,5,0,0,3,3,1,4,3,4,6,462,1,0,0,462,1,3,1,4,526,462,0,988,1,0,1,0,2,1,3,5,6,0,0,4,1973,3,1,297,3,3,2,120,101,0,0,0,0,0,2,0,0,11,2009,8,4,91000
20,3,70,8475,1,0,0,3,0,4,0,12,2,2,0,2,4,7,1956,1956,1,1,12,13,0,0,3,3,1,3,3,1,5,228,1,0,724,952,1,5,1,0,952,0,0,952,0,0,1,0,2,1,3,4,6,0,0,6,1956,3,1,283,3,3,2,0,0,0,0,0,0,0,0,0,0,4,2008,8,4,135750
50,4,50,8635,1,0,3,3,0,4,0,3,2,2,0,0,5,5,1948,2001,1,1,13,14,0,0,3,3,1,3,3,1,4,336,6,41,295,672,1,3,1,4,1072,213,0,1285,1,0,1,0,2,1,3,6,2,0,0,6,1948,3,1,240,3,3,2,0,0,0,0,0,0,0,3,0,0,1,2008,8,4,127000
90,3,72,10778,1,0,3,3,0,4,0,19,2,2,2,2,4,5,1968,1968,3,1,6,6,0,0,3,3,1,3,3,1,1,0,1,0,1768,1768,1,3,0,4,1768,0,0,1768,0,0,2,0,4,2,3,8,6,0,0,0,0,0,0,0,0,0,2,0,0,0,0,0,0,0,0,0,0,4,2010,8,4,136500
50,4,60,10440,1,1,3,3,0,0,0,17,2,2,0,5,5,6,1910,1981,1,1,13,14,0,0,3,3,2,3,3,1,1,0,1,0,440,440,1,4,1,4,682,548,0,1230,0,0,1,1,2,1,3,5,6,0,0,6,1966,3,2,440,3,3,2,74,0,128,0,0,0,0,3,0,0,5,2009,8,4,110000
60,3,100,13000,1,0,3,3,0,0,0,12,2,2,0,5,6,6,1968,1968,1,1,12,13,2,576,3,4,1,4,3,1,3,448,1,0,448,896,1,3,1,4,1182,960,0,2142,0,0,2,1,4,1,2,8,6,1,4,2,1968,1,1,509,3,3,2,0,72,0,0,252,0,0,0,0,0,6,2009,8,4,193500
120,4,32,4500,1,0,3,3,0,2,0,11,2,2,4,2,6,5,1998,1998,3,1,12,13,2,443,3,4,2,5,4,1,6,1201,1,0,36,1237,1,5,1,4,1337,0,0,1337,1,0,2,0,2,1,3,5,6,0,0,2,1998,1,2,405,3,3,2,0,199,0,0,0,0,0,0,0,0,3,2006,8,4,153500
20,3,78,10206,1,0,3,3,0,4,0,21,2,2,0,2,8,5,2007,2007,1,1,12,13,3,468,3,3,2,4,3,1,6,33,1,0,1530,1563,1,5,1,4,1563,0,0,1563,0,0,2,0,3,1,2,6,6,1,4,2,2007,2,3,758,3,3,2,144,99,0,0,0,0,0,0,0,0,10,2008,8,4,245000
20,3,80,8892,1,0,0,3,0,4,0,12,2,2,0,2,5,5,1960,1960,1,1,8,8,1,66,3,3,1,3,3,1,1,0,1,0,1065,1065,1,4,1,4,1065,0,0,1065,0,0,1,1,3,1,3,6,6,0,0,6,1974,3,2,461,3,3,2,74,0,0,0,0,0,0,0,0,0,7,2007,0,4,126500
80,3,70,8530,1,0,0,3,0,4,0,8,2,2,0,7,7,5,1995,1996,1,1,6,6,2,22,3,3,2,4,3,1,1,0,1,0,384,384,1,4,1,4,804,670,0,1474,0,0,2,1,3,1,3,7,6,1,3,4,1995,1,2,400,3,3,2,120,72,0,0,0,0,0,0,1,700,5,2009,8,4,168500
60,3,121,16059,1,0,3,3,0,0,0,15,2,2,0,5,8,5,1991,1992,3,1,6,6,2,284,4,3,1,4,3,1,1,0,1,0,1288,1288,1,5,1,4,1301,1116,0,2417,0,0,2,1,4,1,2,9,6,1,3,2,1991,3,2,462,3,3,2,127,82,0,0,0,0,0,0,0,0,4,2006,8,4,260000
60,3,122,11911,1,0,1,3,0,4,0,8,2,2,0,5,6,5,2005,2005,1,1,12,13,0,0,4,3,2,4,3,3,1,0,1,0,684,684,1,5,1,4,684,876,0,1560,0,0,2,1,3,1,2,6,6,1,4,4,2005,1,2,400,3,3,2,100,38,0,0,0,0,0,0,0,0,3,2009,8,4,174000
160,1,40,3951,1,2,3,3,0,0,0,21,2,2,4,5,6,5,2009,2009,1,1,12,13,3,76,4,3,2,4,3,3,1,0,1,0,612,612,1,5,1,4,612,612,0,1224,0,0,2,1,2,1,2,4,6,0,0,6,2009,2,2,528,3,3,2,0,234,0,0,0,0,0,0,0,0,6,2009,6,5,164500
50,0,105,8470,1,0,0,3,0,0,0,9,1,1,0,0,3,2,1915,1982,3,1,9,10,0,0,2,2,1,3,2,1,1,0,1,0,1013,1013,1,3,0,4,1013,0,513,1526,0,0,1,0,2,1,1,6,6,0,0,0,0,0,0,0,0,0,0,0,0,156,0,0,0,0,3,0,0,10,2009,3,0,85000
20,3,60,8070,1,0,3,3,0,4,0,5,2,2,0,2,4,5,1994,1995,1,1,12,13,0,0,3,3,2,4,3,1,6,588,1,0,402,990,1,5,1,4,990,0,0,990,1,0,1,0,3,1,3,5,6,0,0,0,0,0,0,0,0,0,2,0,0,0,0,0,0,0,0,0,0,8,2007,8,4,123600
20,3,60,7200,1,0,3,3,0,4,0,12,2,2,0,2,4,5,1950,1950,1,1,3,14,0,0,3,3,3,0,0,0,0,0,0,0,0,0,1,3,1,0,1040,0,0,1040,0,0,1,0,2,1,3,4,6,0,0,6,1950,3,2,420,3,3,2,0,29,0,0,0,0,0,0,0,0,7,2006,8,4,109900
20,3,85,8500,1,0,3,3,0,4,0,12,2,2,0,2,5,3,1961,1961,3,1,6,6,1,203,3,3,1,3,3,1,3,600,1,0,635,1235,1,3,1,4,1235,0,0,1235,0,0,1,0,2,1,3,6,6,0,0,2,1961,3,2,480,3,3,2,0,0,0,0,0,0,0,2,0,0,12,2006,8,0,98600
30,3,80,13360,1,1,0,1,0,4,0,6,2,2,0,2,5,7,1921,2006,1,1,13,14,0,0,3,4,0,4,3,1,5,713,1,0,163,876,1,5,1,4,964,0,0,964,1,0,1,0,2,1,3,5,6,0,0,6,1921,3,2,432,3,3,2,0,0,44,0,0,0,0,0,0,0,8,2009,8,4,163500
190,0,60,7200,1,0,3,3,0,0,0,17,2,2,1,4,6,6,1910,1998,3,1,8,8,0,0,3,3,0,3,2,2,3,1046,1,0,168,1214,2,5,0,4,1260,1031,0,2291,0,1,2,0,4,2,3,9,6,1,4,6,1900,3,2,506,3,3,2,0,0,0,0,99,0,0,0,0,0,11,2007,8,4,133900
60,3,69,9337,1,0,0,3,0,4,0,5,2,2,0,5,6,5,1997,1997,1,1,12,13,0,0,3,4,2,4,3,1,6,648,1,0,176,824,1,5,1,4,905,881,0,1786,1,0,2,1,3,1,2,7,6,0,0,2,1997,2,2,684,3,3,2,0,162,0,0,0,0,0,0,0,0,5,2007,8,4,204750
60,3,70,9765,1,0,1,3,0,0,0,8,2,2,0,5,6,8,1993,1993,1,1,12,13,2,68,5,4,2,4,4,1,5,310,1,0,370,680,1,4,1,4,680,790,0,1470,0,0,2,1,3,1,3,6,6,1,3,4,1993,1,2,420,3,3,2,232,63,0,0,0,0,0,0,1,480,4,2009,8,4,185000
20,3,78,10264,1,0,0,3,0,4,0,5,2,2,0,2,7,5,1999,1999,1,1,12,13,2,183,4,3,2,4,3,3,5,1162,1,0,426,1588,1,5,1,4,1588,0,0,1588,0,0,2,0,3,1,2,6,6,0,0,2,1999,2,2,472,3,3,2,158,29,0,0,0,0,0,0,0,0,8,2006,8,4,214000
20,3,73,10921,1,0,3,1,0,4,0,7,2,2,0,2,4,5,1965,1965,3,1,6,6,2,48,3,3,1,3,3,1,3,520,1,0,440,960,1,3,1,1,960,0,0,960,1,0,1,0,3,1,3,6,6,0,0,2,1965,1,1,432,3,3,1,120,0,0,0,0,0,0,0,0,0,5,2007,8,4,94750
30,3,85,10625,1,0,3,3,0,0,0,7,2,2,0,2,5,5,1920,1950,1,1,13,14,0,0,3,3,0,3,3,1,5,108,1,0,350,458,1,2,0,4,835,0,0,835,0,0,1,0,2,1,3,5,6,0,0,3,1920,3,1,366,2,3,2,0,0,77,0,0,0,0,0,1,400,5,2010,0,0,83000
20,3,77,9320,1,0,0,3,0,4,0,12,2,2,0,2,4,5,1959,1959,1,1,9,10,0,0,3,3,1,3,3,1,5,569,1,0,381,950,1,2,1,4,1225,0,0,1225,1,0,1,1,3,1,3,6,6,0,0,0,0,0,0,0,0,0,2,352,0,0,0,0,0,0,0,1,400,1,2010,8,4,128950
20,3,70,10603,1,0,0,3,0,4,0,14,2,2,0,2,6,7,1977,2001,1,1,9,10,2,28,3,3,2,3,3,2,5,1200,1,0,410,1610,1,4,1,4,1610,0,0,1610,1,0,2,0,3,1,2,6,6,2,3,2,1977,2,2,480,3,3,2,168,68,0,0,0,0,0,0,0,0,2,2010,8,4,205000
60,3,77,9206,1,0,3,3,0,4,0,20,2,2,0,5,6,5,1985,1985,1,1,6,6,2,336,4,3,1,4,3,1,1,0,1,0,741,741,1,3,1,4,977,755,0,1732,0,0,2,1,3,1,2,7,6,1,3,2,1985,1,2,476,3,3,2,192,46,0,0,0,0,0,0,0,0,6,2010,8,4,178000
90,3,64,7018,1,0,3,0,0,4,0,20,2,2,2,2,5,5,1979,1979,1,1,6,6,0,0,3,2,3,0,0,0,0,0,0,0,0,0,1,3,1,4,1535,0,0,1535,0,0,2,0,4,2,3,8,6,0,0,2,1979,3,2,410,3,3,2,0,0,0,0,0,0,0,0,0,0,6,2009,8,2,118964
20,3,94,10402,1,0,0,3,0,0,0,5,2,2,0,2,7,5,2009,2009,1,1,12,13,0,0,3,3,2,4,3,1,1,0,1,0,1226,1226,1,5,1,4,1226,0,0,1226,0,0,2,0,3,1,2,6,6,0,0,2,2009,2,3,740,3,3,2,0,36,0,0,0,0,0,0,0,0,5,2010,8,4,198900
50,4,70,7758,1,0,3,3,0,0,0,9,2,2,0,0,7,4,1931,1950,1,1,11,12,2,600,3,2,2,3,3,1,2,224,1,0,816,1040,1,5,1,1,1226,592,0,1818,0,0,1,1,4,1,3,7,6,2,3,6,1951,3,1,240,3,3,2,0,0,0,0,184,0,0,0,0,0,6,2007,8,4,169500
60,1,75,9375,1,0,3,3,0,4,0,21,2,2,0,5,8,5,2003,2004,3,1,12,13,2,768,4,3,2,5,3,1,1,0,1,0,1053,1053,1,5,1,4,1053,939,0,1992,0,0,2,1,3,1,2,9,6,1,4,2,2003,2,2,648,3,3,2,140,45,0,0,0,0,0,0,0,0,8,2008,8,4,250000
30,4,60,10800,1,1,3,3,0,4,0,17,2,2,0,2,4,7,1885,1995,4,1,12,13,0,0,3,3,0,2,3,1,1,0,1,0,641,641,1,4,1,4,1047,0,0,1047,0,0,1,0,2,1,3,6,6,0,0,6,1954,3,1,273,2,2,0,0,0,0,0,0,0,0,0,1,450,8,2007,8,4,100000
20,4,50,6000,1,0,3,3,0,4,0,17,2,2,0,2,5,5,1948,1950,1,1,12,13,0,0,3,3,1,3,3,1,5,104,4,169,516,789,1,5,1,4,789,0,0,789,0,0,1,0,2,1,3,5,6,0,0,6,1948,3,1,250,3,3,2,0,0,0,0,0,0,0,0,0,0,4,2008,8,5,115000
50,4,85,8500,1,0,3,3,0,0,0,9,0,2,0,0,5,7,1919,2005,1,1,5,5,0,0,3,3,1,3,3,1,1,0,1,0,793,793,2,3,0,1,997,520,0,1517,0,0,2,0,3,1,1,7,6,0,0,0,0,0,0,0,0,0,0,0,0,144,0,0,0,0,0,0,0,8,2007,8,4,115000
20,3,105,11751,1,0,0,3,0,4,0,14,2,2,0,2,6,6,1977,1977,3,1,9,10,2,480,3,3,1,4,3,1,4,705,1,0,1139,1844,1,5,1,4,1844,0,0,1844,0,0,2,0,3,1,3,7,6,1,3,2,1977,2,2,546,3,3,2,0,122,0,0,0,0,0,3,0,0,1,2010,0,4,190000
50,3,75,9525,1,0,3,3,0,4,0,7,2,2,0,0,6,4,1954,1972,1,1,13,14,0,0,3,3,1,3,2,1,3,444,1,0,550,994,1,4,1,4,1216,639,0,1855,0,0,2,0,4,1,3,7,6,0,0,2,1954,3,1,325,3,3,2,182,0,0,0,0,0,0,0,0,0,10,2006,8,4,136900
80,3,70,7750,1,0,0,3,0,4,0,8,2,2,0,7,7,5,2000,2000,1,1,12,13,0,0,3,3,2,4,3,1,6,250,1,0,134,384,1,5,1,4,774,656,0,1430,0,0,2,1,3,1,3,7,6,1,3,4,2000,1,2,400,3,3,2,180,0,0,0,0,0,0,0,0,0,4,2010,8,4,180000
60,3,77,9965,1,0,3,3,0,4,0,5,2,2,0,5,7,5,2007,2007,1,1,12,13,3,220,4,3,2,5,3,3,6,984,1,0,280,1264,1,5,1,4,1282,1414,0,2696,1,0,2,1,4,1,0,10,6,1,4,4,2007,1,3,792,3,3,2,120,184,0,0,168,0,0,0,0,0,10,2007,6,5,383970
20,3,70,21000,1,0,3,0,0,0,0,6,2,2,0,2,6,5,1953,1953,3,1,13,14,2,184,3,4,1,4,3,2,5,35,3,869,905,1809,1,3,1,4,2259,0,0,2259,1,0,2,0,3,1,2,7,6,2,4,3,1953,3,2,450,3,3,2,166,120,192,0,0,0,0,3,0,0,10,2007,0,0,217000
70,3,61,7259,1,0,0,3,0,4,1,6,2,2,0,5,6,8,1945,2002,2,1,13,14,0,0,3,3,1,3,3,1,5,774,2,150,104,1028,1,5,1,4,1436,884,0,2320,1,0,2,1,3,1,2,9,6,1,3,6,1945,3,1,180,3,3,2,224,0,0,0,0,0,0,3,0,0,7,2007,8,4,259500
160,1,34,3230,1,2,3,3,0,0,0,21,2,2,4,5,6,5,1999,1999,1,1,8,8,2,1129,3,3,2,4,3,1,6,419,1,0,310,729,1,4,1,4,729,729,0,1458,0,0,2,1,2,1,3,5,6,1,2,6,1999,3,2,440,3,3,2,0,32,0,0,0,0,0,0,0,0,6,2007,8,4,176000
20,3,70,11616,1,0,3,3,0,4,0,19,2,2,0,2,5,5,1962,1962,1,1,13,14,2,116,3,3,1,3,3,1,2,170,4,670,252,1092,1,3,1,4,1092,0,0,1092,0,1,1,0,3,1,3,6,6,1,1,2,1962,3,1,288,3,3,2,0,20,144,0,0,0,0,0,0,0,9,2009,8,4,139000
20,3,74,8536,1,0,3,3,0,0,0,7,2,2,0,2,5,5,2006,2007,1,1,12,13,0,0,3,3,2,4,3,1,1,0,1,0,1125,1125,1,4,1,4,1125,0,0,1125,0,0,1,1,2,1,3,5,6,0,0,2,2007,3,2,430,3,3,2,80,64,0,0,0,0,0,0,0,0,4,2007,6,5,155000
60,3,90,12376,1,0,3,3,0,0,0,20,2,2,0,5,7,5,1990,1990,3,1,9,10,0,0,3,3,2,4,3,2,6,1470,1,0,203,1673,1,4,1,4,1699,1523,0,3222,1,0,3,0,5,1,2,11,6,2,3,2,1990,3,3,594,3,3,2,367,0,0,0,0,0,0,0,0,0,5,2010,8,4,320000
60,3,65,8461,1,0,3,3,0,4,0,5,2,2,0,5,6,5,2005,2006,1,1,12,13,0,0,4,3,2,4,3,1,1,0,1,0,728,728,1,5,1,4,728,728,0,1456,0,0,2,1,3,1,2,8,6,1,4,2,2005,1,2,390,3,3,2,0,24,0,0,0,0,0,0,0,0,7,2006,6,5,163990
80,3,70,21453,1,0,0,2,0,1,2,4,2,2,0,7,6,5,1969,1969,0,3,9,10,0,0,3,3,1,3,3,4,5,938,1,0,0,938,1,5,1,4,988,0,0,988,1,0,1,0,1,1,3,4,6,2,3,2,1969,3,2,540,3,3,2,0,130,0,130,0,0,0,0,0,0,10,2006,8,4,180000
50,4,50,6060,1,0,3,3,0,4,0,9,2,2,0,0,4,5,1939,1950,1,1,0,0,0,0,3,3,2,3,3,1,1,0,1,0,732,732,1,4,1,4,772,351,0,1123,0,0,1,0,3,1,3,4,6,0,0,6,1979,3,1,264,3,3,1,0,0,140,0,0,0,0,3,0,0,6,2007,8,4,100000
20,3,75,9464,1,0,3,3,0,0,0,12,2,2,0,2,6,7,1958,1958,3,1,8,8,2,135,3,4,1,3,3,1,4,570,1,0,510,1080,1,4,1,4,1080,0,0,1080,0,0,1,0,3,1,3,5,6,0,0,2,1958,3,1,288,3,3,2,0,0,0,0,130,0,0,0,0,0,6,2008,8,4,136000
120,3,55,7892,1,0,3,3,0,4,0,20,2,2,4,2,6,5,1993,1993,1,1,9,10,0,0,4,3,2,4,3,1,6,300,1,0,899,1199,1,5,1,4,1199,0,0,1199,0,0,2,0,2,1,2,5,6,0,0,2,1993,2,2,530,3,3,2,0,63,0,0,0,0,0,0,0,0,3,2008,8,4,153900
20,3,48,17043,1,0,0,3,0,1,0,14,2,2,0,2,6,5,1979,1998,1,1,6,6,0,0,3,4,1,4,2,1,1,0,1,0,1362,1362,1,3,1,4,1586,0,0,1586,0,0,2,0,3,1,3,7,6,1,3,2,1979,3,2,435,3,3,2,192,0,0,0,0,0,0,0,0,0,1,2009,8,4,181000
190,4,60,6780,1,0,3,3,0,4,0,9,2,2,1,0,6,8,1935,1982,1,1,13,14,0,0,3,2,1,3,3,3,6,490,1,0,30,520,1,4,0,4,520,0,234,754,1,0,1,0,2,1,3,5,6,0,0,0,0,0,0,0,0,0,0,53,0,0,0,0,0,0,0,0,0,6,2006,8,4,84500
120,3,70,4928,1,0,0,3,0,4,0,13,2,2,4,2,6,5,1976,1976,1,1,9,10,0,0,3,3,1,4,3,1,5,120,1,0,958,1078,1,3,1,4,958,0,0,958,0,0,2,0,2,1,3,5,6,1,3,2,1977,2,2,440,3,3,2,0,205,0,0,0,0,0,0,0,0,2,2007,8,4,128000
45,4,55,4388,1,0,0,0,0,4,0,17,1,2,0,1,5,7,1930,1950,1,1,14,14,0,0,3,4,0,3,3,1,2,116,1,0,556,672,1,5,1,4,840,0,0,840,0,0,1,0,3,1,3,5,6,1,3,0,0,0,0,0,0,0,0,0,0,0,0,0,0,0,0,0,0,6,2007,8,4,87000
60,3,69,7590,1,0,3,3,0,4,0,12,4,2,0,5,6,5,1966,1966,1,1,12,13,2,266,3,3,1,3,3,1,4,512,1,0,148,660,1,3,1,4,660,688,0,1348,0,0,1,1,3,1,3,6,6,1,2,2,1966,2,2,453,3,3,2,188,108,0,0,0,0,0,0,0,0,7,2006,8,4,155000
20,3,69,8973,1,0,3,3,0,4,0,12,2,2,0,2,5,7,1958,1991,1,1,9,10,2,85,3,3,1,3,3,1,3,567,4,28,413,1008,1,3,1,0,1053,0,0,1053,0,1,1,1,3,1,0,6,6,0,0,1,1998,2,2,750,3,3,2,0,80,0,180,0,0,0,1,0,0,7,2006,8,0,150000
60,3,88,14200,1,0,3,3,0,0,0,12,2,2,0,5,7,6,1966,1966,1,1,8,8,2,309,3,3,1,3,3,1,3,445,1,0,479,924,1,5,1,4,1216,941,0,2157,0,0,2,1,4,1,2,8,6,2,4,2,1966,1,2,487,3,3,2,105,66,0,0,0,0,0,4,0,0,5,2006,8,4,226000
60,3,70,12224,1,0,0,3,0,0,0,8,2,2,0,5,6,5,2000,2000,1,1,12,13,2,40,4,3,2,4,3,1,6,695,1,0,297,992,1,5,1,4,1022,1032,0,2054,1,0,2,1,3,1,2,7,6,1,3,4,2000,2,2,390,3,3,2,24,48,0,0,0,0,0,0,0,0,7,2009,8,4,244000
20,3,75,7388,1,0,3,3,0,0,0,12,2,2,0,2,5,6,1959,2002,1,1,8,8,0,0,3,3,1,3,3,1,3,405,1,0,658,1063,1,4,1,4,1327,0,0,1327,1,0,1,0,3,1,2,7,6,0,0,6,1974,3,2,624,3,3,2,0,0,0,0,0,0,0,0,0,0,7,2007,8,4,150750
20,3,70,6853,1,0,0,3,0,4,0,23,2,2,0,2,8,5,2001,2002,1,1,12,13,2,136,4,3,2,5,3,1,6,1005,1,0,262,1267,1,5,1,4,1296,0,0,1296,1,0,2,0,2,1,2,6,6,0,0,2,2001,1,2,471,3,3,2,192,25,0,0,0,0,0,0,0,0,6,2009,8,4,220000
20,3,78,10335,1,0,0,3,0,4,0,19,2,2,0,2,5,6,1968,1993,1,1,9,10,0,0,3,3,1,3,3,1,3,570,1,0,891,1461,1,4,1,4,1721,0,0,1721,0,0,2,1,3,1,3,7,2,1,3,2,1968,2,2,440,3,3,2,0,96,180,0,0,0,0,3,0,0,7,2006,8,4,180000
20,3,80,10400,1,0,3,3,0,4,0,14,2,2,0,2,7,6,1970,1970,3,1,9,10,2,288,3,3,2,3,3,1,1,0,1,0,1304,1304,1,4,1,4,1682,0,0,1682,0,0,2,0,3,1,3,7,6,1,4,2,1970,3,2,530,3,3,2,98,0,0,0,0,0,0,3,0,0,5,2008,8,4,174000
20,3,70,10355,1,0,0,3,0,0,0,12,2,2,0,2,5,5,1967,1967,1,1,8,8,2,196,3,3,1,3,3,1,4,695,1,0,519,1214,1,3,1,4,1214,0,0,1214,0,0,2,0,3,1,3,5,6,1,2,2,1967,2,1,318,3,3,2,0,111,0,0,0,0,0,0,0,0,7,2007,8,4,143000
90,3,82,11070,1,0,3,3,0,4,0,11,2,2,2,2,7,5,1988,1989,1,1,12,13,2,70,3,3,1,3,3,1,1,0,1,0,1907,1907,1,4,1,4,1959,0,0,1959,0,0,3,0,5,2,3,9,6,0,0,1,1989,3,3,766,3,3,2,0,0,0,0,0,0,0,0,0,0,7,2006,8,3,171000
60,3,73,9066,1,0,0,3,0,4,0,5,2,2,0,5,8,5,1999,2000,1,1,12,13,2,320,4,3,2,4,3,2,6,668,1,0,336,1004,1,5,1,4,1004,848,0,1852,0,0,2,1,3,1,2,7,6,2,3,2,1999,1,3,660,3,3,2,224,106,0,0,0,0,0,4,0,0,12,2008,8,4,230000
60,3,65,15426,1,0,0,3,0,4,0,5,2,2,0,5,6,5,1997,1997,1,1,12,13,0,0,3,3,2,4,3,1,6,821,1,0,107,928,1,5,1,4,928,836,0,1764,1,0,2,1,3,1,2,7,6,0,0,2,1997,2,2,470,3,3,2,276,99,0,0,0,0,0,3,0,0,8,2009,8,4,231500
20,3,70,10500,1,0,3,3,0,2,0,12,2,2,0,2,4,5,1971,1971,1,1,6,6,0,0,3,3,1,3,3,1,5,432,1,0,432,864,1,3,1,4,864,0,0,864,0,0,1,0,3,1,3,5,6,1,1,0,0,0,0,0,0,0,2,0,0,0,0,0,0,0,0,0,0,4,2010,4,4,115000
20,3,78,11645,1,0,3,3,0,4,0,5,2,2,0,2,7,5,2005,2005,1,1,12,13,0,0,4,3,2,4,3,3,6,1300,1,0,434,1734,1,5,1,4,1734,0,0,1734,1,0,2,0,3,1,2,7,6,0,0,2,2005,1,2,660,3,3,2,160,24,0,0,0,0,0,0,0,0,1,2006,8,4,260000
50,3,71,8520,1,0,3,3,0,0,0,12,0,2,0,0,5,4,1952,1952,1,1,3,14,0,0,3,2,1,3,3,1,3,507,1,0,403,910,1,2,1,4,910,475,0,1385,0,0,2,0,4,1,3,6,6,0,0,6,2000,3,2,720,3,3,2,0,0,0,0,0,0,0,3,0,0,6,2010,8,4,166000
20,3,78,10335,1,0,0,3,0,4,0,5,2,2,0,2,7,5,1999,1999,1,1,12,13,2,183,4,3,2,4,3,4,6,679,1,0,811,1490,1,5,1,4,1501,0,0,1501,1,0,2,0,3,1,2,6,6,0,0,2,1999,2,2,577,3,3,2,144,29,0,0,0,0,0,0,0,0,6,2009,8,4,204000
90,4,70,9100,1,0,3,3,0,4,0,19,5,2,2,2,5,5,1963,1963,1,1,6,6,2,336,3,3,1,3,3,1,3,1332,1,0,396,1728,1,3,1,4,1728,0,0,1728,1,0,2,0,6,2,3,10,6,0,0,6,1963,3,2,504,3,3,2,0,0,0,0,0,0,0,0,0,0,11,2006,4,0,125000
160,4,24,2522,1,0,3,3,0,4,0,7,2,2,3,5,6,5,2004,2006,1,1,12,13,3,50,4,3,2,4,3,1,1,0,1,0,970,970,1,5,1,4,970,739,0,1709,0,0,2,0,3,1,2,7,0,0,0,6,2004,3,2,380,3,3,2,0,40,0,0,0,0,0,0,0,0,4,2006,8,4,130000
30,4,51,6120,1,0,3,3,0,0,0,3,2,2,0,2,5,7,1931,1993,1,1,13,14,0,0,3,3,0,3,3,1,4,209,1,0,506,715,1,3,1,0,875,0,0,875,1,0,1,0,2,1,3,5,6,0,0,6,1931,3,1,180,2,3,2,48,0,0,0,0,0,0,0,0,0,11,2009,8,4,105000
60,3,70,9505,1,0,0,3,0,1,0,8,2,2,0,5,7,5,2001,2001,1,1,12,13,2,180,4,3,2,4,3,1,1,0,1,0,884,884,1,5,1,4,884,1151,0,2035,0,0,2,1,3,1,2,8,6,1,4,4,2001,1,2,434,3,3,2,144,48,0,0,0,0,0,0,0,0,5,2010,8,4,222500
20,3,63,7500,1,0,3,3,0,4,0,20,2,2,0,2,7,5,2004,2005,1,1,12,13,2,120,3,3,2,4,3,1,6,680,1,0,400,1080,1,5,1,4,1080,0,0,1080,1,0,1,0,3,1,2,6,6,0,0,0,0,0,0,0,0,0,2,0,0,0,0,0,0,0,0,0,0,4,2008,8,4,141000
50,4,70,6240,1,0,3,3,0,4,0,3,2,2,0,0,5,4,1936,1950,1,1,8,8,0,0,3,3,0,4,3,1,1,0,1,0,896,896,1,4,1,0,896,448,0,1344,0,0,1,0,3,1,3,7,6,0,0,6,1936,3,1,240,2,3,2,200,114,0,0,0,0,0,0,0,0,4,2006,8,4,115000
20,3,120,10356,1,0,3,3,0,0,0,5,2,2,0,2,5,6,1975,1975,1,1,6,6,0,0,3,3,1,3,3,3,4,716,1,0,253,969,1,3,1,4,969,0,0,969,0,0,1,1,3,1,3,5,6,0,0,2,1975,3,2,440,3,3,2,0,0,0,0,0,0,0,3,0,0,1,2007,8,4,122000
20,3,107,13891,1,0,3,3,0,4,0,16,2,2,0,2,8,5,2007,2008,3,1,12,13,3,436,4,3,2,5,3,4,6,1400,1,0,310,1710,1,5,1,4,1710,0,0,1710,1,0,2,0,2,1,2,6,6,1,4,2,2007,2,3,866,3,3,2,0,102,0,0,0,0,0,0,0,0,1,2008,6,5,372402
60,3,70,14803,1,0,0,3,0,1,0,14,2,2,0,5,6,5,1971,1971,1,1,6,6,2,252,3,3,1,3,3,1,3,416,1,0,409,825,1,4,1,4,1097,896,0,1993,0,0,2,1,4,1,3,8,6,1,4,2,1971,2,2,495,3,3,2,0,66,0,0,0,0,0,2,0,0,6,2006,8,4,190000
20,3,70,13500,1,0,3,3,0,4,0,4,2,2,0,2,6,7,1960,1975,0,1,3,10,0,0,3,3,1,4,3,4,4,429,5,1080,93,1602,1,4,1,4,1252,0,0,1252,1,0,1,0,1,1,3,4,6,1,4,2,1960,2,2,564,3,3,2,409,0,0,0,0,0,0,0,0,0,3,2008,8,4,235000
30,4,84,11340,1,0,3,3,0,0,0,17,2,2,0,2,6,5,1923,1950,1,1,13,14,0,0,3,3,0,3,3,1,1,0,1,0,1200,1200,1,3,1,0,1200,0,0,1200,0,0,1,0,4,1,3,7,6,0,0,6,1923,3,1,312,2,2,2,0,0,228,0,0,0,0,0,0,0,3,2006,8,3,125000
50,3,60,9600,1,0,3,3,0,0,0,7,0,2,0,0,6,5,1924,1950,1,1,13,14,0,0,3,3,0,3,3,1,1,0,1,0,572,572,3,2,0,1,572,524,0,1096,0,0,1,0,2,1,3,5,6,0,0,0,0,0,0,0,0,0,0,0,8,128,0,0,0,0,0,0,0,4,2008,8,4,79000
20,3,60,7200,1,0,3,3,0,4,0,12,2,2,0,2,5,7,1950,1950,3,1,13,14,0,0,3,3,1,0,0,0,0,0,0,0,0,0,1,3,1,1,1040,0,0,1040,0,0,1,0,2,1,3,5,6,0,0,6,1950,3,2,625,3,3,2,0,0,0,0,0,0,0,0,0,0,6,2006,8,4,109500
60,3,92,12003,1,0,3,3,0,0,0,23,2,2,0,5,8,5,2009,2010,1,1,12,13,2,84,4,3,2,5,3,1,1,0,1,0,774,774,1,5,1,4,774,1194,0,1968,0,0,2,1,4,1,0,8,6,1,4,4,2009,1,3,680,3,3,2,0,75,0,0,0,0,0,0,0,0,5,2010,6,5,269500
60,1,100,12552,1,0,3,3,0,0,0,21,2,2,0,5,7,5,2004,2005,1,1,12,13,0,0,4,3,2,4,3,1,6,222,1,0,769,991,1,5,1,4,991,956,0,1947,0,0,2,1,3,1,2,8,6,1,4,2,2004,2,2,678,3,3,2,0,136,0,0,0,0,0,2,0,0,5,2010,8,4,254900
60,3,134,19378,1,0,0,1,0,0,0,8,2,2,0,5,7,5,2005,2006,1,1,12,13,2,456,4,3,2,4,3,2,6,57,1,0,1335,1392,1,5,1,4,1392,1070,0,2462,1,0,2,1,4,1,2,9,6,1,4,2,2006,2,2,576,3,3,2,239,132,0,168,0,0,0,0,0,0,3,2006,6,5,320000
20,3,70,11120,1,0,0,3,0,1,0,24,2,2,0,2,6,6,1984,1984,1,1,9,10,0,0,3,3,2,4,3,1,4,660,1,0,572,1232,1,3,1,4,1232,0,0,1232,0,0,2,0,3,1,3,6,6,0,0,2,1984,3,2,516,3,3,2,0,0,0,0,0,0,0,0,0,0,6,2008,8,4,162500
60,3,110,13688,1,0,0,3,0,4,0,16,2,2,0,5,9,5,2003,2004,1,1,12,13,2,664,4,3,2,5,3,3,6,1016,1,0,556,1572,1,5,1,4,1572,1096,0,2668,1,0,2,1,3,1,0,10,6,2,4,4,2003,1,3,726,3,3,2,400,0,0,0,0,0,0,0,0,0,3,2008,8,4,412500
20,3,95,12182,1,0,3,3,0,0,0,16,2,2,0,2,7,5,2005,2005,1,1,12,13,2,226,4,3,2,4,3,2,4,1201,1,0,340,1541,1,5,1,4,1541,0,0,1541,0,0,2,0,3,1,2,7,6,1,4,2,2005,2,2,532,3,3,2,0,70,0,0,0,0,0,0,0,0,5,2010,6,5,220000
45,3,55,5500,1,0,3,3,0,4,0,17,2,2,0,1,4,6,1956,1956,1,1,8,8,0,0,3,3,1,3,3,1,1,0,1,0,882,882,1,5,1,4,882,0,0,882,0,0,1,0,1,1,3,4,6,0,0,0,0,0,0,0,0,0,2,0,0,0,0,0,0,0,3,0,0,4,2007,8,4,103200
40,4,40,5400,1,2,3,3,0,0,0,17,2,2,0,2,6,7,1926,2004,1,1,8,8,0,0,3,4,0,3,3,2,2,370,1,0,779,1149,1,4,1,0,1149,467,0,1616,0,0,2,0,3,1,2,5,6,0,0,6,1926,3,1,216,3,3,2,0,0,183,0,0,0,0,0,0,0,10,2007,8,4,152000
190,3,62,10106,1,0,3,3,0,4,0,7,2,2,1,0,5,7,1940,1999,1,1,13,14,0,0,3,4,0,3,3,1,5,351,3,181,112,644,1,4,1,4,808,547,0,1355,1,0,2,0,4,2,3,6,6,0,0,0,0,0,0,0,0,0,2,140,0,0,0,0,0,0,0,0,0,9,2008,8,4,127500
20,3,70,10708,1,0,0,3,0,4,0,4,2,2,0,2,5,5,1955,1993,3,1,13,14,0,0,4,3,1,3,3,1,2,379,4,768,470,1617,1,5,1,0,1867,0,0,1867,1,0,1,0,2,1,3,7,6,3,4,2,1955,1,1,303,3,3,2,476,0,0,0,142,0,0,2,0,0,11,2009,0,4,190000
60,3,86,10562,1,0,3,3,0,4,0,16,2,2,0,5,8,5,2007,2007,1,1,12,13,3,300,4,3,2,5,3,1,6,1288,1,0,294,1582,1,5,1,4,1610,551,0,2161,1,0,1,1,3,1,0,8,6,1,4,2,2007,1,3,789,3,3,2,178,120,0,0,0,0,0,0,0,0,11,2007,6,5,325624
60,3,62,8244,1,0,0,3,0,4,0,8,2,2,0,5,7,5,2004,2004,1,1,12,13,0,0,4,3,2,4,3,1,1,0,1,0,840,840,1,5,1,4,840,880,0,1720,0,0,2,1,3,1,2,7,6,1,4,2,2004,1,2,440,3,3,2,100,48,0,0,0,0,0,0,0,0,5,2007,8,4,183500
20,3,70,16669,1,0,0,3,0,0,0,23,2,2,0,2,8,6,1981,1981,3,6,9,10,2,653,4,3,1,4,3,1,1,0,1,0,1686,1686,1,3,1,4,1707,0,0,1707,0,0,2,1,2,1,3,6,6,1,3,2,1981,2,2,511,3,3,2,574,64,0,0,0,0,0,0,0,0,1,2006,8,4,228000
50,4,70,12358,1,0,0,3,0,4,0,17,1,2,0,0,5,6,1941,1950,1,1,8,8,0,0,3,3,1,3,3,1,3,360,1,0,360,720,1,3,1,4,854,0,528,1382,0,0,1,1,2,1,3,7,6,0,0,6,1991,3,2,660,3,3,2,237,0,0,0,0,0,0,0,0,0,5,2007,8,4,128500
20,3,141,31770,1,0,0,3,0,0,0,12,2,2,0,2,6,5,1960,1960,3,1,3,10,3,112,3,3,1,3,4,4,4,639,1,0,441,1080,1,2,1,4,1656,0,0,1656,1,0,1,0,3,1,3,7,6,2,4,2,1960,1,2,528,3,3,1,210,62,0,0,0,0,0,0,0,0,5,2010,8,4,215000
160,3,44,5306,1,0,0,3,0,4,0,22,2,2,4,5,7,7,1987,1987,1,1,6,6,0,0,4,4,2,4,4,1,6,495,3,215,354,1064,1,4,1,4,1064,703,0,1767,1,0,2,0,2,1,2,5,6,1,3,2,1987,2,2,504,4,3,2,441,35,0,0,0,0,0,0,0,0,6,2006,8,4,239000
20,3,80,10197,1,0,0,3,0,4,0,12,2,2,0,2,6,5,1961,1961,1,1,14,15,1,491,3,3,1,3,3,1,5,288,3,374,700,1362,1,3,1,4,1362,0,0,1362,1,0,1,1,3,1,3,6,6,1,3,2,1961,3,2,504,3,3,2,0,20,0,0,0,0,0,0,0,0,6,2008,0,4,163000
20,3,47,12416,1,0,0,3,0,4,0,23,2,2,0,2,6,5,1986,1986,1,1,12,10,3,132,3,3,1,4,2,1,5,1398,2,208,0,1606,1,3,1,4,1651,0,0,1651,1,0,2,0,3,1,3,7,3,1,3,2,1986,1,2,616,3,3,2,192,0,0,0,0,0,0,0,0,0,11,2008,8,4,184000
20,3,84,12615,1,0,3,3,0,0,0,7,2,2,0,2,6,7,1950,2001,1,1,14,15,0,0,3,3,1,3,4,3,5,477,1,0,725,1202,1,3,1,4,2158,0,0,2158,1,0,2,0,4,1,2,7,6,1,4,2,1950,3,2,576,3,3,2,0,29,39,0,0,0,0,3,0,0,6,2007,8,4,243000
60,3,97,10029,1,0,0,3,0,0,0,4,2,2,0,5,6,5,1988,1989,1,1,9,10,2,268,4,3,2,4,3,1,6,831,1,0,320,1151,1,3,1,4,1164,896,0,2060,0,1,2,1,4,1,3,8,6,1,3,2,1988,3,2,521,3,3,2,0,228,0,0,192,0,0,0,0,0,9,2007,8,4,211000
50,3,70,13650,1,0,3,3,0,4,0,19,2,2,0,0,5,5,1958,1958,1,1,8,8,0,0,4,4,1,3,3,1,5,57,4,441,554,1052,1,5,1,4,1252,668,0,1920,1,0,2,0,4,1,2,8,6,1,4,2,1958,3,2,451,3,3,2,0,0,0,0,0,0,0,0,0,0,7,2006,8,4,172500
20,3,63,17423,1,0,0,3,0,1,0,22,2,2,0,2,9,5,2008,2009,3,1,12,13,3,748,5,3,2,5,3,1,6,1904,1,0,312,2216,1,5,1,4,2234,0,0,2234,1,0,2,0,1,1,0,9,6,1,4,2,2009,1,3,1166,3,3,2,0,60,0,0,0,0,0,0,0,0,7,2009,6,5,501837
30,4,60,8520,1,0,3,3,0,4,0,17,2,2,0,2,5,6,1923,2006,1,1,13,14,0,0,4,3,1,3,3,1,1,0,1,0,968,968,1,3,1,4,968,0,0,968,0,0,1,0,2,1,3,5,6,0,0,6,1935,3,2,480,2,3,0,0,0,184,0,0,0,0,0,0,0,7,2007,8,4,100000
160,1,70,2117,1,0,3,3,0,4,0,21,2,2,3,5,6,5,2000,2000,1,1,8,8,2,456,4,3,2,4,3,1,6,436,1,0,320,756,1,5,1,4,769,756,0,1525,0,0,2,1,3,1,2,5,6,1,3,6,2000,3,2,440,3,3,2,0,0,0,0,0,0,0,0,0,0,6,2007,8,4,177000
70,3,54,7588,1,0,3,3,0,4,0,6,2,2,0,5,7,6,1920,1950,1,1,11,12,0,0,3,3,0,2,3,1,2,352,1,0,441,793,1,4,1,4,901,901,0,1802,0,0,1,1,4,1,3,9,6,1,4,6,1920,3,1,216,2,3,2,0,0,40,0,0,0,0,0,0,0,7,2006,8,4,200100
20,3,60,9060,1,0,3,3,0,4,0,7,0,2,0,2,5,6,1957,2006,3,1,13,14,2,98,3,3,2,0,0,0,0,0,0,0,0,0,1,5,1,4,1340,0,0,1340,0,0,1,0,3,1,3,7,6,1,4,2,1957,2,1,252,3,3,2,116,0,0,180,0,0,0,3,0,0,6,2007,8,4,120000
50,4,63,11426,1,0,3,3,0,4,0,17,2,2,0,0,7,5,2003,2003,1,1,12,13,0,0,3,3,2,4,3,1,1,0,1,0,1362,1362,1,5,1,4,1362,720,0,2082,0,0,2,1,3,1,2,6,4,0,0,6,2003,3,2,484,3,3,0,280,238,0,0,0,0,0,0,0,0,6,2008,8,4,200000
50,3,92,7438,1,0,0,3,0,4,0,3,6,1,0,0,5,8,1908,1991,1,1,0,10,0,0,3,3,2,2,3,1,1,0,1,0,504,504,1,4,1,4,936,316,0,1252,0,0,1,0,3,1,3,5,6,0,0,2,1986,3,2,576,3,3,2,104,0,0,0,0,0,0,3,0,0,6,2006,8,4,127000
75,4,90,22950,1,0,1,3,0,4,0,17,0,2,0,3,10,9,1892,1993,1,7,13,14,0,0,4,4,0,3,3,2,1,0,1,0,1107,1107,1,5,1,4,1518,1518,572,3608,0,0,2,1,4,1,0,12,6,2,3,6,1993,3,3,840,5,3,2,0,260,0,0,410,0,0,4,0,0,6,2006,8,4,475000
80,3,70,9947,1,0,0,3,0,1,0,11,2,2,0,7,7,5,1990,1991,1,1,6,6,0,0,3,3,2,4,3,3,6,611,1,0,577,1188,1,5,1,4,1217,0,0,1217,1,0,2,0,3,1,2,6,6,0,0,2,1990,3,2,497,3,3,2,168,27,0,0,0,0,0,4,0,0,6,2009,8,4,173000
50,3,60,10410,1,0,3,3,0,4,0,17,2,2,0,0,5,7,1916,1987,1,1,6,6,0,0,3,3,1,2,3,1,1,0,1,0,660,660,1,5,1,4,808,704,144,1656,0,0,2,1,3,1,3,8,3,0,0,6,1916,3,1,180,2,2,0,0,0,0,140,0,0,0,3,0,0,8,2009,8,4,135000
90,3,64,7018,1,0,3,0,0,4,0,20,1,2,2,6,5,5,1979,1979,1,1,9,10,3,275,3,3,1,4,3,3,6,1086,1,0,0,1086,1,3,1,4,1224,0,0,1224,2,0,0,2,2,2,3,6,6,2,3,6,1979,3,2,528,3,3,2,120,0,0,0,0,0,0,0,0,0,6,2009,8,2,153337
120,3,41,4923,1,0,3,3,0,4,0,22,2,2,4,2,8,5,2001,2002,1,1,5,5,0,0,4,3,2,5,3,3,6,1153,1,0,440,1593,1,5,1,4,1593,0,0,1593,1,0,1,1,0,1,0,5,6,1,4,2,2001,1,2,682,3,3,2,0,120,0,0,224,0,0,0,0,0,8,2008,8,4,286000
70,3,70,10570,1,0,3,0,0,4,1,6,2,2,0,5,8,8,1932,1994,3,1,3,3,0,0,4,3,1,4,4,1,3,297,1,0,556,853,1,3,1,4,1549,1178,0,2727,0,0,2,1,3,1,2,10,0,2,3,6,1932,3,2,440,3,3,2,0,74,0,0,0,0,0,0,0,0,12,2007,8,4,315000
60,3,70,7472,1,0,0,3,0,1,0,12,2,2,0,5,7,9,1972,2004,1,1,6,6,2,138,3,3,1,3,3,1,5,626,1,0,99,725,1,4,1,4,725,754,0,1479,1,0,1,1,4,1,2,7,6,0,0,2,1972,1,2,484,3,3,2,0,32,0,0,0,0,0,0,0,0,6,2007,8,4,184000
20,3,68,9017,1,0,0,3,0,4,0,5,2,2,0,2,7,5,1999,1999,1,1,12,13,0,0,4,3,2,4,3,3,6,560,1,0,871,1431,1,5,1,4,1431,0,0,1431,1,0,2,0,3,1,2,6,6,0,0,2,1999,1,2,666,3,3,2,0,35,0,0,0,0,0,0,0,0,9,2009,8,4,192000
160,4,24,2522,1,0,3,3,0,4,0,7,2,2,3,5,7,5,2004,2004,1,1,12,13,3,50,4,3,2,4,3,1,1,0,1,0,970,970,1,5,1,4,970,739,0,1709,0,0,2,0,3,1,2,7,0,0,0,6,2004,3,2,380,3,3,2,0,40,0,0,0,0,0,0,0,0,5,2006,8,4,130000
20,3,60,7180,1,0,0,3,0,4,0,5,2,2,0,2,5,7,1972,1972,3,1,6,6,0,0,3,3,1,3,3,3,5,390,1,0,474,864,1,3,1,4,864,0,0,864,0,0,1,0,3,1,3,5,6,0,0,6,1989,3,1,352,3,3,2,0,0,0,0,0,0,0,0,0,0,5,2008,8,4,127000
160,3,24,2280,1,0,3,3,0,2,0,13,2,2,3,5,6,6,1976,1976,1,1,9,2,0,0,3,3,1,4,3,1,5,566,1,0,289,855,1,3,1,4,855,601,0,1456,0,0,2,1,3,1,3,7,6,1,3,2,1976,3,2,440,3,3,2,87,0,0,0,0,0,0,0,0,0,7,2009,8,4,148500
20,3,79,9416,1,0,3,3,0,4,0,21,2,2,0,2,7,5,2007,2007,3,1,5,5,3,205,5,3,2,5,3,1,6,1126,1,0,600,1726,1,5,1,4,1726,0,0,1726,1,0,2,0,3,1,0,8,6,1,4,2,2007,1,3,786,3,3,2,171,138,0,0,266,0,0,0,0,0,9,2007,6,5,311872
75,3,174,25419,1,0,3,3,0,0,0,12,0,2,0,5,8,4,1918,1990,1,1,11,12,0,0,4,4,2,3,3,1,6,1036,2,184,140,1360,1,4,1,4,1360,1360,392,3112,1,1,2,0,4,1,2,8,6,1,5,6,1918,3,2,795,3,3,2,0,16,552,0,0,512,4,4,0,0,3,2006,8,0,235000
75,4,92,5520,1,0,3,3,0,0,0,17,2,2,0,3,6,6,1912,1950,1,1,13,14,0,0,3,3,1,3,3,1,1,0,1,0,755,755,1,5,1,4,929,929,371,2229,0,0,1,0,5,1,3,8,6,0,0,0,0,0,0,0,0,0,2,0,198,30,0,0,0,0,3,0,0,7,2009,8,0,104000
20,3,76,9591,1,0,3,3,0,4,0,16,2,2,0,2,8,5,2004,2005,3,1,12,13,2,262,4,3,2,5,3,3,6,1088,1,0,625,1713,1,5,1,4,1713,0,0,1713,1,0,2,0,3,1,0,7,6,1,4,2,2004,1,3,856,3,3,2,0,26,0,0,170,0,0,0,0,0,1,2009,8,4,274900
20,4,80,8546,1,0,3,3,0,0,0,7,2,2,0,2,4,5,2003,2004,1,1,12,13,0,0,3,3,2,4,3,1,1,0,1,0,1121,1121,1,5,1,4,1121,0,0,1121,0,0,2,0,2,1,3,5,6,0,0,2,2003,2,2,440,3,3,2,132,64,0,0,0,0,0,0,0,0,3,2010,8,4,140000
20,3,75,10125,1,0,3,3,0,4,0,11,2,2,0,2,6,6,1977,1977,1,1,9,10,0,0,3,3,1,3,3,1,5,641,2,279,276,1196,1,3,1,4,1279,0,0,1279,0,1,2,0,3,1,3,6,6,2,2,6,1980,3,2,473,3,3,2,238,83,0,0,0,0,0,3,0,0,2,2008,8,4,171500
50,3,50,7000,1,0,3,3,0,0,0,17,0,2,0,0,6,6,1924,1950,1,1,8,8,0,0,3,4,0,2,3,1,2,617,1,0,0,617,1,4,1,4,865,445,0,1310,0,0,2,0,2,1,3,6,2,0,0,2,1924,3,1,398,3,3,2,0,0,126,0,0,0,0,0,0,0,5,2006,0,4,112000
120,4,70,4438,1,0,3,3,0,4,0,5,2,2,4,2,6,5,2004,2004,1,1,12,13,2,205,4,3,2,4,3,3,6,662,1,0,186,848,1,5,1,4,848,0,0,848,1,0,1,0,1,1,2,3,6,1,4,2,2004,2,2,420,3,3,2,149,0,0,0,0,0,0,0,0,0,1,2008,8,4,149000
50,4,50,3500,1,1,3,3,0,4,0,17,2,2,0,0,5,7,1947,1950,1,1,0,0,0,0,3,3,1,3,3,1,2,312,1,0,408,720,1,3,1,4,720,564,0,1284,0,0,1,1,2,1,3,5,6,0,0,6,1948,3,1,240,3,3,2,0,35,0,0,0,0,0,1,0,0,4,2009,8,4,110000
20,3,99,11851,1,0,3,3,0,0,0,8,2,2,0,2,7,5,1990,1990,1,1,6,6,0,0,3,3,2,4,3,1,1,0,1,0,1424,1424,1,5,1,4,1442,0,0,1442,0,0,2,0,3,1,3,5,6,0,0,2,1990,2,2,500,3,3,2,0,34,0,508,0,0,0,0,0,0,5,2009,8,4,180500
20,3,40,13673,1,0,0,3,0,1,0,19,5,2,0,2,5,5,1962,1962,1,1,6,6,0,0,3,4,1,3,3,1,1,0,1,0,1140,1140,1,3,1,4,1696,0,0,1696,0,0,1,1,3,1,3,8,3,1,3,2,1962,2,1,349,3,3,2,0,30,0,0,0,0,0,0,0,0,3,2007,8,4,143900
20,3,70,12493,1,0,0,3,0,4,0,12,2,2,0,2,4,5,1960,1960,1,1,13,14,0,0,3,3,2,3,3,1,5,419,3,306,375,1100,1,3,1,4,1100,0,0,1100,1,0,1,0,3,1,3,6,6,1,1,2,1960,2,1,312,3,3,2,355,0,0,0,0,0,0,2,0,0,4,2008,8,4,141000
60,3,70,14364,1,0,0,2,0,4,1,20,2,2,0,5,7,5,1988,1989,1,1,9,10,2,128,4,3,1,4,3,4,6,1065,1,0,92,1157,1,5,1,4,1180,882,0,2062,1,0,2,1,3,1,3,7,6,1,4,2,1988,1,2,454,3,3,2,60,55,0,0,154,0,0,0,0,0,4,2007,8,4,277000
20,3,75,8250,1,0,3,3,0,4,0,12,2,2,0,2,6,7,1964,1964,3,1,6,6,3,260,3,3,1,4,3,1,3,787,1,0,305,1092,1,5,1,4,1092,0,0,1092,1,0,1,0,3,1,3,6,6,0,0,2,1964,2,2,504,3,4,2,0,0,0,0,0,0,0,3,0,0,7,2008,8,4,145000
30,3,67,5604,1,0,3,3,0,4,0,7,2,2,0,2,5,6,1925,1950,1,1,11,12,0,0,3,3,1,3,3,1,3,468,1,0,396,864,1,3,0,0,864,0,0,864,1,0,1,0,2,1,3,5,6,0,0,0,0,0,0,0,0,0,2,0,0,96,0,0,0,0,0,0,0,4,2008,8,4,98000
20,3,83,10420,1,0,3,3,0,0,0,7,2,2,0,2,6,5,2009,2009,1,1,12,13,0,0,3,3,2,4,3,2,6,36,1,0,1176,1212,1,5,1,4,1212,0,0,1212,0,0,2,0,3,1,2,6,6,0,0,2,2009,2,2,460,3,3,2,100,22,0,0,0,0,0,0,0,0,3,2010,8,4,186000
60,1,72,8640,1,0,3,3,0,4,0,21,2,2,0,5,7,5,2009,2009,1,1,12,13,0,0,3,3,2,4,3,1,6,822,1,0,78,900,1,5,1,4,932,920,0,1852,1,0,2,1,3,1,2,7,6,1,3,2,2009,2,2,644,3,3,2,168,108,0,0,0,0,0,0,0,0,7,2009,6,5,252678
20,3,43,13568,1,0,1,3,0,1,0,5,2,2,0,2,5,5,1995,1995,1,1,12,13,0,0,3,3,2,4,3,1,5,716,1,0,274,990,1,5,1,4,990,0,0,990,0,1,1,0,3,1,3,5,6,0,0,2,1996,3,2,576,3,3,2,224,0,0,0,0,0,0,0,0,0,7,2006,8,4,156000
60,3,70,10900,1,0,0,3,0,2,0,5,2,2,0,5,6,7,1977,1977,1,1,6,6,2,153,3,3,1,4,3,1,6,378,1,0,311,689,1,5,1,4,689,703,0,1392,0,0,1,1,3,1,3,6,6,0,0,2,1977,1,1,299,3,3,2,0,36,0,0,0,0,0,3,1,450,3,2010,8,4,161750
20,3,72,10011,1,0,0,3,0,4,0,12,2,2,0,2,5,6,1957,1996,1,1,6,6,2,64,3,3,1,3,3,1,4,360,1,0,710,1070,1,3,1,4,1236,0,0,1236,0,1,1,0,2,1,2,6,2,1,2,2,1957,3,1,447,3,3,2,0,0,0,0,0,0,0,3,0,0,5,2006,8,4,134450
20,3,65,8450,1,0,3,3,0,4,0,5,2,2,0,2,7,5,2004,2004,1,1,12,13,2,266,4,3,2,4,3,2,6,946,1,0,490,1436,1,5,1,4,1436,0,0,1436,1,0,2,0,3,1,2,8,6,0,0,2,2004,3,2,484,3,3,2,139,98,0,0,0,0,0,0,0,0,4,2008,8,4,210000
70,4,57,9906,1,1,3,3,0,4,0,17,2,2,0,5,4,4,1925,1950,1,1,8,8,0,0,3,3,1,3,3,1,1,0,1,0,686,686,1,2,0,4,810,518,0,1328,0,0,1,0,3,1,3,8,6,0,0,6,1940,3,1,210,3,3,2,0,172,60,0,0,0,0,0,0,0,9,2006,8,3,107000
50,3,70,15660,1,0,0,3,0,0,0,6,2,2,0,0,7,9,1939,2006,1,1,12,13,2,312,4,4,1,3,3,1,4,341,1,0,457,798,1,5,1,4,1137,817,0,1954,0,1,1,1,3,1,2,8,6,2,3,2,1939,3,2,431,3,3,2,0,119,150,0,0,0,0,0,0,0,5,2008,8,4,311500
120,3,43,3010,1,0,3,3,0,4,0,0,2,2,4,2,7,5,2005,2006,1,1,12,13,2,16,4,3,2,4,3,3,6,16,1,0,1232,1248,1,5,1,4,1248,0,0,1248,0,0,2,0,2,1,2,5,6,0,0,2,2005,1,2,438,3,3,2,108,0,0,0,0,0,0,0,0,0,3,2006,6,5,167240
20,3,73,8990,1,0,0,3,0,4,0,5,2,2,0,2,7,5,2006,2006,1,1,12,13,0,0,4,3,2,4,3,2,1,0,1,0,1498,1498,1,5,1,4,1498,0,0,1498,0,0,2,0,2,1,2,5,6,0,0,2,2006,2,2,675,3,3,2,351,33,0,0,0,0,0,0,0,0,4,2006,6,5,204900
60,3,70,8068,1,0,0,3,0,4,0,8,2,2,0,5,6,5,2002,2002,1,1,12,13,0,0,4,3,2,4,3,1,1,0,1,0,1010,1010,1,5,1,4,1010,1257,0,2267,0,0,2,1,4,1,2,8,6,1,3,4,2002,2,2,390,3,3,2,120,46,0,0,0,0,0,0,0,0,12,2009,4,4,200000
60,3,85,11475,1,0,3,3,0,4,0,14,6,2,0,5,6,6,1975,1975,1,1,12,13,0,0,3,3,1,4,3,1,5,550,1,0,163,713,1,3,1,4,811,741,0,1552,1,0,2,1,3,1,3,6,6,1,3,2,1975,2,2,434,3,3,2,209,208,0,0,0,0,0,3,0,0,2,2006,8,4,179900
20,3,70,10500,1,0,3,3,0,2,0,12,2,2,0,2,4,6,1971,1971,1,1,6,6,0,0,3,3,1,3,3,1,5,524,2,180,160,864,1,4,1,4,864,0,0,864,0,0,1,0,2,1,3,4,6,0,0,6,1989,3,2,576,3,3,2,216,0,0,0,0,0,0,0,0,0,3,2009,8,0,97000
20,3,103,13472,1,0,3,3,0,4,0,16,2,2,0,2,10,5,2003,2003,3,1,12,13,2,922,5,3,2,5,3,4,6,56,1,0,2336,2392,1,5,1,4,2392,0,0,2392,0,0,2,0,3,1,0,8,6,1,5,2,2003,1,3,968,3,3,2,248,105,0,0,0,0,0,0,0,0,6,2009,8,4,386250
160,4,21,1680,1,0,3,3,0,4,0,2,2,2,3,5,5,5,1971,1971,1,1,6,6,2,142,3,3,1,3,3,1,1,0,1,0,630,630,1,3,1,4,630,672,0,1302,0,0,2,1,3,1,3,6,6,0,0,6,1991,3,1,280,3,3,2,0,0,0,0,0,0,0,0,0,0,5,2009,0,0,112000
60,3,82,9950,1,0,0,3,0,4,0,15,2,2,0,5,7,5,1995,1995,1,1,12,13,2,290,4,3,2,4,3,1,6,565,1,0,638,1203,1,5,1,4,1214,1306,0,2520,0,0,2,1,4,1,2,9,6,1,3,2,1995,2,3,721,3,3,2,224,114,0,0,0,0,0,0,0,0,6,2007,8,0,290000
160,4,21,1869,1,0,3,3,0,4,0,2,2,2,3,5,6,6,1970,1970,1,1,6,6,2,127,3,3,1,3,3,1,3,321,1,0,162,483,1,3,1,4,483,504,0,987,0,0,1,1,2,1,3,5,6,0,0,6,1987,3,1,280,3,3,2,0,0,0,0,0,0,0,0,0,0,9,2008,8,4,106000
20,3,70,8521,1,0,3,3,0,2,0,19,1,2,0,2,5,5,1967,1967,1,1,6,6,0,0,3,3,1,3,3,1,5,842,1,0,70,912,1,3,1,4,912,0,0,912,0,0,1,0,3,1,3,5,6,1,2,6,1974,3,1,336,3,3,2,0,0,0,0,0,0,0,3,0,0,5,2010,8,4,125000
120,3,43,3182,1,0,3,3,0,4,0,0,2,2,4,2,7,5,2005,2006,1,1,12,13,2,16,4,3,2,4,3,3,6,16,1,0,1357,1373,1,5,1,4,1555,0,0,1555,0,0,2,0,2,1,2,7,6,1,3,2,2005,1,2,430,3,3,2,143,20,0,0,0,0,0,0,0,0,5,2009,8,4,192500
20,3,73,8760,1,0,3,3,0,4,0,12,2,2,0,2,6,6,1959,1959,3,1,8,8,2,220,3,3,1,3,3,1,1,0,1,0,1194,1194,1,3,1,4,1194,0,0,1194,1,0,1,0,3,1,3,6,6,0,0,2,1959,2,1,312,3,3,2,0,0,120,0,0,0,0,0,0,0,4,2010,8,4,148000
60,3,174,15138,1,0,0,3,0,4,0,15,2,2,0,5,8,5,1995,1996,1,1,12,13,2,506,4,3,2,4,3,1,6,689,1,0,773,1462,1,5,1,4,1490,1304,0,2794,1,0,2,1,4,1,0,9,6,1,3,2,1995,1,3,810,3,3,2,0,146,202,0,0,0,0,0,0,0,7,2009,8,4,403000
160,4,21,1680,1,0,3,3,0,4,0,2,2,2,3,5,6,5,1972,1972,1,1,6,6,2,297,3,3,1,3,3,1,1,0,1,0,483,483,1,3,1,4,483,504,0,987,0,0,1,1,2,1,3,5,6,1,1,2,1972,3,1,288,3,3,2,0,0,0,0,0,0,0,0,0,0,6,2006,8,4,94500
20,3,75,10650,1,0,3,3,0,0,0,5,2,2,0,2,5,6,1976,1976,1,1,6,6,0,0,3,3,1,3,4,3,2,182,5,712,0,894,1,3,1,4,894,0,0,894,1,0,1,0,3,1,3,5,6,0,0,2,1976,3,1,308,3,3,2,365,0,0,0,0,0,0,3,0,0,2,2010,8,4,128200
60,3,70,7851,1,0,3,3,0,4,0,8,2,2,0,5,6,5,2002,2002,1,1,12,13,0,0,4,3,2,4,3,1,6,625,1,0,235,860,1,5,1,4,860,1100,0,1960,1,0,2,1,4,1,2,8,6,2,3,4,2002,1,2,440,3,3,2,288,48,0,0,0,0,0,0,0,0,5,2010,8,4,216500
160,4,21,1680,1,0,3,3,0,4,0,2,2,2,4,5,6,3,1971,1971,1,1,6,6,2,604,3,3,1,3,3,1,5,358,1,0,125,483,1,3,1,4,483,504,0,987,0,0,1,1,2,1,3,5,6,0,0,6,1971,3,1,264,3,3,2,0,0,0,0,0,0,0,0,0,0,8,2008,8,4,89500
20,3,65,8773,1,0,3,3,0,2,0,5,2,2,0,2,7,5,2004,2004,1,1,12,13,2,98,4,3,2,4,3,3,6,24,1,0,1390,1414,1,5,1,4,1414,0,0,1414,0,0,2,0,3,1,2,6,6,0,0,2,2004,2,2,494,3,3,2,132,105,0,0,0,0,0,0,0,0,5,2010,8,4,185500
60,3,70,9453,1,0,0,3,0,1,0,20,7,2,0,5,7,7,1993,2003,1,1,6,6,0,0,4,3,2,4,3,1,4,402,1,0,594,996,1,5,1,4,1014,730,0,1744,0,0,2,1,3,1,2,7,6,0,0,2,1993,2,2,457,3,3,2,370,70,0,238,0,0,0,0,0,0,2,2010,8,4,194500
20,3,93,12030,1,0,3,3,0,4,0,16,2,2,0,2,8,5,2007,2007,3,1,12,13,2,254,5,3,2,5,3,1,1,0,1,0,1694,1694,1,5,1,4,1694,0,0,1694,0,0,2,0,3,1,2,7,6,0,0,2,2007,1,3,818,3,3,2,168,228,0,0,0,0,0,0,0,0,12,2007,6,5,318000
50,3,52,8741,1,0,3,3,0,4,0,7,2,2,0,0,6,4,1945,1950,1,1,12,13,0,0,3,3,1,3,2,1,2,94,1,0,641,735,1,3,1,0,798,689,0,1487,0,0,1,1,3,1,3,7,6,1,4,6,1949,3,1,220,3,3,2,0,140,0,0,0,0,0,3,0,0,4,2010,8,4,113000
20,1,75,9000,1,0,3,3,0,4,0,21,2,2,0,2,8,5,2008,2008,1,1,12,13,3,36,4,3,2,4,3,3,6,1078,1,0,488,1566,1,5,1,4,1566,0,0,1566,1,0,2,0,3,1,2,7,6,0,0,2,2008,2,2,750,3,3,2,144,168,0,0,0,0,0,0,0,0,4,2010,8,4,262500
30,4,40,3880,1,0,3,3,0,4,0,17,2,2,0,2,5,9,1945,1997,1,1,12,13,0,0,3,4,1,3,3,1,5,329,1,0,357,686,1,4,1,4,866,0,0,866,0,0,1,0,2,1,2,4,6,0,0,0,0,0,0,0,0,0,2,58,42,0,0,0,0,0,0,0,0,8,2007,8,4,110500
50,4,63,5000,1,0,3,3,0,0,0,17,2,2,0,0,5,4,1900,1950,1,1,13,14,0,0,3,3,0,3,3,1,1,0,1,0,540,540,1,4,0,0,889,551,0,1440,0,0,1,0,3,1,3,6,6,0,0,2,1940,3,1,352,2,3,2,0,0,77,0,0,0,0,0,0,0,4,2006,8,4,79000
160,3,75,10762,1,0,3,3,0,0,0,20,2,2,4,5,6,6,1980,1980,1,1,9,10,0,0,3,3,1,4,3,1,1,0,1,0,626,626,1,3,1,4,626,591,0,1217,0,0,1,1,3,1,3,6,6,1,3,2,1980,2,1,288,3,3,2,0,28,0,0,0,0,0,0,0,0,4,2009,8,4,120000
60,3,70,8880,1,0,0,3,0,4,0,20,2,2,0,5,7,5,1994,2002,1,1,12,13,0,0,4,3,2,4,3,1,6,695,1,0,253,948,1,5,1,4,1222,888,0,2110,1,0,2,1,3,1,2,8,6,2,2,2,1994,2,2,463,3,3,2,0,130,0,0,0,0,0,0,0,0,5,2010,8,4,205000
20,3,80,10400,1,0,3,3,0,4,0,14,2,2,0,2,7,5,1988,1988,1,1,13,14,2,102,3,3,1,4,3,3,6,929,1,0,916,1845,1,4,1,4,1872,0,0,1872,0,1,2,0,3,1,3,6,6,1,3,2,1988,1,2,604,3,3,2,197,39,0,0,0,0,0,0,0,0,6,2006,8,4,241500
190,4,69,9142,1,1,3,3,0,4,0,17,2,2,1,5,6,8,1910,1950,1,1,0,0,0,0,3,2,4,2,3,1,1,0,1,0,1020,1020,1,4,0,2,908,1020,0,1928,0,0,2,0,4,2,1,9,6,0,0,6,1910,3,1,440,1,1,2,0,60,112,0,0,0,0,0,0,0,4,2006,8,4,137000
20,3,75,11310,1,0,3,3,0,4,0,12,2,2,0,2,6,5,1954,1954,3,1,13,3,0,0,3,3,1,3,3,1,1,0,1,0,1367,1367,1,5,1,4,1375,0,0,1375,0,0,1,0,2,1,3,5,6,1,3,2,1954,3,2,451,3,3,2,0,30,0,0,0,0,0,0,0,0,6,2006,8,4,140000
60,3,72,11317,1,0,3,3,0,4,0,5,2,2,0,5,7,5,2003,2003,1,1,12,13,2,101,4,3,2,4,3,1,1,0,1,0,840,840,1,5,1,4,840,828,0,1668,0,0,2,1,3,1,2,8,6,0,0,2,2003,2,2,500,3,3,2,144,68,0,0,0,0,0,0,0,0,9,2007,8,4,180000
50,3,70,159000,1,0,1,2,0,1,2,4,2,2,0,0,6,7,1958,2006,1,1,13,6,1,472,4,3,1,4,3,4,3,697,1,0,747,1444,1,4,1,4,1444,700,0,2144,0,1,2,0,4,1,2,7,6,2,3,2,1958,1,2,389,3,3,2,0,98,0,0,0,0,0,0,1,500,6,2007,8,4,277000
30,3,55,5350,1,0,0,3,0,4,0,3,2,2,0,2,3,2,1940,1966,1,1,13,10,0,0,3,1,1,3,3,1,1,0,1,0,728,728,1,5,1,4,1306,0,0,1306,0,0,1,0,3,1,1,6,4,0,0,0,0,0,0,0,0,0,2,263,0,0,0,0,0,0,2,1,450,5,2010,8,4,76500
120,4,44,4750,1,0,0,1,0,4,1,6,2,2,4,2,8,5,2006,2007,3,1,12,13,3,481,4,3,2,4,3,4,6,1573,1,0,0,1573,1,5,1,4,1625,0,0,1625,1,1,2,0,2,1,2,5,6,1,4,2,2006,1,2,538,3,3,2,123,0,0,0,153,0,0,0,0,0,12,2007,8,3,235000
60,3,65,8366,1,0,0,3,0,4,0,20,2,2,0,5,6,5,2004,2004,1,1,12,13,0,0,4,3,2,4,3,1,1,0,1,0,798,798,1,5,1,4,798,842,0,1640,0,0,2,1,3,1,2,6,6,0,0,2,2004,2,2,520,3,3,2,138,45,0,0,0,0,0,0,0,0,12,2008,8,4,173000
80,3,85,9350,1,0,3,3,0,4,0,12,2,2,0,7,6,7,1964,1991,3,1,6,6,2,108,3,3,1,4,3,4,2,270,5,580,452,1302,1,5,1,4,1302,0,0,1302,0,1,2,0,3,1,2,7,2,0,0,2,1964,2,1,309,3,3,2,333,0,0,0,0,0,0,3,0,0,10,2007,1,4,158000
20,3,70,8400,1,0,3,3,0,4,0,12,2,2,0,2,5,6,1957,1957,1,1,8,8,0,0,3,4,1,3,3,1,3,922,1,0,392,1314,1,3,1,4,1314,0,0,1314,1,0,1,0,3,1,3,5,6,0,0,2,1957,2,1,294,3,3,2,250,0,0,0,0,0,0,0,0,0,6,2010,8,4,145000
60,3,66,8738,1,0,0,3,0,4,0,8,2,2,0,5,7,5,1999,1999,1,1,12,13,2,302,4,3,2,4,3,1,1,0,1,0,975,975,1,5,1,4,1005,1286,0,2291,0,0,2,1,4,1,2,8,6,1,3,4,1999,1,2,429,3,3,2,192,0,0,0,0,0,0,0,0,0,2,2006,8,4,230000
60,1,64,8791,1,0,0,3,0,4,0,21,2,2,0,5,6,5,2003,2003,1,1,12,13,0,0,4,3,2,4,3,1,3,503,1,0,361,864,1,5,1,4,864,864,0,1728,0,0,2,1,3,1,2,7,6,0,0,2,2003,2,2,673,3,3,2,216,56,0,0,0,0,0,0,0,0,5,2008,8,4,207500
20,3,68,8814,1,0,3,3,0,4,0,5,2,2,0,2,7,5,2006,2006,1,1,12,13,3,180,4,3,2,4,3,1,6,1334,1,0,270,1604,1,5,1,4,1604,0,0,1604,1,0,2,1,3,1,2,8,6,1,4,2,2006,2,2,660,3,3,2,123,110,0,0,0,0,0,0,0,0,3,2009,8,0,220000
60,3,80,12435,1,0,3,3,0,4,0,5,2,2,0,5,7,5,2001,2001,1,1,12,13,2,172,4,3,2,4,3,1,6,361,1,0,602,963,1,5,1,4,963,829,0,1792,0,0,2,1,3,1,2,7,6,1,3,2,2001,2,2,564,3,3,2,0,96,0,245,0,0,0,0,0,0,5,2008,8,4,231500
20,4,70,12702,1,0,3,3,0,4,0,17,2,2,0,2,5,5,1956,1956,1,1,3,3,0,0,3,3,2,0,0,0,0,0,0,0,0,0,1,4,1,0,882,0,0,882,0,0,1,0,2,1,3,4,6,0,0,6,1956,3,1,308,3,3,2,0,45,0,0,0,0,0,0,0,0,12,2008,8,4,97000
80,3,120,19296,1,0,3,3,0,0,0,12,0,2,0,7,6,5,1962,1962,1,1,13,14,2,399,3,3,1,3,3,4,3,672,5,690,0,1362,1,3,1,4,1382,0,0,1382,1,0,1,0,3,1,3,6,6,1,3,2,1991,3,2,884,3,3,2,0,0,252,0,0,0,0,2,0,0,5,2009,8,4,176000
60,3,69,9588,1,0,0,3,0,4,0,5,2,2,0,5,8,5,2007,2007,1,1,5,5,3,270,4,3,2,5,3,1,1,0,1,0,1482,1482,1,5,1,4,1482,1092,0,2574,0,0,2,1,3,1,0,10,6,1,4,4,2007,1,3,868,3,3,2,0,148,0,0,0,0,0,0,0,0,11,2007,6,5,276000
80,3,88,8471,1,0,0,3,0,0,0,19,2,2,0,7,6,7,1977,1995,1,1,6,10,2,46,3,3,1,4,4,3,5,506,1,0,0,506,1,3,1,4,1212,0,0,1212,1,0,1,0,3,1,3,6,6,1,3,2,1978,3,2,492,3,3,2,292,12,0,0,0,0,0,2,0,0,7,2006,8,4,151000
50,4,50,5500,1,0,3,3,0,0,0,17,2,2,0,0,5,7,1929,2001,1,1,13,14,0,0,3,3,0,3,3,1,2,234,5,692,0,926,1,3,1,4,926,0,390,1316,1,0,1,0,3,1,3,6,6,0,0,6,1974,3,2,484,3,3,2,0,0,0,0,0,0,0,0,0,0,4,2010,8,4,130000
30,4,30,5232,1,1,2,0,0,4,0,17,0,2,0,2,5,5,1925,2004,1,1,13,14,0,0,3,3,0,2,3,1,1,0,1,0,680,680,1,4,0,2,764,0,0,764,0,0,1,0,2,1,3,4,6,0,0,6,1965,3,2,504,3,3,0,0,0,0,0,0,0,0,0,0,0,6,2008,8,4,73000
20,3,78,12090,1,0,0,3,0,4,0,14,2,2,0,2,6,6,1981,1981,1,1,8,8,2,210,3,4,1,4,3,1,6,588,2,228,606,1422,1,3,1,4,1422,0,0,1422,0,0,2,0,3,1,2,7,6,1,3,2,1981,1,2,576,3,3,2,276,0,0,0,0,0,0,4,0,0,6,2008,8,4,175500
60,3,70,11207,1,0,0,1,0,2,0,8,2,2,0,5,6,5,1997,1997,1,1,12,13,0,0,3,3,2,4,3,3,6,714,1,0,88,802,1,4,1,4,802,709,0,1511,1,0,2,1,3,1,3,8,6,1,3,2,1997,1,2,413,3,3,2,95,75,0,0,0,0,0,0,0,0,6,2006,8,4,185000
75,3,60,8400,1,0,3,0,0,4,1,18,2,2,0,3,5,8,1939,1997,1,1,13,14,0,0,3,3,2,3,3,1,2,378,1,0,342,720,1,5,1,4,1052,720,420,2192,0,0,2,1,4,1,2,8,6,1,4,6,1939,3,1,240,3,3,2,262,24,0,0,0,0,0,0,0,0,7,2008,8,4,179500
30,4,71,6900,1,0,3,3,0,4,0,9,2,2,0,2,5,6,1940,1955,1,1,12,13,0,0,3,3,1,3,3,1,5,403,3,125,212,740,1,5,1,4,778,0,0,778,0,0,1,0,2,1,3,4,6,1,4,6,1966,1,1,924,5,5,2,0,25,0,0,0,0,0,0,0,0,2,2008,8,4,120500
20,3,70,7917,1,0,0,3,0,0,0,7,2,2,0,2,6,7,1976,1976,3,1,6,6,2,174,3,4,1,3,4,1,4,751,1,0,392,1143,1,3,1,4,1113,0,0,1113,1,0,1,1,3,1,3,6,6,1,2,2,1987,2,1,504,3,4,2,370,30,0,0,0,0,0,4,0,0,5,2007,8,4,148000
60,1,84,10728,1,0,3,3,0,4,0,21,2,2,0,5,8,5,2006,2006,1,1,12,13,0,0,4,3,2,4,3,2,1,0,1,0,1095,1095,1,4,1,4,1095,844,0,1939,0,0,2,1,3,1,2,8,6,1,4,2,2006,2,3,1053,3,3,2,192,51,0,0,0,0,0,0,0,0,8,2006,6,5,266000
20,3,73,39104,1,0,0,2,0,1,2,4,2,2,0,2,7,7,1954,2005,0,2,9,10,0,0,3,3,1,4,3,4,2,226,6,1063,96,1385,1,5,1,4,1363,0,0,1363,1,0,1,0,2,1,3,5,4,2,3,2,1954,3,2,439,3,3,2,81,0,0,0,0,0,0,0,0,0,4,2008,8,4,241500
60,3,92,11764,1,0,0,3,0,1,0,15,2,2,0,5,8,7,1999,2007,1,1,12,13,2,348,4,3,2,4,3,1,6,524,1,0,628,1152,1,5,1,4,1164,1106,0,2270,0,0,2,1,4,1,2,9,6,1,4,2,1999,1,3,671,3,3,2,132,57,0,0,0,0,0,0,0,0,4,2010,8,4,290000
20,3,80,9600,1,0,3,3,0,4,0,12,1,2,0,2,6,6,1958,1988,3,1,13,14,1,183,3,3,1,3,3,1,3,620,2,620,0,1240,1,4,1,4,1632,0,0,1632,1,0,2,0,3,1,3,6,2,1,4,2,1958,2,1,338,3,3,2,289,0,0,0,0,0,0,3,0,0,4,2009,8,4,139000
20,3,76,8314,1,0,3,3,0,0,0,11,2,2,0,2,5,7,1982,1982,1,1,6,7,0,0,3,3,1,3,3,4,5,546,1,0,270,816,1,3,1,4,816,0,0,816,0,0,1,0,2,1,3,5,6,0,0,2,1982,3,1,264,3,3,2,168,0,0,0,0,0,0,0,0,0,6,2007,8,4,124500
50,3,55,7264,1,0,3,3,0,4,0,3,2,2,0,0,7,7,1925,2007,1,1,13,14,0,0,4,4,0,3,3,1,1,0,1,0,952,952,2,4,0,4,952,596,0,1548,0,0,2,1,3,1,0,5,6,0,0,6,1978,3,2,672,3,3,2,74,0,0,0,144,0,0,0,0,0,10,2009,8,4,205000
20,3,129,9196,1,0,0,3,0,4,0,11,2,2,0,2,7,5,2003,2003,1,1,12,13,0,0,4,3,2,5,3,1,1,0,1,0,1560,1560,1,5,1,4,1560,0,0,1560,0,0,2,0,3,1,2,7,6,0,0,2,2003,1,2,573,3,3,2,100,150,0,0,0,0,0,0,0,0,4,2010,8,4,201000
20,3,140,19138,1,0,3,3,0,0,0,8,2,2,0,2,4,5,1951,1951,1,1,12,13,0,0,3,3,1,3,3,1,2,120,1,0,744,864,1,5,1,4,864,0,0,864,0,0,1,0,2,1,3,4,6,0,0,6,1951,3,2,400,3,3,2,0,0,0,0,0,0,0,0,0,0,6,2010,8,4,141000
20,3,107,14450,1,0,3,3,0,4,0,16,2,2,0,2,9,5,2006,2007,1,1,5,5,2,315,5,3,2,5,3,4,1,0,1,0,2121,2121,1,5,1,4,2121,0,0,2121,0,0,2,1,3,1,0,8,6,1,5,2,2007,1,3,732,3,3,2,124,98,0,0,142,0,0,0,0,0,5,2007,6,5,415298
60,3,83,10005,1,0,3,3,0,4,0,4,2,2,0,5,7,5,1977,1977,3,1,9,10,2,299,3,3,1,4,3,1,4,392,1,0,768,1160,1,5,1,4,1156,866,0,2022,0,0,2,1,4,1,3,8,6,1,3,2,1977,1,2,505,3,3,2,288,117,0,0,0,0,0,0,0,0,3,2008,8,4,192000
60,3,82,11287,1,0,3,3,0,4,0,20,2,2,0,5,7,6,1989,1989,1,1,9,10,2,340,4,3,1,4,3,3,6,421,1,0,386,807,1,4,1,4,1175,807,0,1982,0,0,2,1,3,1,2,7,6,1,3,2,1989,1,2,575,3,3,2,0,84,0,196,0,0,0,0,0,0,1,2007,8,4,228500
20,1,60,7200,1,2,3,3,0,4,0,21,2,2,0,2,6,5,2006,2006,1,1,12,13,3,68,4,3,2,4,3,1,6,905,1,0,357,1262,1,4,1,4,1262,0,0,1262,0,0,2,0,2,1,2,5,6,0,0,2,2006,1,2,572,3,3,2,0,120,0,0,0,0,0,0,0,0,5,2006,6,5,185000
120,3,34,5063,1,0,3,3,0,4,0,16,2,2,3,2,7,5,2007,2008,1,1,12,13,3,166,4,3,2,4,3,1,6,904,1,0,410,1314,1,5,1,4,1314,0,0,1314,1,0,2,0,2,1,2,6,6,1,4,2,2008,2,2,626,3,3,2,172,62,0,0,0,0,0,0,0,0,4,2009,5,4,207500
20,3,74,9612,1,0,3,3,0,4,0,21,1,2,0,2,8,5,2008,2009,1,1,12,13,3,72,4,3,2,4,3,1,1,0,1,0,1468,1468,1,5,1,4,1468,0,0,1468,0,0,2,0,3,1,2,6,6,1,4,2,2008,1,3,898,3,3,2,210,150,0,0,0,0,0,0,0,0,12,2009,6,5,244600
120,3,50,8012,1,0,3,3,0,4,0,20,2,2,4,2,6,5,1992,1992,1,1,9,7,0,0,4,3,2,4,3,1,6,430,1,0,1145,1575,1,4,1,4,1575,0,0,1575,1,0,2,0,2,1,2,5,6,0,0,2,1992,2,2,529,3,3,2,0,0,52,0,0,0,0,0,0,0,7,2007,8,4,179200
160,1,35,4251,1,2,0,3,0,4,0,21,2,2,4,5,7,5,2006,2007,1,1,8,8,0,0,4,3,2,4,3,1,1,0,1,0,625,625,1,5,1,4,625,625,0,1250,0,0,2,1,2,1,2,5,6,0,0,6,2006,2,2,528,3,3,2,0,54,0,0,0,0,0,0,0,0,6,2007,6,5,164700
50,3,77,9786,1,0,0,0,0,4,0,12,2,2,0,0,6,7,1962,1981,1,1,13,14,0,0,3,3,1,3,3,1,3,600,1,0,312,912,1,3,1,4,1085,649,0,1734,0,0,1,1,3,1,2,7,6,1,4,2,1962,2,2,440,3,3,2,0,0,0,0,128,0,0,4,0,0,6,2006,8,4,159000
20,3,70,8125,1,0,0,3,0,0,0,12,2,2,0,2,4,4,1971,1971,1,1,6,6,0,0,3,3,1,3,3,1,4,614,1,0,244,858,1,3,1,4,858,0,0,858,0,0,1,0,3,1,3,5,6,0,0,0,0,0,0,0,0,0,2,0,0,0,0,0,0,0,0,0,0,6,2006,8,4,88000
20,3,70,9819,1,0,0,3,0,4,0,19,2,2,0,2,5,5,1967,1967,1,1,8,8,2,31,3,4,1,3,3,1,4,450,1,0,432,882,1,3,1,4,900,0,0,900,0,0,1,0,3,1,3,5,6,0,0,6,1970,3,1,280,3,3,2,0,0,0,0,0,0,0,3,0,0,2,2010,8,4,122000
70,3,60,8730,1,0,3,3,0,4,0,3,6,2,0,5,6,7,1915,2003,1,1,13,14,0,0,3,3,0,3,3,1,1,0,1,0,698,698,1,5,1,0,698,698,0,1396,0,0,1,0,3,1,3,7,6,0,0,6,2003,3,1,384,3,3,2,0,0,0,0,259,0,0,0,0,0,7,2007,8,4,153575
60,3,120,15611,1,0,3,3,0,4,0,5,2,2,0,5,8,5,2006,2006,1,1,12,13,0,0,4,3,2,4,3,3,1,0,1,0,1079,1079,1,5,1,4,1079,840,0,1919,0,0,2,1,3,1,2,8,6,1,4,2,2006,2,2,685,4,3,2,0,51,0,0,0,0,0,0,0,0,7,2006,6,5,233230
190,3,55,5687,1,1,3,0,0,4,0,18,2,2,1,5,5,6,1912,2000,1,1,12,13,0,0,3,2,2,3,2,1,3,210,1,0,570,780,1,5,0,4,936,780,0,1716,1,0,2,0,6,1,1,9,6,0,0,0,0,0,0,0,0,0,0,0,184,0,0,0,0,0,0,0,0,3,2008,8,4,135900
50,3,60,11409,1,0,3,3,0,4,0,7,2,2,0,0,5,4,1949,2008,1,1,13,14,0,0,3,3,1,3,3,1,2,292,1,0,476,768,1,4,1,4,1148,568,0,1716,0,0,1,1,3,1,3,8,3,1,4,2,1949,3,1,281,3,3,2,0,0,0,0,160,0,0,0,0,0,1,2009,8,4,131000
60,3,70,16659,1,0,0,3,0,0,0,14,3,2,0,5,7,7,1977,1994,1,1,9,10,2,34,3,3,1,3,3,1,5,795,1,0,0,795,1,2,1,4,1468,795,0,2263,1,0,2,1,3,1,2,9,6,1,3,2,1977,1,2,539,3,3,2,0,250,0,0,0,0,0,0,0,0,3,2006,8,4,235000
20,3,80,9600,1,0,3,3,0,4,0,12,2,2,0,2,6,5,1953,1953,3,1,6,6,3,238,3,3,1,3,3,1,6,1285,1,0,131,1416,1,3,1,4,1644,0,0,1644,1,0,1,0,3,1,3,7,6,2,4,2,1953,1,2,418,3,3,2,110,0,0,0,0,0,0,0,0,0,10,2009,8,4,167000
80,3,37,7937,1,0,0,3,0,1,0,11,2,2,0,7,6,6,1984,1984,1,1,6,6,0,0,3,3,1,3,3,3,6,819,1,0,184,1003,1,3,1,4,1003,0,0,1003,1,0,1,0,3,1,3,6,6,0,0,6,1984,3,2,588,3,3,2,120,0,0,0,0,0,0,4,0,0,3,2006,8,4,142500
50,4,75,13710,1,0,3,3,0,4,0,9,2,2,0,0,5,5,1950,1950,1,1,13,14,0,0,3,3,1,3,3,1,4,420,1,0,490,910,1,3,1,0,910,648,0,1558,0,0,1,1,4,1,3,6,6,0,0,2,1950,3,1,282,3,3,2,289,0,0,0,0,0,0,3,0,0,6,2007,8,4,152000
60,1,66,7399,1,2,0,3,0,4,0,21,2,2,0,5,7,5,1997,1998,3,1,12,13,2,1600,4,3,2,4,3,1,4,649,1,0,326,975,1,5,1,4,975,975,0,1950,0,0,2,1,3,1,2,7,6,1,3,6,1997,2,2,576,3,3,2,0,10,0,0,198,0,0,0,0,0,6,2007,8,4,239000
60,3,90,11700,1,0,3,3,0,4,0,14,2,2,0,5,6,6,1968,1968,4,1,6,1,2,365,4,3,1,3,3,1,5,384,3,175,143,702,1,4,1,4,1041,702,0,1743,0,1,1,2,3,1,3,7,6,1,4,2,1968,3,2,539,3,3,2,224,0,0,0,0,0,0,0,0,0,6,2007,8,4,175000
20,3,80,14000,1,0,3,3,0,4,0,6,2,2,0,2,6,8,1950,2004,1,1,6,6,0,0,3,4,1,3,3,1,1,0,1,0,1092,1092,1,5,1,4,1152,0,0,1152,0,1,1,0,3,1,2,6,6,1,4,2,1950,3,1,300,3,3,2,0,36,0,0,0,0,0,4,0,0,8,2009,8,3,158500
190,3,90,15750,1,0,3,3,0,0,0,6,2,2,1,2,5,5,1953,1953,3,1,8,8,2,56,3,3,1,3,3,2,4,841,1,0,324,1165,1,3,1,4,1336,0,0,1336,1,0,1,0,2,1,3,5,6,2,4,2,1953,3,1,375,3,3,2,0,0,0,0,0,0,0,0,0,0,6,2006,8,4,157000
60,3,66,16226,1,0,2,3,0,4,0,5,2,2,0,5,8,5,1998,1999,1,1,12,13,0,0,4,3,2,4,3,1,6,281,1,0,747,1028,1,5,1,4,1210,1242,0,2452,0,0,2,1,4,1,2,9,6,1,3,4,1998,1,2,683,3,3,2,208,50,0,0,0,0,0,0,0,0,5,2007,8,4,267000
20,3,118,13704,1,0,0,3,0,0,0,5,2,2,0,2,7,5,2001,2002,1,1,12,13,2,150,4,3,2,4,3,1,1,0,1,0,1541,1541,1,5,1,4,1541,0,0,1541,0,0,2,0,3,1,2,6,6,1,3,2,2001,2,3,843,3,3,2,468,81,0,0,0,0,0,0,0,0,1,2006,8,4,205000
20,3,70,9800,1,0,3,3,0,0,0,5,2,2,0,2,5,7,1972,1972,1,1,12,13,0,0,3,3,2,3,3,1,5,894,1,0,0,894,1,3,1,4,894,0,0,894,1,0,1,0,3,1,3,5,6,0,0,2,1975,3,2,552,3,3,2,256,0,0,0,0,0,0,2,0,0,7,2006,8,0,149900
75,4,87,18386,1,0,3,3,0,4,0,17,2,2,0,3,7,9,1880,2002,1,1,5,5,0,0,3,3,0,3,3,1,1,0,1,0,1470,1470,1,5,1,4,1675,1818,0,3493,0,0,3,0,3,1,2,10,6,1,5,2,2003,3,3,870,3,3,2,302,0,0,0,0,0,0,0,0,0,5,2008,8,4,295000
20,3,80,10386,1,0,3,3,0,4,0,5,2,2,0,2,8,5,2004,2005,1,1,5,5,3,246,4,3,2,4,3,1,6,1464,1,0,536,2000,1,5,1,4,2000,0,0,2000,1,0,2,0,3,1,2,8,6,0,0,2,2004,1,3,888,3,3,2,168,0,0,0,0,0,0,0,0,0,7,2007,8,4,305900
60,3,116,13474,1,0,3,3,0,4,0,20,1,2,0,5,7,5,1990,1991,1,1,6,10,2,246,4,3,1,4,3,1,5,700,1,0,0,700,1,4,1,4,1122,1121,0,2243,1,0,2,1,4,1,2,8,6,1,3,2,1990,2,3,746,3,3,2,127,44,224,0,0,0,0,0,0,0,6,2007,8,4,225000
50,4,70,7920,1,1,0,3,0,4,0,9,0,2,0,0,6,7,1920,1950,1,1,8,8,0,0,3,2,1,3,3,1,1,0,1,0,319,319,1,3,1,0,1035,371,0,1406,0,0,1,0,3,1,1,6,6,0,0,0,0,0,0,0,0,0,0,0,144,0,0,0,0,0,3,0,0,3,2008,8,4,89500
30,3,70,12342,1,0,0,3,0,4,0,7,2,2,0,2,4,5,1940,1950,1,1,12,13,0,0,3,3,1,3,3,1,4,262,1,0,599,861,1,5,1,4,861,0,0,861,0,0,1,0,1,1,3,4,6,0,0,6,1961,3,2,539,3,3,2,158,0,0,0,0,0,0,0,0,0,3,2009,8,4,82500
20,3,90,12378,1,0,0,3,0,4,0,16,2,2,0,2,9,5,2003,2004,1,1,12,13,0,0,4,3,2,5,3,4,6,1274,1,0,622,1896,1,5,1,4,1944,0,0,1944,1,0,2,0,3,1,0,8,6,3,5,2,2003,1,3,708,3,3,2,208,175,0,0,0,0,0,0,0,0,11,2006,8,4,360000
60,3,70,7685,1,0,0,3,0,4,0,8,2,2,0,5,6,5,1993,1994,1,1,6,6,2,112,3,3,2,4,3,1,5,518,1,0,179,697,1,4,1,4,697,804,0,1501,0,0,2,1,3,1,2,6,6,1,3,2,1993,1,2,420,3,3,2,190,63,0,0,0,0,0,0,0,0,5,2006,8,4,165600
20,3,50,8000,1,0,3,3,0,4,0,12,2,2,0,2,6,6,1948,2002,1,1,12,13,0,0,3,4,1,3,3,1,5,680,1,0,292,972,1,5,1,4,972,0,0,972,1,0,1,0,2,1,3,5,6,1,4,6,1948,3,1,240,3,3,2,0,0,0,0,0,0,0,0,0,0,5,2009,8,4,132000
190,4,65,7800,1,0,3,3,0,4,0,17,0,2,1,0,5,7,1939,1950,1,1,8,8,0,0,3,3,1,4,3,2,3,507,1,0,286,793,1,3,1,4,793,325,0,1118,1,0,1,0,3,1,3,5,6,1,4,6,1939,3,2,410,3,3,2,0,0,0,0,271,0,0,3,0,0,5,2006,8,4,119900
20,3,150,215245,1,0,2,2,0,4,2,23,2,2,0,2,7,5,1965,1965,3,1,3,3,0,0,3,3,1,4,3,4,5,1236,3,820,80,2136,2,3,1,4,2036,0,0,2036,2,0,2,0,3,1,3,8,6,2,4,2,1965,2,2,513,3,3,2,0,0,0,0,0,0,0,0,0,0,6,2009,8,4,375000
70,4,60,9600,1,1,3,3,0,4,0,17,2,2,0,5,7,7,1925,1990,1,1,13,14,0,0,3,3,0,3,4,1,2,16,1,0,712,728,1,5,1,4,832,809,0,1641,0,1,1,1,3,1,0,6,6,1,4,6,1925,3,2,546,2,3,2,0,0,234,0,0,0,0,0,0,0,8,2006,8,4,178000
60,3,71,7795,1,0,0,3,0,4,0,8,2,2,0,5,7,5,2004,2005,1,1,12,13,0,0,4,3,2,4,3,1,6,425,1,0,291,716,1,5,1,4,716,716,0,1432,1,0,2,1,3,1,2,6,6,1,4,2,2004,1,2,432,3,3,2,100,51,0,0,0,0,0,0,0,0,7,2009,8,4,188500
60,3,94,13005,1,0,0,3,0,0,0,14,2,2,0,5,7,7,1980,1980,1,1,5,5,2,278,4,3,1,4,3,1,6,692,1,0,153,845,1,3,1,4,1153,1200,0,2353,1,0,2,1,4,1,0,10,6,1,3,2,1983,2,2,484,3,3,2,288,195,0,0,0,0,0,4,0,0,8,2009,8,4,260000
60,1,75,9000,1,0,3,3,0,4,0,21,2,2,0,5,8,5,2006,2006,1,1,12,13,0,0,4,3,2,4,3,3,1,0,1,0,1088,1088,1,5,1,4,1088,871,0,1959,0,0,2,1,3,1,2,8,6,1,4,2,2006,2,3,1025,3,3,2,208,46,0,0,0,0,0,0,0,0,12,2007,8,4,270000
60,3,90,9900,1,0,3,2,0,4,1,15,2,2,0,5,7,5,1993,1993,1,1,6,6,2,256,4,3,2,4,3,4,6,987,1,0,360,1347,1,5,1,4,1372,1274,0,2646,1,0,2,1,4,1,2,9,6,1,3,2,1993,2,3,656,3,3,2,340,60,144,0,0,0,0,0,0,0,4,2009,8,4,260000
80,3,70,14115,1,0,3,3,0,4,0,14,2,2,0,7,7,5,1980,1980,1,1,9,10,2,225,3,3,1,4,3,3,6,1036,1,0,336,1372,1,3,1,4,1472,0,0,1472,1,0,2,0,3,1,3,6,6,2,3,2,1980,3,2,588,3,3,2,233,48,0,0,0,0,0,0,0,0,6,2009,8,4,187500
60,3,111,16259,1,0,3,3,0,0,0,16,2,2,0,5,9,5,2006,2006,1,1,12,13,3,370,3,3,2,5,4,3,1,0,1,0,1249,1249,1,5,1,4,1249,1347,0,2596,0,0,3,1,4,1,2,9,6,0,0,2,2006,2,3,840,3,3,2,240,154,0,0,0,0,0,0,0,0,9,2006,6,5,342643
60,3,99,12099,1,0,0,3,0,4,0,16,2,2,0,5,8,5,2004,2004,1,1,12,13,2,388,4,3,2,5,3,3,6,970,1,0,166,1136,1,5,1,4,1136,1332,0,2468,1,0,2,1,4,1,2,10,6,1,4,4,2004,1,3,872,3,3,2,184,154,0,0,0,0,0,0,0,0,6,2007,8,4,354000
60,3,86,10380,1,0,0,3,0,4,0,20,2,2,0,5,7,5,1986,1987,1,1,9,10,2,172,4,3,1,3,3,4,2,28,5,1474,0,1502,1,5,1,4,1553,1177,0,2730,1,0,2,1,4,1,2,8,6,1,3,2,1987,1,2,576,3,3,2,201,96,0,0,0,0,0,3,0,0,8,2007,8,4,301000
20,4,49,5820,1,0,3,3,0,4,0,17,2,2,0,2,3,8,1955,2005,1,1,12,13,0,0,3,4,1,3,3,1,5,256,1,0,906,1162,1,5,1,4,1163,0,0,1163,1,0,1,0,3,1,3,6,6,0,0,2,1955,3,1,220,2,3,2,142,98,0,0,0,0,0,0,0,0,7,2006,8,4,126175
80,3,96,11275,1,0,3,3,0,0,0,12,4,2,0,7,7,7,1967,2007,4,6,13,14,2,300,4,4,1,4,3,1,1,0,1,0,710,710,1,5,1,4,1898,1080,0,2978,0,0,2,1,5,1,2,11,6,1,4,4,1961,1,2,564,3,3,2,240,0,0,0,0,0,0,0,0,0,6,2010,8,4,242000
45,4,50,5000,1,0,3,3,0,4,0,9,5,2,0,1,5,6,1941,1950,1,1,8,8,0,0,3,3,1,3,3,3,4,116,1,0,604,720,1,1,0,1,803,0,0,803,0,0,1,0,2,1,3,5,6,0,0,6,1941,3,2,360,3,3,2,0,0,244,0,0,0,0,0,0,0,12,2007,8,4,87000
120,3,32,10846,1,0,0,3,0,1,0,24,2,2,4,2,8,5,1993,1993,1,1,3,3,0,0,4,3,2,4,3,4,6,1619,1,0,100,1719,1,5,1,4,1719,0,0,1719,2,0,1,1,1,1,2,6,6,2,4,2,1993,1,2,473,3,3,2,122,30,0,0,0,0,0,0,0,0,5,2008,2,4,324000
20,3,80,11600,1,0,3,3,0,4,0,12,2,2,0,2,6,5,1960,1960,3,1,13,14,2,175,3,3,1,3,3,1,3,565,1,0,818,1383,1,3,1,4,1383,0,0,1383,0,0,1,1,3,1,3,7,6,0,0,2,1960,2,1,292,3,3,2,0,45,0,0,0,0,0,0,0,0,4,2006,8,4,145250
75,3,70,11888,1,2,0,0,0,4,0,3,4,2,0,4,6,6,1916,1994,1,1,13,15,0,0,3,3,0,3,3,1,1,0,1,0,844,844,1,4,0,0,1445,689,0,2134,0,0,2,0,5,1,2,10,6,0,0,6,1930,3,2,441,3,3,2,0,60,268,0,0,0,0,0,0,0,7,2009,8,4,214500
70,4,60,6402,1,0,3,3,0,0,0,9,2,2,0,5,5,5,1920,1950,1,1,13,15,0,0,3,3,2,3,3,2,1,0,1,0,596,596,1,3,0,4,596,596,0,1192,0,0,1,0,3,1,3,6,6,0,0,6,1920,3,1,189,2,2,0,0,0,137,0,0,0,0,2,0,0,7,2009,8,4,78000
90,3,70,10624,1,0,0,3,0,4,0,12,2,2,2,2,5,4,1964,1964,1,1,6,6,2,84,3,3,1,3,3,1,6,40,3,264,1424,1728,1,3,1,4,1728,0,0,1728,0,1,2,0,6,2,3,10,6,0,0,6,2002,3,1,352,3,3,2,155,0,0,0,0,0,0,0,0,0,11,2007,8,4,119000
20,3,70,8176,1,0,3,3,0,4,0,12,2,2,0,2,5,6,1958,1992,1,1,13,14,0,0,3,3,1,3,3,1,3,846,1,0,210,1056,1,2,1,4,1056,0,0,1056,1,0,1,0,3,1,3,6,6,0,0,2,1958,2,1,308,3,3,2,0,0,0,0,0,0,0,0,0,0,8,2007,8,4,139000
20,3,85,10655,1,0,0,3,0,4,0,16,2,2,0,2,8,5,2003,2004,1,1,12,13,2,296,4,3,2,4,3,1,6,1124,0,479,1603,3206,1,5,1,4,1629,0,0,1629,1,0,2,0,3,1,2,7,6,1,4,2,2003,2,3,880,3,3,2,0,0,0,0,0,0,0,0,0,0,10,2009,8,4,284000
120,4,59,8198,1,0,3,3,0,3,0,16,2,2,4,2,7,5,2004,2004,1,1,12,13,3,146,4,3,2,4,3,3,6,720,1,0,638,1358,1,5,1,4,1358,0,0,1358,1,0,2,0,2,1,2,6,6,1,4,2,2004,2,2,484,3,3,2,192,30,0,0,0,0,0,0,0,0,7,2008,8,4,207000
60,3,59,9042,1,0,0,3,0,4,0,8,2,2,0,5,6,5,1998,1998,1,1,12,13,0,0,3,3,2,4,3,4,6,828,1,0,115,943,1,4,1,4,943,695,0,1638,1,0,2,1,3,1,3,7,6,2,3,2,1998,1,2,472,3,3,2,100,38,0,0,0,0,0,0,0,0,7,2008,8,4,192000
190,3,70,164660,0,0,0,1,0,0,2,23,2,2,1,0,5,6,1965,1965,1,1,9,10,0,0,3,3,1,3,3,4,5,1249,4,147,103,1499,1,5,1,4,1619,167,0,1786,2,0,2,0,3,1,3,7,6,2,4,2,1965,1,2,529,3,3,2,670,0,0,0,0,0,0,0,1,700,8,2008,8,4,228950
20,3,86,14157,1,0,0,1,0,0,0,22,2,2,0,2,9,5,2005,2006,3,1,12,13,3,200,4,3,2,5,3,4,6,1249,1,0,673,1922,1,5,1,4,1922,0,0,1922,1,0,2,0,3,1,2,8,6,1,4,2,2005,1,3,676,3,3,2,178,51,0,0,0,0,0,0,0,0,7,2007,8,4,377426
20,3,70,9135,1,0,3,3,0,4,0,5,2,2,0,2,7,5,2002,2003,1,1,12,13,2,113,4,3,2,4,3,3,6,810,1,0,726,1536,1,5,1,4,1536,0,0,1536,1,0,2,0,3,1,2,7,6,0,0,2,2002,2,2,532,3,3,2,192,74,0,0,0,0,0,0,0,0,12,2008,8,4,214000
20,3,91,14145,1,0,3,3,0,0,0,14,2,2,0,2,7,7,1984,1998,1,1,13,14,0,0,4,3,1,4,3,2,5,213,1,0,995,1208,1,5,1,4,1621,0,0,1621,1,0,2,0,3,1,2,8,6,0,0,2,1984,2,2,440,3,3,2,108,45,0,0,0,0,0,0,1,400,5,2006,8,4,202500
20,3,66,12400,1,0,0,3,0,4,0,12,1,2,0,2,6,7,1958,1998,3,1,13,14,2,176,3,3,1,3,2,1,3,585,1,0,630,1215,1,3,1,0,1215,0,0,1215,0,0,1,0,3,1,3,6,6,0,0,2,1958,3,1,297,3,3,2,0,0,0,0,234,0,0,0,0,0,6,2009,8,4,155000
60,3,85,14191,1,0,3,3,0,4,0,23,2,2,0,5,8,5,2002,2002,1,1,12,13,0,0,4,3,2,4,3,1,1,0,1,0,967,967,1,5,1,4,993,915,0,1908,0,0,2,1,4,1,2,9,6,0,0,2,2002,1,2,431,3,3,2,135,0,0,0,0,0,0,0,0,0,4,2010,8,4,202900
20,2,60,8400,1,0,3,3,0,4,0,20,1,2,0,2,4,4,1950,1950,1,1,13,0,0,0,2,2,1,3,2,1,1,0,1,0,721,721,1,4,1,4,841,0,0,841,0,0,1,0,2,1,3,4,6,0,0,5,1950,3,1,294,3,3,0,250,0,24,0,0,0,0,0,0,0,9,2009,8,4,82000
90,3,70,8544,1,0,3,3,0,4,0,12,2,2,2,2,3,4,1949,1950,1,1,11,12,2,340,3,3,3,0,0,0,0,0,0,0,0,0,5,2,0,0,1040,0,0,1040,0,0,2,0,2,2,3,6,6,0,0,6,1949,3,2,400,3,3,2,0,0,0,0,0,0,0,0,0,0,5,2006,8,4,87500
120,3,63,8849,1,0,0,3,0,4,0,16,2,2,4,2,9,5,2005,2005,3,1,8,8,2,616,5,3,2,5,3,1,6,28,1,0,1656,1684,1,5,1,4,1684,0,0,1684,0,0,2,0,2,1,0,6,6,1,5,2,2005,2,2,564,3,3,2,495,72,0,0,0,0,0,0,0,0,7,2008,8,4,266000
160,4,36,2592,1,0,3,3,0,4,0,10,2,2,4,5,5,3,1976,1976,1,1,5,5,0,0,3,3,1,4,3,1,3,129,4,232,175,536,1,3,1,4,536,576,0,1112,0,0,1,1,3,1,3,4,6,0,0,2,1976,3,1,336,3,3,2,182,0,0,0,0,0,0,0,0,0,4,2010,8,4,85000
50,3,65,6435,1,0,3,3,0,4,0,3,6,2,0,0,6,5,1939,1950,1,1,8,8,0,0,3,3,0,3,3,1,1,0,1,0,972,972,1,4,1,4,972,605,0,1577,0,0,1,0,3,1,1,6,6,1,4,6,1939,3,1,312,3,3,2,0,0,0,0,0,0,0,0,0,0,10,2006,8,4,140200
20,3,70,12772,1,0,0,3,0,1,0,12,2,2,0,2,6,8,1960,1998,3,1,8,8,0,0,3,4,1,3,3,2,4,498,1,0,460,958,1,3,1,4,958,0,0,958,0,0,1,0,2,1,3,5,6,0,0,2,1960,2,1,301,3,3,2,0,0,0,0,0,0,0,0,1,15500,4,2007,8,4,151500
20,3,70,17600,1,0,0,3,0,4,0,12,2,2,0,2,6,5,1960,1960,1,1,13,14,2,30,3,3,1,3,3,1,4,1270,1,0,208,1478,1,5,1,0,1478,0,0,1478,1,0,2,0,3,1,3,6,6,2,4,2,1960,3,2,498,3,3,2,0,40,0,0,0,0,0,0,0,0,12,2009,8,4,157500
160,3,36,2448,1,0,3,3,0,4,0,16,2,2,3,5,7,5,2003,2004,1,1,12,15,3,106,4,3,2,4,3,1,6,573,1,0,191,764,1,5,1,4,764,862,0,1626,1,0,2,1,2,1,2,6,6,0,0,4,2003,2,2,474,3,3,2,0,27,0,0,0,0,0,0,0,0,10,2008,8,4,154000
60,3,56,20431,1,0,1,3,0,4,0,16,2,2,0,5,9,5,2005,2006,3,1,5,5,2,870,5,3,2,5,3,1,6,1410,1,0,438,1848,1,5,1,4,1848,880,0,2728,1,0,2,1,4,1,0,10,6,2,5,2,2006,1,3,706,3,3,2,0,0,0,0,0,0,0,0,0,0,4,2006,6,5,437154
120,3,68,7820,1,0,0,3,0,4,0,16,2,2,4,2,9,5,2007,2007,3,1,8,8,2,362,5,3,2,5,3,1,1,0,1,0,1869,1869,1,5,1,4,1869,0,0,1869,0,0,2,0,2,1,0,6,6,1,4,2,2007,2,2,617,3,3,2,210,54,0,0,0,0,0,0,0,0,12,2007,6,5,318061
120,3,70,5271,1,0,0,2,0,4,1,4,2,2,0,2,7,5,1986,1986,1,1,13,14,0,0,3,3,2,4,3,4,6,1082,1,0,371,1453,1,4,1,4,1453,0,0,1453,1,0,1,1,2,1,2,6,6,1,3,2,1986,2,2,445,3,3,2,0,80,0,0,184,0,0,0,0,0,12,2006,8,0,190000
50,3,60,9084,1,0,3,3,0,4,0,7,0,2,0,0,5,6,1941,1950,1,1,12,13,0,0,3,3,1,3,2,2,2,236,3,380,0,616,1,3,0,4,616,495,0,1111,0,1,1,0,3,1,3,5,6,0,0,6,1941,3,1,200,3,2,2,48,0,0,0,0,0,0,0,0,0,3,2008,5,4,95000
30,4,60,8520,1,0,3,3,0,4,0,17,2,2,0,2,6,8,1928,2003,1,1,12,13,0,0,3,4,0,3,3,1,1,0,1,0,624,624,1,4,1,4,720,0,0,720,0,0,1,0,2,1,3,5,6,0,0,6,2005,3,2,484,3,3,2,106,0,0,0,0,0,0,0,0,0,5,2010,8,4,105900
50,3,60,8400,1,0,3,0,0,4,0,18,2,2,0,0,6,5,1940,2000,1,1,13,8,0,0,3,3,1,3,3,1,2,388,1,0,552,940,1,5,1,4,1192,403,0,1595,0,0,1,0,2,1,3,6,6,2,4,2,1940,3,1,240,3,3,2,0,0,108,0,0,0,0,0,0,0,6,2006,8,4,140000
20,3,105,11249,1,0,1,3,0,4,0,5,2,2,0,2,6,5,1995,1995,1,1,12,13,0,0,4,4,2,4,4,1,5,334,4,544,322,1200,1,5,1,4,1200,0,0,1200,1,0,2,0,3,1,2,6,6,0,0,2,1995,2,2,521,3,3,2,0,26,0,0,0,0,0,0,0,0,8,2007,8,4,177500
20,3,70,9248,1,0,0,3,0,4,0,8,2,2,0,2,6,6,1992,1992,1,1,6,6,2,106,3,3,2,4,3,1,6,560,1,0,598,1158,1,4,1,4,1167,0,0,1167,1,0,2,0,3,1,2,6,6,0,0,2,1992,2,2,400,3,3,2,120,26,0,0,0,0,0,0,0,0,7,2009,8,4,173000
120,4,44,4224,1,0,3,3,0,4,0,10,2,2,4,2,5,5,1976,1976,1,1,5,5,0,0,3,3,2,4,3,1,5,874,1,0,268,1142,1,3,1,4,1142,0,0,1142,1,0,1,1,3,1,3,6,6,1,1,2,1976,1,2,528,3,3,2,536,90,0,0,0,0,0,3,0,0,8,2007,8,4,134000
80,3,92,6930,1,0,0,3,0,4,0,4,2,2,0,7,5,4,1958,1958,3,1,13,7,2,120,3,3,1,3,3,3,4,300,3,294,468,1062,1,5,1,1,1352,0,0,1352,0,1,1,0,3,1,2,6,3,0,0,4,1958,3,1,288,3,3,2,168,0,294,0,0,0,0,0,0,0,7,2006,8,0,130000
60,3,78,12011,1,0,0,3,0,1,0,15,2,2,0,5,8,5,1998,1998,1,1,12,13,2,530,4,3,2,4,3,3,6,956,1,0,130,1086,1,5,1,4,1086,838,0,1924,1,0,2,1,3,1,2,7,6,1,3,2,1998,2,2,592,3,3,2,208,75,0,0,374,0,0,0,0,0,6,2006,8,4,280000
85,3,70,7540,1,0,0,3,0,1,0,11,2,2,0,6,6,6,1978,1978,1,1,12,13,0,0,3,3,1,4,3,3,6,773,1,0,115,888,1,5,1,4,912,0,0,912,1,0,1,0,2,1,3,5,6,1,3,2,1978,2,2,470,3,3,2,0,0,0,0,192,0,0,3,0,0,6,2007,8,4,156000
50,3,70,9144,1,2,3,3,0,4,0,3,2,2,0,0,5,5,1940,1982,1,1,8,8,0,0,3,3,1,3,3,1,3,399,1,0,484,883,1,4,1,4,988,517,0,1505,1,0,1,0,3,1,3,8,6,0,0,6,1940,3,1,240,3,3,0,0,0,0,0,0,0,0,0,0,0,7,2008,8,4,145000
85,3,64,7301,1,0,3,3,0,0,0,7,2,2,0,6,7,5,2003,2003,1,1,6,6,2,500,4,3,3,0,0,0,0,0,0,0,0,0,1,5,1,4,495,1427,0,1922,0,0,3,0,4,1,2,7,6,1,5,4,2003,2,2,672,3,3,2,0,0,177,0,0,0,0,0,0,0,7,2009,3,4,198500
160,4,21,1680,1,0,3,3,0,4,0,2,2,2,3,5,6,8,1972,2007,1,1,6,6,2,510,3,3,1,3,3,1,5,162,1,0,321,483,1,4,1,4,483,504,0,987,0,0,1,1,2,1,2,5,6,0,0,6,1972,3,1,264,3,3,2,250,0,0,0,0,0,0,0,0,0,5,2009,8,4,118000
60,3,70,18800,1,0,0,3,0,2,0,14,2,2,0,5,6,5,1976,1976,1,1,6,6,2,120,3,3,2,4,3,2,6,712,1,0,84,796,1,3,1,4,790,784,0,1574,1,0,2,1,3,1,3,6,6,1,3,2,1976,1,2,566,3,3,2,306,111,0,0,0,0,0,0,0,0,7,2006,8,4,190000
70,4,59,10690,1,0,3,3,0,4,0,9,2,2,0,5,5,7,1920,1997,3,1,12,13,0,0,3,4,1,3,2,1,3,456,1,0,216,672,1,4,1,0,672,672,0,1344,0,0,1,0,3,1,3,6,6,0,0,6,1964,3,1,468,3,2,2,0,128,218,0,0,0,0,0,0,0,7,2009,8,4,147000
20,3,70,9500,1,0,0,3,0,4,0,12,2,2,0,2,6,5,1963,1963,1,1,9,10,2,247,3,3,1,4,3,1,4,609,1,0,785,1394,1,4,1,4,1394,0,0,1394,1,0,1,1,3,1,3,6,6,2,4,2,1963,2,2,514,3,3,2,0,76,0,0,185,0,0,0,0,0,7,2009,8,4,159000
80,3,101,9150,1,0,0,3,0,0,0,12,2,2,0,7,6,5,1962,1962,1,5,9,10,2,305,3,3,1,4,3,4,6,371,1,0,728,1099,1,4,1,4,1431,0,0,1431,0,1,1,0,3,1,3,6,6,1,4,3,1962,2,1,296,3,3,2,64,110,0,0,0,0,0,0,0,0,12,2008,8,4,165000
20,3,78,7800,1,0,3,3,0,4,0,12,2,2,0,2,5,6,1954,1954,1,1,6,6,2,200,3,3,2,3,3,1,2,540,1,0,728,1268,1,4,1,4,1268,0,0,1268,0,0,1,0,2,1,3,7,6,1,4,2,1954,1,1,244,3,3,2,0,98,0,0,0,0,0,0,0,0,3,2010,8,4,132000
20,3,70,9830,1,0,0,3,0,0,0,12,2,2,0,2,5,7,1959,2006,1,1,13,14,0,0,3,4,1,3,3,1,5,72,3,258,733,1063,1,5,1,4,1287,0,0,1287,1,0,1,0,3,1,2,7,6,1,4,6,1997,1,2,576,3,3,2,364,17,0,0,182,0,0,0,0,0,3,2010,8,4,162000
60,3,70,8121,1,0,0,3,0,4,0,8,2,2,0,5,6,5,2000,2000,1,1,12,13,0,0,3,3,2,4,3,1,1,0,1,0,953,953,1,5,1,4,953,711,0,1664,0,0,2,1,3,1,3,7,6,1,3,2,2000,2,2,460,3,3,2,100,40,0,0,0,0,0,0,0,0,1,2006,8,4,172400
50,3,80,17120,1,0,3,3,0,4,0,4,1,2,0,0,4,4,1959,1959,1,1,14,10,0,0,3,3,1,0,0,0,0,0,0,0,0,0,1,3,1,4,1120,468,0,1588,0,0,2,0,4,1,3,7,3,1,4,6,1991,1,2,680,3,3,0,0,59,0,0,0,0,0,0,0,0,7,2008,8,4,134432
120,3,50,7175,1,0,3,3,0,4,0,20,2,2,4,2,6,5,1984,1984,1,1,9,10,0,0,3,3,1,4,3,1,5,623,2,121,0,744,1,3,1,4,752,0,0,752,1,0,1,0,2,1,3,4,6,0,0,2,1984,3,1,264,3,3,2,353,0,0,0,90,0,0,3,0,0,2,2010,8,4,125000
20,3,79,10634,1,0,3,3,0,4,0,12,2,2,0,2,5,6,1953,1953,1,1,8,8,0,0,3,3,2,3,3,1,4,428,2,180,0,608,1,3,1,4,1319,0,0,1319,1,0,1,0,3,1,3,5,3,0,0,2,1953,3,1,270,3,3,2,66,0,0,0,0,0,0,2,0,0,11,2009,8,4,123000
60,3,65,8200,1,0,3,3,0,4,0,5,2,2,0,5,7,5,2003,2004,1,1,12,13,0,0,4,3,2,4,3,1,1,0,1,0,847,847,1,5,1,4,847,1081,0,1928,0,0,2,1,4,1,2,8,6,1,4,4,2003,1,2,434,3,3,2,100,48,0,0,0,0,0,0,0,0,7,2007,8,4,219500
30,3,70,10020,1,0,0,2,0,4,2,7,2,2,0,2,1,1,1922,1950,1,1,13,14,0,0,2,2,0,2,1,4,4,350,1,0,333,683,1,4,0,0,904,0,0,904,1,0,0,1,1,1,1,4,0,0,0,0,0,0,0,0,0,0,2,0,0,0,0,0,0,0,0,0,0,3,2009,8,4,61000
85,3,57,8846,1,0,0,3,0,1,0,5,2,2,0,6,5,5,1996,1996,1,1,12,13,0,0,4,3,2,4,3,3,6,298,1,0,572,870,1,5,1,4,914,0,0,914,0,0,1,0,2,1,3,5,6,0,0,6,1998,3,2,576,3,3,2,0,0,0,0,0,0,0,0,0,0,7,2006,8,4,148000
60,1,102,11143,1,0,0,3,0,0,0,21,2,2,0,5,8,5,2004,2005,1,1,5,5,0,0,4,3,2,4,3,1,1,0,1,0,1580,1580,1,5,1,4,1580,886,0,2466,0,0,3,0,4,1,2,8,6,1,4,2,2004,2,2,610,3,3,2,159,214,0,0,0,0,0,0,0,0,12,2007,8,4,340000
20,3,88,11394,1,0,3,3,0,0,0,22,2,2,0,2,9,2,2010,2010,3,1,12,13,3,350,4,3,2,5,3,3,6,1445,1,0,411,1856,1,5,1,4,1856,0,0,1856,1,0,1,1,1,1,0,8,6,1,5,2,2010,1,3,834,3,3,2,113,0,0,0,0,0,0,0,0,0,6,2010,6,5,394432
60,3,60,8123,1,0,0,3,0,4,0,8,6,2,0,5,6,5,2000,2000,1,1,12,13,2,16,3,3,2,4,3,1,1,0,1,0,982,982,1,5,1,4,1007,793,0,1800,0,0,2,1,3,1,3,7,6,1,3,2,2000,1,2,463,3,3,2,100,63,0,0,0,0,0,0,0,0,6,2009,8,4,179000
50,3,50,5000,1,2,3,3,0,4,0,18,2,2,0,0,5,6,1924,1950,1,1,3,14,0,0,3,3,0,3,3,1,2,218,1,0,808,1026,1,3,1,4,1026,665,0,1691,0,0,2,0,3,1,2,6,6,1,4,6,1924,3,1,308,3,3,2,0,0,242,0,0,0,0,0,0,0,5,2010,8,4,127000
20,1,60,7200,1,2,3,3,0,4,0,21,2,2,0,2,7,5,2006,2006,1,1,12,13,0,0,4,3,2,4,4,1,1,0,1,0,1293,1293,1,5,1,4,1301,0,0,1301,1,0,2,0,2,1,2,5,6,1,4,2,2006,2,2,572,3,3,2,216,121,0,0,0,0,0,0,0,0,8,2006,6,5,187750
60,3,79,9245,1,0,0,3,0,4,0,5,2,2,0,5,7,5,2006,2006,1,1,12,13,0,0,4,3,2,4,3,3,1,0,1,0,939,939,1,5,1,4,939,858,0,1797,0,0,2,1,3,1,2,8,6,0,0,2,2006,2,2,639,3,3,2,144,53,0,0,0,0,0,0,0,0,4,2007,8,4,213500
45,2,60,9000,1,0,3,3,0,0,0,20,2,2,0,1,6,3,1928,1950,1,1,13,14,0,0,3,3,0,2,2,1,1,0,1,0,784,784,1,3,0,0,784,0,0,784,0,0,1,0,2,1,3,5,6,0,0,6,1950,3,2,360,2,2,0,0,0,91,0,0,0,0,0,0,0,10,2009,8,4,76000
60,3,70,53107,1,0,1,2,0,0,1,4,1,2,0,5,6,5,1992,1992,1,1,6,6,0,0,4,3,2,4,3,3,6,985,1,0,595,1580,1,5,1,4,1079,874,0,1953,1,0,2,1,3,1,2,9,6,2,2,2,1992,1,2,501,3,3,2,216,231,0,0,0,0,0,0,0,0,6,2007,8,4,240000
120,3,43,3182,1,0,3,3,0,4,0,0,2,2,4,2,8,5,2004,2005,1,1,12,13,2,16,4,3,2,4,3,1,6,24,1,0,1232,1256,1,5,1,4,1269,0,0,1269,0,0,2,0,2,1,2,6,6,1,3,2,2004,1,2,430,3,3,2,146,20,0,0,144,0,0,0,0,0,4,2010,8,4,192000
50,3,58,8410,1,0,3,3,0,2,0,7,1,2,0,0,5,3,1910,1996,2,1,13,13,0,0,3,2,2,3,3,1,1,0,1,0,658,658,1,3,1,4,658,526,0,1184,0,0,1,0,5,1,3,8,6,0,0,0,0,0,0,0,0,0,0,0,151,0,0,0,0,0,0,0,0,5,2006,8,1,81000
80,3,72,7200,1,0,3,3,0,4,0,7,2,2,0,7,6,6,1976,1976,3,1,8,8,2,255,3,3,1,3,3,3,5,631,1,0,410,1041,1,5,1,4,1125,0,0,1125,1,0,1,0,3,1,3,6,6,1,2,6,1977,3,1,352,3,3,2,296,0,0,0,0,0,0,2,0,0,10,2009,8,0,125000
20,3,93,9382,1,0,0,3,0,1,0,5,2,2,0,2,7,5,1999,2000,1,1,12,13,2,125,4,3,2,4,3,1,1,0,1,0,1468,1468,1,5,1,4,1479,0,0,1479,0,0,2,0,3,1,2,6,6,0,0,2,1999,2,2,577,3,3,2,120,25,0,0,0,0,0,0,0,0,7,2008,8,4,191000
60,3,96,12474,1,0,3,3,0,4,0,16,2,2,0,5,10,5,2007,2008,1,1,12,13,3,272,5,3,2,5,3,3,6,1280,1,0,402,1682,1,5,1,4,1742,590,0,2332,1,0,2,1,3,1,0,9,6,1,5,4,2008,1,3,846,3,3,2,196,134,0,0,0,0,0,0,0,0,8,2008,6,5,426000
50,3,50,8405,1,1,3,3,0,4,0,7,2,2,0,0,5,8,1900,1950,1,1,8,8,0,0,3,3,0,3,4,1,3,241,4,391,229,861,1,5,1,4,961,406,0,1367,1,0,1,0,4,1,3,7,6,0,0,6,1978,3,1,384,3,3,2,0,130,112,0,0,0,0,3,0,0,4,2008,8,4,119000
60,3,71,12209,1,0,0,3,0,1,0,11,2,2,0,5,6,5,2001,2002,1,1,12,13,0,0,3,3,2,5,3,1,5,690,1,0,114,804,1,5,1,4,804,1157,0,1961,1,0,2,1,3,1,2,7,6,1,3,4,2001,1,2,560,3,3,2,125,192,0,0,0,0,0,0,0,0,6,2009,8,4,215000
20,3,70,8339,1,0,0,3,0,4,0,12,2,2,0,2,5,7,1959,1959,1,1,8,8,0,0,3,3,3,0,0,0,0,0,0,0,0,0,1,3,1,4,882,0,0,882,0,0,1,0,3,1,3,5,6,0,0,2,1959,2,1,294,3,3,2,0,0,0,0,0,0,0,3,1,1200,7,2007,8,4,106500
30,3,70,7446,1,0,3,3,0,0,0,3,1,2,0,2,4,5,1941,1950,1,1,14,15,0,0,3,3,1,3,3,1,3,266,1,0,522,788,1,3,1,0,788,0,0,788,0,0,1,0,2,1,3,4,6,2,3,0,0,0,0,0,0,0,2,0,0,0,0,0,0,0,2,0,0,4,2006,8,0,100000
50,3,60,10134,1,0,3,3,0,4,0,17,2,2,0,0,5,6,1940,1950,1,1,8,8,0,0,3,3,1,3,3,1,1,0,1,0,735,735,1,4,1,0,735,299,0,1034,0,0,1,0,2,1,3,5,6,0,0,6,1940,3,1,240,3,3,2,0,39,0,0,0,0,0,0,0,0,7,2007,8,4,109000
20,3,68,9571,1,0,3,3,0,4,0,7,2,2,0,2,5,6,1956,1956,1,1,13,14,0,0,3,3,1,3,3,3,4,739,1,0,405,1144,1,3,1,4,1144,0,0,1144,1,0,1,0,3,1,3,6,6,0,0,2,1956,3,1,596,3,3,2,44,0,0,0,0,0,0,0,0,0,6,2010,8,4,129000
20,3,60,7200,1,0,3,2,0,4,0,5,2,2,0,2,5,5,1972,1972,3,1,8,8,0,0,3,3,1,3,3,3,3,777,1,0,117,894,1,3,1,4,894,0,0,894,0,0,1,0,2,1,3,6,6,0,0,6,1985,2,2,600,3,3,2,215,0,0,0,0,0,0,0,0,0,9,2009,8,4,123000
60,3,69,7590,1,0,3,3,0,4,0,12,4,2,0,5,5,5,1962,1962,1,1,12,13,2,288,3,3,1,3,3,1,5,540,1,0,324,864,1,3,1,4,876,936,0,1812,0,0,2,0,4,1,3,8,6,1,3,2,1962,2,1,264,3,3,2,0,168,0,0,0,0,0,0,0,0,7,2007,8,4,169500
30,4,60,8967,1,0,3,3,0,0,0,9,2,2,0,2,5,2,1920,1950,1,1,8,8,0,0,3,2,0,2,1,1,1,0,1,0,961,961,1,4,1,3,1077,0,0,1077,0,0,1,0,2,1,3,6,1,0,0,6,1920,3,1,338,1,1,0,0,0,0,0,0,0,0,0,0,0,11,2007,8,0,67000
60,1,65,8125,1,0,3,3,0,4,0,21,2,2,0,5,7,5,2006,2007,1,1,5,5,3,100,4,3,2,4,3,1,6,812,1,0,280,1092,1,5,1,4,1112,438,0,1550,1,0,2,0,2,1,2,7,6,0,0,2,2007,1,2,438,3,3,2,0,168,0,0,0,0,0,0,0,0,10,2009,8,4,241000
120,3,38,14963,1,0,1,3,0,4,0,24,2,2,4,2,8,5,1996,1996,1,1,3,3,0,0,4,3,2,4,3,1,6,786,1,0,474,1260,1,5,1,4,1288,0,0,1288,1,0,1,1,1,1,0,4,6,2,4,2,1996,1,2,500,3,3,2,120,30,0,0,224,0,0,0,0,0,12,2008,8,4,245500
20,3,65,8767,1,0,0,3,0,4,0,5,2,2,0,2,7,5,2005,2005,1,1,12,13,0,0,4,3,2,4,3,3,6,24,1,0,1286,1310,1,5,1,4,1310,0,0,1310,0,0,2,0,3,1,2,6,6,1,4,2,2005,1,2,400,3,3,2,0,0,0,0,0,0,0,0,0,0,7,2006,6,5,164990
30,3,60,10200,1,0,3,3,0,4,0,19,2,2,0,2,5,8,1940,1997,1,1,13,14,0,0,3,3,2,3,3,1,1,0,1,0,672,672,1,5,1,4,672,0,0,672,0,0,1,0,2,1,3,4,6,0,0,6,1940,3,1,240,3,3,0,168,0,0,0,0,0,0,4,0,0,8,2008,8,4,108000
60,3,93,12090,1,0,3,3,0,0,0,15,2,2,0,5,8,5,1998,1998,3,1,12,13,2,650,4,3,2,4,3,1,1,0,1,0,1141,1141,1,4,1,4,1165,1098,0,2263,0,0,2,1,4,1,2,10,6,1,3,4,1998,1,2,420,3,3,2,144,123,0,0,0,0,0,0,0,0,7,2006,8,0,258000
60,3,70,10364,1,0,0,3,0,4,0,8,2,2,0,5,6,5,1995,1996,1,1,8,8,0,0,3,3,2,4,3,1,1,0,1,0,806,806,1,4,1,4,806,766,0,1572,0,0,2,1,3,1,3,7,6,1,3,4,1995,1,2,373,3,3,2,0,40,0,0,0,0,0,0,0,0,5,2007,8,4,168000
20,3,70,9991,1,0,0,3,0,0,0,19,1,2,0,2,4,4,1976,1993,1,1,9,10,0,0,3,3,1,3,3,1,4,1116,1,0,165,1281,1,5,1,4,1620,0,0,1620,1,0,2,0,3,1,3,8,2,1,3,2,1993,3,2,490,3,3,2,120,78,0,0,0,0,0,2,0,0,6,2009,8,4,150000
50,3,51,10480,1,0,3,3,0,4,0,18,2,2,0,0,6,5,1936,1950,1,1,8,8,0,0,3,3,0,3,3,1,1,0,1,0,1064,1064,1,5,1,0,1166,0,473,1639,0,0,1,0,3,1,3,6,1,0,0,6,1936,3,1,240,3,3,2,0,0,0,0,0,0,0,0,0,0,3,2008,8,4,115000
70,3,63,15576,1,0,3,3,0,4,0,6,2,2,0,5,6,7,1915,1976,1,1,13,10,0,0,3,3,0,4,3,1,1,0,1,0,840,840,1,5,1,4,840,840,0,1680,0,0,2,0,4,1,3,8,6,0,0,2,1960,3,1,308,3,3,2,0,0,160,0,0,0,0,0,0,0,3,2008,8,4,177000
60,3,109,14154,1,0,3,3,0,0,0,16,2,2,0,5,7,5,2006,2006,1,1,12,13,2,350,4,3,2,5,4,1,1,0,1,0,1063,1063,1,5,1,4,1071,1101,0,2172,0,0,2,1,3,1,2,9,6,1,4,2,2006,2,3,947,3,3,2,192,62,0,0,0,0,0,0,0,0,8,2007,6,5,280000
60,1,85,10800,1,0,3,3,0,4,0,21,2,2,0,5,8,5,2007,2008,1,1,12,13,3,100,4,3,2,5,3,1,6,789,1,0,245,1034,1,5,1,4,1050,1028,0,2078,1,0,2,1,3,1,0,8,6,1,4,2,2008,1,3,836,3,3,2,0,102,0,0,0,0,0,0,0,0,4,2008,6,5,339750
20,3,68,9571,1,0,3,3,0,4,0,7,2,2,0,2,5,3,1958,1958,1,1,2,2,0,0,3,2,1,3,2,1,1,0,1,0,1276,1276,1,3,1,0,1276,0,0,1276,0,0,1,0,3,1,3,5,4,0,0,2,1958,3,1,350,3,3,2,0,0,0,0,0,0,0,0,0,0,6,2009,0,0,60000
190,3,100,34650,1,0,3,0,0,4,0,8,2,2,1,2,5,5,1955,1955,3,1,13,14,0,0,3,3,1,3,3,2,3,1056,1,0,0,1056,1,3,0,4,1056,0,0,1056,1,0,1,0,3,1,3,5,6,0,0,2,1955,1,2,572,3,3,2,264,0,0,0,0,0,0,0,0,0,1,2006,8,4,145000
20,1,70,4403,1,0,1,3,0,4,0,21,2,2,0,2,7,5,2009,2009,1,1,8,8,3,432,5,3,2,5,3,3,6,578,1,0,892,1470,1,5,1,4,1478,0,0,1478,1,0,2,1,2,1,2,7,6,1,4,2,2009,1,2,484,3,3,2,0,144,0,0,0,0,0,0,0,0,6,2010,6,5,222000
30,4,56,8960,1,1,3,3,0,4,0,17,0,2,0,2,5,6,1927,1950,1,1,14,15,0,0,3,3,1,3,3,1,1,0,1,0,1008,1008,1,4,1,0,1028,0,0,1028,0,0,1,0,2,1,3,5,6,1,4,6,1927,3,2,360,3,3,2,0,0,130,0,0,0,0,0,0,0,3,2010,8,4,115000
60,3,59,11228,1,0,1,3,0,1,0,20,2,2,0,5,7,5,1993,1993,1,1,12,13,0,0,4,3,2,4,3,1,4,50,6,531,499,1080,1,5,1,4,1080,1017,0,2097,0,1,2,1,3,1,2,9,6,1,3,2,1993,3,3,678,3,3,2,196,187,0,0,0,0,0,0,0,0,12,2008,8,4,228000
20,3,73,8899,1,0,0,3,0,4,0,8,2,2,0,2,7,5,2007,2007,1,1,12,13,0,0,4,3,2,4,3,3,6,24,1,0,1316,1340,1,5,1,4,1340,0,0,1340,0,0,2,0,3,1,2,6,6,0,0,2,2007,1,2,396,3,3,2,100,30,0,0,0,0,0,0,0,0,8,2007,6,5,181134
60,3,74,7844,1,0,3,3,0,4,0,19,2,2,0,5,6,7,1978,1978,3,1,6,6,2,203,3,3,1,3,3,1,5,209,1,0,463,672,1,3,1,4,672,728,0,1400,0,0,1,1,3,1,3,6,6,1,3,2,1978,1,2,440,3,3,2,0,0,0,0,0,0,0,0,0,0,3,2006,8,4,149500
70,3,86,22420,1,0,0,3,0,4,0,6,1,2,0,5,6,6,1918,1950,3,1,13,12,0,0,3,3,0,4,3,1,4,1128,1,0,242,1370,2,3,0,0,1370,1254,0,2624,1,0,2,1,4,1,3,10,6,1,4,6,1918,3,3,864,3,3,0,0,0,0,0,0,0,0,0,0,0,11,2007,8,4,239000
50,3,60,8160,1,0,3,3,0,4,0,7,2,2,0,0,5,6,1940,1950,1,1,8,8,0,0,3,3,0,3,3,1,5,312,1,0,444,756,1,2,0,1,756,378,0,1134,1,0,1,1,3,1,3,7,6,0,0,6,1940,3,1,240,3,3,1,0,0,0,0,0,0,0,0,0,0,4,2007,8,1,126000
20,3,65,8450,1,0,3,3,0,4,0,12,2,2,0,2,5,6,1968,1968,1,1,12,13,0,0,3,3,1,3,3,1,4,775,1,0,281,1056,1,5,1,4,1056,0,0,1056,1,0,1,0,3,1,3,6,6,1,2,2,1968,3,1,304,3,3,2,0,85,184,0,0,0,0,0,0,0,7,2010,8,4,142000
90,4,78,7060,1,0,3,3,0,4,0,11,2,2,2,6,7,5,1997,1998,1,1,12,13,2,200,3,4,2,4,4,4,6,1309,1,0,35,1344,1,5,1,4,1344,0,0,1344,2,0,2,0,2,2,3,8,6,0,0,2,1997,1,4,784,3,3,2,0,0,0,0,0,0,0,0,0,0,11,2008,8,2,206300
20,3,70,16635,1,0,0,3,0,2,0,14,2,2,0,2,6,7,1977,2000,1,1,5,5,3,126,4,3,1,4,3,1,5,1246,1,0,356,1602,1,4,1,4,1602,0,0,1602,0,1,2,0,3,1,2,8,6,1,3,2,1977,1,2,529,3,3,2,240,0,0,0,0,0,0,0,0,0,6,2009,8,4,215000
20,3,100,21750,1,0,3,1,0,4,1,11,0,2,0,2,5,5,1954,1954,3,1,6,6,0,0,3,3,1,3,3,1,1,0,1,0,988,988,1,5,1,0,988,0,0,988,0,0,1,0,2,1,3,4,6,0,0,2,1954,2,2,520,3,3,0,0,0,0,0,0,0,0,0,0,0,2,2008,8,4,113000
60,3,80,9200,1,0,3,3,0,4,0,15,2,2,0,5,8,5,1998,1998,1,1,12,13,2,473,4,3,2,4,3,1,6,986,1,0,484,1470,1,4,1,4,1470,1160,0,2630,1,0,2,1,4,1,2,8,6,1,3,2,1998,1,3,696,3,3,2,0,66,0,0,0,0,0,0,0,0,6,2008,8,4,315000
20,3,72,9000,1,0,3,3,0,4,0,12,2,2,0,2,6,5,1956,1956,1,1,13,14,2,74,3,3,1,4,3,1,2,616,1,0,580,1196,1,4,1,0,1196,0,0,1196,1,0,1,0,2,1,3,6,6,1,4,2,1956,2,1,297,3,3,2,0,44,0,0,0,0,0,0,0,0,5,2008,8,4,139000
60,4,60,3378,1,1,3,1,0,4,0,17,2,2,0,5,7,8,1946,1992,1,1,6,6,0,0,3,4,1,3,3,1,1,0,1,0,651,651,1,4,1,4,707,682,0,1389,0,0,1,1,3,1,3,6,6,2,4,6,1947,3,1,240,3,3,1,0,0,126,0,0,0,0,0,0,0,9,2009,8,4,135000
80,3,70,12800,1,0,3,2,0,4,1,20,2,2,0,7,7,5,1989,1989,1,1,13,14,2,145,4,3,2,4,3,4,6,1518,1,0,0,1518,1,4,1,4,1644,0,0,1644,1,1,2,0,2,1,2,5,6,1,3,2,1989,1,2,569,3,3,2,80,0,0,0,396,0,0,0,0,0,8,2009,8,4,275000
20,3,77,8593,1,0,0,3,0,4,0,12,2,2,0,2,4,6,1957,1957,3,1,8,8,0,0,3,3,1,3,3,1,3,288,1,0,619,907,1,5,1,4,907,0,0,907,0,0,1,0,3,1,3,5,6,0,0,6,1964,3,1,352,3,3,2,0,0,0,0,0,0,0,0,0,0,7,2008,8,4,109008
20,3,64,6762,1,0,3,3,0,4,0,5,2,2,0,2,7,5,2007,2007,1,1,12,13,2,108,4,3,2,4,3,1,6,664,1,0,544,1208,1,5,1,4,1208,0,0,1208,1,0,2,0,2,1,2,6,6,0,0,2,2007,2,2,628,3,3,2,105,54,0,0,0,0,0,0,0,0,9,2007,6,5,195400
20,3,130,11457,1,0,0,3,0,0,0,23,2,2,0,2,6,5,1988,1988,1,1,6,6,0,0,3,3,1,4,3,2,6,1005,1,0,387,1392,1,3,1,4,1412,0,0,1412,1,0,2,0,3,1,2,6,6,1,3,2,1988,3,2,576,3,3,2,0,0,169,0,0,0,0,0,0,0,3,2009,8,4,175000
160,4,21,1680,1,0,3,3,0,4,0,2,2,2,3,5,6,5,1971,1971,1,1,6,6,2,232,3,3,1,3,3,1,5,387,1,0,96,483,1,3,1,4,483,504,0,987,0,0,1,1,2,1,3,4,6,0,0,6,1971,3,1,264,3,3,2,0,0,0,0,0,0,0,0,0,0,7,2008,0,0,85400
50,4,60,5586,1,0,0,0,0,4,0,17,1,2,0,0,6,7,1920,1998,1,1,8,8,0,0,3,3,0,3,3,1,1,0,1,0,901,901,1,4,1,4,1088,110,0,1198,0,0,1,0,4,1,3,7,6,0,0,0,0,0,0,0,0,0,0,0,98,0,0,0,0,0,3,0,0,9,2008,3,0,79900
160,4,24,1920,1,0,3,3,0,4,0,2,2,2,4,5,5,5,1971,1971,1,1,6,6,2,376,3,3,1,3,3,1,5,471,1,0,294,765,1,5,1,4,765,600,0,1365,1,0,1,1,2,1,3,6,2,0,0,6,1971,3,2,440,3,3,2,240,36,0,0,0,0,0,0,0,0,8,2007,8,4,122500
60,3,100,10839,1,0,0,3,0,0,0,8,2,2,0,5,6,5,1997,1998,1,1,12,13,0,0,3,3,2,4,3,1,1,0,1,0,926,926,1,5,1,4,926,678,0,1604,0,0,2,1,3,1,3,7,6,1,3,2,1997,1,2,470,3,3,2,0,36,0,0,0,0,0,0,0,0,7,2008,8,4,181000
180,4,21,1890,1,0,3,3,0,4,0,10,2,2,3,6,4,7,1972,1972,1,1,5,5,0,0,3,4,1,4,3,3,5,495,1,0,135,630,1,4,1,4,630,0,0,630,1,0,1,0,1,1,3,3,6,0,0,0,0,0,0,0,0,0,2,88,0,0,0,0,0,0,0,0,0,6,2008,8,4,81000
60,3,43,10667,1,0,1,3,0,1,0,5,4,2,0,5,7,6,1996,1996,1,1,12,13,0,0,4,3,2,4,3,3,6,385,5,344,70,799,1,5,1,4,827,834,0,1661,1,0,2,1,3,1,2,6,6,1,3,2,1996,2,2,550,3,3,2,158,61,0,0,0,0,0,0,0,0,4,2009,5,4,212000
50,4,40,4400,1,0,3,3,0,4,0,17,2,2,0,0,6,8,1920,1950,1,1,11,12,0,0,3,3,0,2,3,1,1,0,1,0,648,648,1,3,1,0,734,384,0,1118,0,0,1,0,2,1,3,6,6,0,0,6,1990,3,2,440,3,3,2,0,0,0,0,0,0,0,0,0,0,10,2006,8,4,116000
45,4,50,6000,1,0,3,3,0,4,0,3,2,2,0,1,6,7,1926,2004,1,1,13,14,0,0,4,3,2,3,3,1,1,0,1,0,884,884,1,4,1,4,904,0,0,904,0,0,1,0,2,1,3,4,6,0,0,6,1926,3,1,180,3,3,2,0,0,105,0,0,0,0,0,0,0,1,2009,8,4,119000
30,3,40,4280,1,0,3,3,0,4,0,6,2,2,0,2,5,6,1913,2002,1,1,14,12,0,0,3,3,2,3,3,1,2,365,1,0,75,440,1,3,0,4,694,0,0,694,0,0,1,0,2,1,2,4,6,1,4,6,1990,3,1,352,4,3,1,0,0,34,0,0,0,0,3,0,0,3,2007,8,4,90350
50,3,67,12354,1,1,3,3,0,0,0,7,2,2,0,0,6,8,1920,2000,1,1,13,14,0,0,3,3,0,3,2,2,1,0,1,0,684,684,1,4,1,4,684,512,0,1196,0,0,1,0,3,1,2,7,6,0,0,6,2005,3,2,528,3,3,2,0,46,0,0,0,0,0,4,1,800,8,2009,4,4,110000
20,3,105,15431,1,0,3,3,0,4,0,16,2,2,0,2,10,5,2008,2008,3,1,12,13,3,200,5,3,2,5,3,4,6,1767,5,539,788,3094,1,5,1,4,2402,0,0,2402,1,0,2,0,2,1,0,10,6,2,4,2,2008,1,3,672,3,3,2,0,72,0,0,170,0,0,0,0,0,4,2009,8,4,555000
90,3,92,12108,1,0,3,3,0,4,0,7,2,2,2,2,4,4,1955,1955,1,1,12,13,2,270,3,3,1,3,3,1,5,133,1,0,1307,1440,1,3,0,1,1440,0,0,1440,0,0,2,0,4,2,1,8,6,0,0,0,0,0,0,0,0,0,2,0,0,0,0,0,0,0,0,0,0,9,2008,8,4,118000
50,4,52,6240,1,0,3,3,0,4,0,3,2,2,0,0,5,7,1930,1992,1,1,8,8,0,0,3,3,2,3,3,1,1,0,1,0,1078,1078,1,3,1,4,1128,445,0,1573,0,0,2,0,3,1,3,8,6,1,4,6,1930,3,2,360,3,3,1,0,0,0,0,0,0,0,0,0,0,6,2008,8,4,162900
120,3,53,3922,1,0,3,3,0,4,0,0,2,2,4,2,7,5,2006,2007,1,1,14,15,2,72,4,3,2,5,3,3,1,0,1,0,1258,1258,1,5,1,4,1258,0,0,1258,0,0,2,0,2,1,2,6,6,1,4,2,2007,1,3,648,3,3,2,144,16,0,0,0,0,0,0,0,0,6,2007,6,5,172500
60,3,70,8750,1,0,3,3,0,4,0,5,2,2,0,5,7,5,1994,1995,1,1,12,13,0,0,4,4,2,4,3,1,6,642,1,0,273,915,1,5,1,4,933,975,0,1908,1,0,2,1,4,1,2,8,6,1,3,2,1994,3,2,493,3,3,2,144,133,0,0,0,0,0,0,0,0,7,2008,8,4,210000
20,3,73,9855,1,0,3,3,0,0,0,7,2,2,0,2,6,5,1956,1956,3,1,13,14,0,0,3,3,1,3,3,1,1,0,1,0,1436,1436,1,2,1,4,1689,0,0,1689,0,0,1,0,3,1,3,7,6,1,4,2,1956,3,2,480,3,3,2,0,0,0,0,0,0,0,3,0,0,11,2009,0,4,127500
20,3,137,16492,1,0,0,3,0,0,0,12,3,2,0,2,6,6,1966,2002,1,1,3,10,0,0,4,3,1,3,3,1,5,247,3,713,557,1517,1,5,1,4,1888,0,0,1888,0,0,2,1,2,1,2,6,4,1,4,2,1966,1,2,578,3,3,2,0,0,0,0,0,0,0,0,0,0,6,2010,8,4,190000
60,3,70,11214,1,0,0,3,0,0,0,8,2,2,0,5,7,5,1998,1999,1,1,12,13,0,0,4,3,2,4,3,1,1,0,1,0,930,930,1,4,1,4,956,930,0,1886,0,0,2,1,4,1,2,10,6,1,3,2,1998,1,2,431,3,3,2,89,0,0,0,0,0,0,0,0,0,7,2006,8,4,199900
50,4,50,8600,1,0,3,0,0,4,0,9,2,2,0,0,6,6,1937,1950,1,1,8,8,0,0,3,3,0,3,3,1,1,0,1,0,780,780,1,3,1,4,780,596,0,1376,0,0,2,0,3,1,3,7,6,1,4,6,1937,3,1,198,3,3,0,0,0,0,0,0,0,0,0,0,0,6,2006,8,4,119500
50,4,50,6000,1,0,3,3,0,4,0,17,2,2,0,0,3,7,1948,2002,1,1,8,8,0,0,3,4,1,3,3,1,5,331,1,0,318,649,1,5,1,4,679,504,0,1183,0,0,1,1,2,1,3,6,6,0,0,6,1981,3,1,308,3,3,2,0,176,0,0,0,0,0,0,0,0,6,2007,8,4,120000
30,4,70,5684,1,0,3,3,0,4,0,17,2,2,0,2,6,8,1930,2005,3,1,13,14,0,0,3,3,0,3,3,1,1,0,1,0,813,813,1,5,1,0,813,0,0,813,0,0,1,0,2,1,2,5,6,0,0,6,1932,3,1,270,2,2,0,0,113,0,0,0,0,0,0,0,0,6,2006,8,4,110000
20,3,62,70761,1,0,0,2,0,4,1,4,2,2,0,2,7,5,1975,1975,1,7,9,10,0,0,3,3,1,4,3,4,5,655,1,0,878,1533,1,3,1,4,1533,0,0,1533,1,0,2,0,2,1,2,5,6,2,3,2,1975,3,2,576,3,3,2,200,54,0,0,0,0,0,0,0,0,12,2006,8,4,280000
60,3,70,9303,1,0,0,3,0,0,0,23,2,2,0,5,6,5,1996,1997,3,1,12,13,2,42,4,3,2,5,3,1,5,742,1,0,130,872,1,5,1,4,888,868,0,1756,1,0,2,1,3,1,3,7,6,0,0,2,1996,1,2,422,3,3,2,144,122,0,0,0,0,0,0,0,0,7,2007,8,4,204000
60,1,75,9000,1,0,3,3,0,4,0,21,2,2,0,5,8,5,2008,2008,1,1,12,13,0,0,4,3,2,4,3,1,1,0,1,0,768,768,1,5,1,4,786,804,0,1590,0,0,2,1,3,1,2,6,6,0,0,2,2008,2,2,676,3,3,2,0,30,0,0,0,0,0,0,0,0,6,2009,8,4,210000
90,3,63,9297,1,0,3,3,0,4,0,11,2,2,2,2,5,5,1976,1976,1,1,9,10,0,0,3,3,1,3,3,1,5,1606,1,0,122,1728,1,3,1,4,1728,0,0,1728,2,0,2,0,4,2,3,8,6,0,0,6,1976,3,2,560,3,3,2,0,0,0,0,0,0,0,0,0,0,7,2006,8,3,188000
20,3,80,9600,1,0,3,3,0,4,0,14,2,2,0,2,7,6,1973,1973,3,1,6,6,2,320,3,3,1,3,3,1,5,916,1,0,326,1242,1,2,1,4,1242,0,0,1242,0,0,1,1,3,1,3,6,6,1,3,2,1973,3,2,528,3,3,2,0,0,0,0,0,0,0,0,0,0,9,2007,8,4,175500
70,4,34,4571,1,1,3,3,0,4,0,17,2,2,0,5,5,5,1916,1950,1,1,0,0,0,0,3,3,0,3,3,1,1,0,1,0,624,624,1,2,0,4,624,720,0,1344,0,0,1,0,4,1,3,7,6,0,0,6,1916,3,3,513,2,2,2,0,0,96,0,0,0,0,0,0,0,5,2008,0,0,98000
20,3,70,53227,1,0,0,2,0,1,1,4,2,2,0,2,4,6,1954,1994,0,5,9,10,0,0,3,3,1,4,3,4,4,1116,1,0,248,1364,1,5,1,4,1663,0,0,1663,1,0,1,0,2,1,2,6,2,2,4,2,1954,1,2,529,3,3,2,224,137,0,0,0,0,0,0,0,0,3,2008,8,4,256000
70,4,70,5100,1,1,3,3,0,4,0,17,2,2,0,5,8,7,1925,1996,3,1,11,15,0,0,3,4,2,3,3,1,1,0,1,0,588,588,1,2,1,4,833,833,0,1666,0,0,1,0,3,1,2,7,6,1,4,6,1925,3,1,228,3,3,2,192,63,0,0,0,0,0,3,0,0,6,2008,8,4,161000
50,3,70,7015,1,0,0,0,0,0,0,3,2,2,0,0,5,4,1950,1950,1,1,8,8,1,161,3,3,1,3,3,1,2,185,1,0,524,709,1,3,1,4,979,224,0,1203,1,0,1,0,3,1,2,5,6,1,3,6,1950,3,1,352,3,3,2,0,0,248,0,0,0,0,0,0,0,7,2009,8,4,110000
60,1,75,8004,1,0,0,3,0,4,0,21,6,2,0,5,8,5,2009,2009,1,1,12,13,3,110,4,3,2,4,3,1,6,544,1,0,288,832,1,5,1,4,832,1103,0,1935,1,0,2,1,3,1,3,8,6,0,0,4,2009,1,2,552,3,3,2,0,150,0,0,0,0,0,0,0,0,12,2009,6,5,263435
70,3,60,7200,1,0,3,3,0,4,0,18,1,2,0,5,7,9,1936,2007,1,1,13,14,0,0,4,4,2,4,4,1,5,350,4,210,0,560,1,5,1,4,575,560,0,1135,1,0,1,0,3,1,2,6,6,0,0,6,1971,2,2,576,3,3,2,256,0,0,0,0,0,0,3,0,0,4,2009,8,4,155000
20,3,60,8281,1,0,0,3,0,4,0,19,2,2,0,2,5,5,1965,1965,1,1,8,8,0,0,3,3,1,3,3,1,3,553,4,311,0,864,1,4,1,4,864,0,0,864,0,0,1,0,3,1,3,5,6,1,1,6,1965,3,1,360,3,3,2,0,0,236,0,0,0,0,2,0,0,12,2009,8,4,62383
70,3,74,11988,1,0,0,1,0,4,1,6,2,2,0,5,6,7,1934,1995,3,1,11,12,0,0,3,3,1,3,3,1,2,326,1,0,389,715,1,2,1,0,849,811,0,1660,0,0,1,1,3,1,3,6,6,1,4,6,1939,3,1,240,3,3,2,0,0,0,0,0,0,0,0,0,0,8,2008,8,4,188700
20,3,60,8430,1,0,3,1,0,4,1,5,2,2,0,2,5,5,1978,1978,1,1,6,6,2,136,3,3,1,4,3,1,3,616,1,0,424,1040,1,3,1,4,1040,0,0,1040,0,0,2,0,3,1,3,5,6,0,0,0,0,0,0,0,0,0,2,0,0,0,0,0,0,0,0,0,0,8,2009,8,4,124000
120,4,70,3072,1,0,3,3,0,4,0,0,2,2,4,2,7,5,2004,2004,3,1,12,13,2,18,4,3,2,4,3,1,1,0,1,0,1375,1375,1,5,1,4,1414,0,0,1414,0,0,2,0,2,1,2,6,6,1,3,2,2004,1,2,398,3,3,2,144,20,0,0,0,0,0,0,0,0,5,2006,8,4,178740
20,3,85,10628,1,0,3,3,0,4,0,12,2,2,0,2,7,5,1970,1970,0,5,9,10,0,0,3,4,1,3,4,4,6,778,1,0,499,1277,1,3,1,4,1277,0,0,1277,1,0,1,0,2,1,3,5,6,1,1,2,1970,3,2,526,3,3,2,0,0,0,0,176,0,0,2,0,0,4,2007,8,4,167000
70,3,79,9480,1,0,3,3,0,4,0,12,0,2,0,5,5,7,1942,1995,1,1,8,8,3,224,3,3,1,3,3,1,2,386,1,0,342,728,1,5,1,4,888,756,0,1644,0,0,1,1,3,1,2,7,6,2,4,2,1942,3,1,312,3,3,2,168,0,0,0,0,0,0,0,0,0,6,2007,8,4,146500
20,3,98,11428,1,0,0,3,0,4,0,16,2,2,0,2,8,5,2006,2006,1,1,12,13,3,248,4,3,2,4,3,1,1,0,1,0,1626,1626,1,5,1,4,1634,0,0,1634,0,0,2,0,3,1,2,7,6,1,4,2,2006,2,3,866,3,3,2,0,44,0,0,0,0,0,0,0,0,5,2007,8,4,250000
60,3,76,9291,1,0,0,3,0,0,0,20,7,2,0,5,6,5,1993,1993,1,1,6,6,2,120,4,3,2,4,3,1,6,426,1,0,406,832,1,5,1,4,832,878,0,1710,0,0,2,1,3,1,2,7,6,0,0,2,1993,2,2,506,3,3,2,144,70,0,0,0,0,0,0,0,0,6,2008,8,4,187000
120,3,70,6820,1,0,0,3,0,0,0,22,2,2,4,2,8,5,1985,1985,1,1,6,6,0,0,4,3,2,4,3,3,6,368,4,1120,0,1488,1,3,1,4,1502,0,0,1502,1,0,1,1,1,1,2,4,6,0,0,2,1985,2,2,528,3,3,2,0,54,0,0,140,0,0,0,0,0,6,2010,8,4,212000
60,3,92,11952,1,0,3,3,0,4,0,14,3,2,0,5,7,6,1977,1977,4,6,14,10,0,0,3,3,1,4,3,1,1,0,1,0,808,808,1,3,1,4,1161,808,0,1969,0,0,2,1,3,1,3,8,6,1,4,2,1977,2,2,534,3,3,2,0,0,0,0,276,0,0,0,0,0,11,2007,8,4,190000
180,4,35,3675,1,0,3,3,0,4,0,7,2,2,4,7,6,5,2005,2005,1,1,12,13,2,80,3,3,2,4,3,4,6,459,1,0,88,547,1,5,1,4,1072,0,0,1072,1,0,1,0,2,1,3,5,6,0,0,3,2005,2,2,525,3,3,2,0,28,0,0,0,0,0,0,0,0,6,2008,8,4,148000
20,3,110,14977,1,0,0,3,0,4,0,16,2,2,0,2,8,5,2006,2007,1,1,12,13,2,304,4,3,2,5,3,4,6,1350,1,0,626,1976,1,5,1,4,1976,0,0,1976,1,0,2,0,2,1,2,7,6,1,5,2,2006,2,3,908,3,3,2,250,63,0,0,0,0,0,0,0,0,7,2007,6,5,440000
120,3,41,5330,1,0,3,3,0,4,0,22,2,2,4,2,8,5,2000,2000,1,1,5,5,0,0,4,3,2,4,3,3,6,1196,1,0,298,1494,1,5,1,4,1652,0,0,1652,1,0,2,0,2,1,0,6,6,0,0,2,2000,2,2,499,3,3,2,96,48,0,0,0,0,0,0,0,0,8,2007,8,4,251000
20,3,80,8480,1,0,3,3,0,0,0,19,2,2,0,2,5,6,1963,1963,3,1,6,6,0,0,3,3,1,3,3,1,6,630,1,0,340,970,1,3,1,4,970,0,0,970,1,0,1,0,2,1,3,5,6,0,0,6,1996,3,2,624,3,3,2,0,24,0,0,192,0,0,0,0,0,7,2007,8,4,132500
20,3,75,13125,1,0,3,3,0,4,1,5,2,2,0,2,6,5,1997,1998,1,1,12,13,2,215,3,3,2,4,3,4,6,994,1,0,484,1478,1,5,1,4,1493,0,0,1493,1,0,2,0,3,1,2,7,6,1,3,2,1997,1,2,508,3,3,2,140,39,0,0,0,0,0,0,0,0,4,2008,8,4,208900
60,3,105,13693,1,0,3,3,0,4,0,16,2,2,0,5,9,5,2006,2006,3,1,12,13,2,772,5,3,2,4,3,3,1,0,1,0,2153,2153,1,5,1,4,2069,574,0,2643,0,0,2,1,3,1,0,9,6,1,4,4,2006,1,3,694,3,3,2,414,84,0,0,0,0,0,0,0,0,3,2007,8,4,380000
20,3,79,10637,1,0,3,3,0,4,0,5,2,2,0,2,8,5,2007,2008,3,1,12,13,3,336,4,3,2,5,3,4,6,1288,1,0,417,1705,1,5,1,4,1718,0,0,1718,1,0,2,0,3,1,2,7,6,1,4,2,2007,2,3,826,3,3,2,208,44,0,0,0,0,0,0,0,0,9,2009,8,4,297000
30,4,50,5925,1,0,3,0,0,4,0,17,2,2,0,2,4,7,1937,2000,3,1,11,12,1,435,3,3,0,2,3,1,3,168,1,0,739,907,1,3,1,4,1131,0,0,1131,0,0,1,0,2,1,3,7,6,0,0,6,1995,3,2,672,3,3,2,0,72,0,0,0,0,0,3,0,0,3,2007,8,2,89471
20,3,98,16033,1,0,0,3,0,2,0,16,2,2,0,2,9,5,2004,2005,3,1,12,13,2,378,4,3,2,5,3,4,6,1261,1,0,572,1833,1,5,1,4,1850,0,0,1850,1,0,2,0,3,1,2,8,6,1,4,2,2004,1,3,772,3,3,2,519,112,0,0,0,0,0,0,0,0,3,2006,8,4,326000
20,3,72,11846,1,0,0,1,0,4,0,16,2,2,0,2,9,5,2003,2004,3,1,12,13,2,562,4,3,2,5,3,4,6,1567,1,0,225,1792,1,5,1,4,1792,0,0,1792,1,0,2,0,2,1,0,6,6,1,4,2,2003,1,3,874,3,3,2,206,49,0,0,0,0,0,0,0,0,8,2006,8,4,374000
70,4,50,2500,1,2,3,3,0,0,0,17,2,2,0,5,7,8,1915,2005,1,1,11,12,0,0,4,3,2,3,3,1,5,299,1,0,611,910,1,5,1,4,916,910,0,1826,1,0,1,1,4,1,0,7,3,1,4,2,1915,3,1,164,2,2,2,0,0,0,0,0,0,0,0,0,0,6,2009,8,4,155000
120,4,32,4500,1,0,3,3,0,2,0,11,2,2,3,2,6,5,1998,1998,3,1,12,13,2,116,3,3,2,5,3,1,6,897,1,0,319,1216,1,5,1,4,1216,0,0,1216,1,0,2,0,2,1,3,5,6,0,0,2,1998,3,2,402,3,3,2,0,125,0,0,0,0,0,0,0,0,5,2006,8,4,164000
20,3,70,7758,1,0,0,3,0,0,0,19,2,2,0,2,5,7,1962,2001,1,1,6,10,0,0,3,4,1,3,3,1,5,588,1,0,411,999,1,4,1,4,999,0,0,999,1,0,1,0,3,1,2,6,6,0,0,6,1963,3,1,264,3,3,2,0,132,0,0,0,0,0,0,0,0,3,2007,8,4,132500
20,3,80,9600,1,0,3,3,0,4,0,12,2,2,0,2,5,7,1950,2007,1,1,8,8,0,0,4,3,1,3,3,1,5,607,1,0,506,1113,1,4,1,4,1113,0,0,1113,0,0,1,0,3,1,2,5,6,1,4,2,1950,3,1,264,3,3,2,0,80,120,0,0,0,0,0,0,0,7,2009,8,4,147000
20,3,79,10289,1,0,3,3,0,4,0,12,2,2,0,2,5,7,1965,1965,3,1,8,8,2,168,3,3,1,3,3,1,5,836,1,0,237,1073,1,3,1,4,1073,0,0,1073,1,0,1,1,3,1,3,6,6,0,0,2,1965,2,2,515,3,3,2,0,0,0,0,0,0,0,0,0,0,6,2007,8,4,156000
20,3,70,12243,1,0,0,3,0,4,0,14,2,2,0,2,5,6,1971,1971,1,1,9,10,0,0,3,3,1,4,3,3,5,998,1,0,486,1484,1,4,1,4,1484,0,0,1484,0,0,2,0,3,1,3,7,6,1,3,2,1971,3,2,487,3,3,2,224,0,0,0,180,0,0,0,0,0,2,2007,8,4,175000
190,3,60,10800,1,0,3,3,0,0,0,17,2,2,1,0,5,4,1900,1970,1,1,13,14,0,0,3,2,1,3,2,1,4,664,1,0,290,954,1,3,0,0,1766,648,0,2414,0,0,2,0,3,2,3,10,4,1,4,2,1970,3,2,520,3,2,0,142,0,0,0,0,0,0,0,0,0,5,2006,3,4,160000
180,4,21,1526,1,0,3,3,0,4,0,10,2,2,3,6,4,8,1970,2002,1,1,5,5,0,0,3,4,1,4,3,3,6,515,1,0,115,630,1,3,1,4,630,0,0,630,1,0,1,0,1,1,2,3,6,0,0,2,1970,3,1,286,3,3,2,0,0,0,0,0,0,0,0,0,0,5,2009,8,4,86000
160,4,70,2665,1,0,3,3,0,4,0,10,2,2,4,5,5,6,1976,1976,1,1,5,5,0,0,3,3,2,4,3,2,1,0,1,0,264,264,1,3,1,4,616,688,0,1304,0,0,1,1,3,1,3,4,6,1,4,4,1976,1,1,336,3,3,2,141,24,0,0,0,0,0,0,0,0,6,2008,8,4,115000
50,3,79,9490,1,0,3,3,0,4,0,12,0,2,0,0,6,7,1941,1950,1,1,13,14,0,0,3,3,1,3,3,1,4,403,3,165,238,806,1,3,1,0,958,620,0,1578,1,0,1,0,3,1,1,5,6,2,3,2,1941,3,1,240,3,3,2,0,0,32,0,0,0,0,3,0,0,8,2006,8,4,133000
60,3,105,15578,1,0,0,3,0,0,0,8,2,2,0,5,6,5,2006,2006,1,1,12,13,0,0,4,3,2,4,3,1,1,0,1,0,728,728,1,4,1,4,728,728,0,1456,0,0,2,1,3,1,3,8,6,0,0,2,2006,2,2,429,3,3,2,0,0,0,0,0,0,0,0,0,0,5,2006,6,5,172785
20,3,70,7931,1,0,3,3,0,4,0,12,2,2,0,2,5,6,1960,1960,1,1,3,14,0,0,3,3,1,3,3,1,4,374,2,532,363,1269,1,3,1,0,1269,0,0,1269,0,0,1,1,3,1,3,6,6,1,2,6,1964,3,1,308,3,3,2,0,0,0,0,0,0,0,0,0,0,6,2008,8,4,155000
30,4,50,5784,1,0,3,3,0,4,0,17,0,2,0,2,5,8,1938,1996,1,1,8,8,0,0,3,3,0,2,3,1,1,0,1,0,190,190,1,4,1,0,886,0,0,886,0,0,1,0,2,1,3,4,6,0,0,2,1938,3,1,273,3,3,2,144,20,80,0,0,0,0,0,0,0,12,2009,8,4,91300
30,0,60,7879,1,0,3,3,0,4,0,9,2,2,0,2,4,5,1920,1950,1,1,13,14,0,0,3,3,1,3,3,1,3,495,1,0,225,720,1,3,0,0,720,0,0,720,0,0,1,0,2,1,3,4,6,0,0,0,0,0,0,0,0,0,0,0,523,115,0,0,0,0,2,0,0,11,2009,8,0,34900
20,3,70,12692,1,0,0,3,0,4,0,15,2,2,0,2,8,5,1992,1993,3,1,3,3,0,0,4,3,2,4,3,1,6,1231,1,0,1969,3200,1,5,1,4,3228,0,0,3228,1,0,3,0,4,1,2,10,6,1,4,2,1992,2,2,546,3,3,2,264,75,291,0,0,0,0,0,0,0,5,2007,8,4,430000
50,3,60,9120,1,2,3,3,0,4,0,3,2,2,0,0,7,6,1925,1950,1,1,13,14,0,0,3,4,2,3,3,1,3,329,1,0,697,1026,1,5,1,4,1133,687,0,1820,1,0,2,0,4,1,3,8,6,0,0,6,1925,3,1,240,3,3,0,0,100,0,0,0,0,0,4,0,0,6,2008,8,4,184000
20,3,65,7800,1,0,3,3,0,4,0,19,2,2,0,2,5,7,1967,2004,3,1,6,6,2,89,3,3,2,3,3,1,5,450,1,0,414,864,1,5,1,4,899,0,0,899,0,0,1,0,3,1,2,5,6,0,0,2,1967,1,1,288,3,3,2,64,0,0,0,0,0,0,3,0,0,6,2009,8,4,130000
20,3,70,7535,1,0,0,3,0,4,0,12,2,2,0,2,5,7,1958,1985,1,1,8,8,0,0,3,3,1,3,3,1,4,111,2,279,522,912,1,2,1,4,912,0,0,912,0,1,1,0,2,1,3,5,6,0,0,2,1958,1,1,297,3,3,2,12,285,0,0,0,0,0,1,1,480,6,2007,8,4,120000
160,4,21,1890,1,0,3,3,0,4,0,2,2,2,3,5,6,5,1973,1973,1,1,6,6,2,285,3,3,1,3,3,1,4,356,1,0,316,672,1,3,1,4,672,546,0,1218,0,0,1,1,3,1,3,7,6,0,0,6,1973,3,1,264,3,3,2,144,28,0,0,0,0,0,0,0,0,5,2007,8,4,113000
60,1,75,9803,1,0,3,3,0,4,0,21,2,2,0,5,7,5,2005,2005,1,1,12,13,0,0,4,3,2,4,3,1,6,400,1,0,466,866,1,4,1,4,866,902,0,1768,0,0,2,1,3,1,2,7,6,0,0,2,2005,2,2,603,3,3,2,0,108,0,0,0,0,0,0,0,0,2,2008,8,4,226700
20,3,70,9170,1,0,3,3,0,0,0,7,1,2,0,2,5,7,1965,1965,3,1,8,8,0,0,3,3,1,3,3,1,5,698,6,96,420,1214,1,5,1,4,1214,0,0,1214,1,0,1,0,2,1,3,6,6,0,0,6,1965,3,2,461,2,2,2,0,0,184,0,0,0,0,4,1,400,4,2007,8,4,140000
20,3,100,15602,1,0,0,3,0,4,0,6,2,2,0,2,7,8,1959,1997,1,1,3,14,0,0,3,3,1,3,3,1,5,1247,1,0,254,1501,1,3,1,4,1801,0,0,1801,1,0,2,0,1,1,3,6,6,2,3,2,1959,1,2,484,3,3,2,0,54,0,0,161,0,0,2,0,0,3,2010,8,4,289000
160,3,24,2308,1,0,3,3,0,4,0,13,2,2,4,5,6,5,1974,1974,1,1,9,2,0,0,3,3,1,3,3,1,5,257,3,495,103,855,1,3,1,4,855,467,0,1322,0,1,2,1,3,1,3,6,6,1,2,2,1974,3,2,440,3,3,2,260,0,0,0,0,0,0,0,0,0,6,2009,8,4,147000
90,4,60,7596,1,1,3,3,0,4,0,17,0,2,2,5,5,5,1952,1952,3,1,13,14,2,360,3,3,1,3,3,1,1,0,1,0,960,960,1,4,1,4,960,1000,0,1960,0,0,2,0,4,2,3,10,6,0,0,6,1952,3,2,400,3,3,0,0,0,0,0,0,0,0,0,0,0,7,2009,0,4,124500
60,3,80,9554,1,0,0,3,0,4,0,20,2,2,0,5,8,5,1993,1994,1,1,12,13,2,125,4,3,2,4,3,1,6,380,1,0,397,777,1,5,1,4,1065,846,0,1911,0,0,2,1,3,1,2,8,6,1,3,2,1993,2,2,471,3,3,2,182,81,0,0,0,0,0,0,0,0,9,2006,8,4,215000
20,1,75,7862,1,0,0,3,0,4,0,21,2,2,0,2,6,5,2009,2009,1,1,12,13,0,0,4,3,2,4,3,1,6,27,1,0,1191,1218,1,5,1,4,1218,0,0,1218,0,0,2,0,2,1,2,4,6,0,0,2,2009,1,2,676,3,3,2,0,102,0,0,0,0,0,0,0,0,9,2009,6,5,208300
70,4,60,9600,1,0,3,3,0,4,0,17,2,2,0,5,7,9,1928,2005,2,1,8,8,0,0,3,5,0,3,3,1,3,141,1,0,548,689,1,5,1,4,689,689,0,1378,0,0,2,0,3,1,2,7,6,1,4,6,1928,3,2,360,3,3,0,0,0,116,0,0,0,0,0,0,0,10,2008,8,4,161000
20,3,80,9600,1,0,3,3,0,0,0,12,2,2,0,2,5,6,1959,1959,1,1,8,8,2,132,3,3,1,3,3,1,5,991,1,0,50,1041,1,5,1,4,1041,0,0,1041,1,0,1,0,3,1,3,6,6,0,0,2,1959,2,1,270,3,3,2,224,88,0,0,0,0,0,3,0,0,7,2009,8,4,124500
20,3,75,14559,1,0,3,3,0,4,0,12,2,2,0,2,5,7,1951,2000,3,1,13,14,1,70,4,3,1,3,3,1,4,650,3,180,178,1008,1,5,1,4,1363,0,0,1363,1,0,1,0,2,1,3,6,2,2,3,5,1951,3,1,288,3,3,2,324,42,0,0,168,0,0,0,1,2000,6,2009,8,4,164900
120,3,40,6792,1,0,0,3,0,4,0,16,2,2,4,2,7,5,2005,2006,1,1,12,13,3,94,4,3,2,4,3,1,1,0,1,0,1368,1368,1,5,1,4,1368,0,0,1368,0,0,2,0,2,1,2,6,6,1,4,2,2005,2,2,474,3,3,2,132,35,0,0,0,0,0,0,0,0,3,2006,6,5,202665
20,3,70,9100,1,0,3,3,0,0,0,12,1,2,0,2,5,5,1958,1958,1,1,12,13,0,0,3,3,1,3,3,1,4,521,2,174,169,864,1,3,1,4,864,0,0,864,1,0,1,0,3,1,3,5,6,0,0,6,1964,3,2,624,3,3,2,0,0,0,0,0,0,0,0,0,0,7,2006,8,4,129900
20,3,71,9187,1,0,3,0,0,0,0,11,2,2,0,2,6,5,1983,1983,1,1,12,13,0,0,3,4,2,3,3,1,5,336,1,0,748,1084,1,3,1,4,1080,0,0,1080,0,0,1,1,3,1,3,5,6,0,0,2,1983,3,2,484,3,3,2,120,0,158,0,0,0,0,0,0,0,6,2007,8,4,134000
45,3,55,10594,1,0,3,3,0,4,0,6,2,2,0,1,5,5,1926,1950,1,1,13,14,0,0,3,3,0,3,3,1,1,0,1,0,768,768,3,2,0,4,789,0,0,789,0,0,1,0,2,1,3,5,6,0,0,6,1926,3,1,200,1,1,2,0,0,112,0,0,0,0,3,0,0,6,2007,8,4,96500
20,3,94,12220,1,0,3,3,0,4,0,16,2,2,0,2,10,5,2009,2009,3,1,5,5,2,305,5,3,1,5,3,1,6,1436,1,0,570,2006,1,5,1,4,2020,0,0,2020,1,0,2,1,3,1,0,9,6,1,4,2,2009,1,3,900,3,3,2,156,54,0,0,0,0,0,0,0,0,9,2009,6,5,402861
80,3,70,10448,1,0,0,3,0,0,0,14,2,2,0,7,6,6,1972,1972,1,1,6,6,2,333,3,3,1,3,3,1,1,0,1,0,689,689,1,3,1,4,1378,741,0,2119,0,0,2,1,3,1,3,7,6,1,3,2,1972,2,2,583,3,3,2,0,104,0,0,0,0,0,4,0,0,8,2009,0,0,158000
60,3,79,10208,1,0,0,3,0,4,0,15,2,2,0,5,7,5,1996,1997,1,1,12,13,2,921,4,3,2,4,3,1,1,0,1,0,1264,1264,1,5,1,4,1277,1067,0,2344,0,0,2,1,3,1,2,7,6,1,3,2,1996,2,3,889,3,3,2,220,0,0,0,0,0,0,0,0,0,7,2009,8,4,265000
60,3,70,9531,1,0,0,3,0,1,0,5,2,2,0,5,6,5,1998,1998,1,1,12,13,0,0,3,3,2,4,3,2,6,706,1,0,88,794,1,5,1,4,882,914,0,1796,1,0,2,1,3,1,3,7,6,0,0,2,1998,2,2,546,3,3,2,0,36,0,0,0,0,0,3,0,0,5,2007,8,4,211000
70,3,53,10918,1,0,3,3,0,4,0,6,2,2,0,5,7,9,1926,2004,2,1,8,8,0,0,4,3,0,4,3,1,1,0,1,0,1276,1276,1,5,1,4,1276,804,0,2080,0,0,1,1,3,1,2,9,6,2,4,6,1926,3,1,282,3,3,2,0,0,0,0,145,0,0,3,0,0,6,2009,8,4,234000
190,3,60,10800,1,1,3,3,0,4,0,17,2,2,1,5,4,7,1900,2000,1,1,8,8,0,0,3,3,0,0,0,0,0,0,0,0,0,0,1,3,0,0,694,600,0,1294,0,0,2,0,3,2,3,7,6,0,0,0,0,0,0,0,0,0,0,220,114,210,0,0,0,0,0,0,0,8,2008,8,4,106250
20,3,90,11988,1,0,0,3,0,0,0,12,1,2,0,2,6,6,1957,1957,1,1,12,13,0,0,3,3,1,3,3,1,3,777,1,0,467,1244,1,5,1,0,1244,0,0,1244,0,0,1,1,3,1,3,6,6,2,4,2,1957,3,1,336,3,3,2,0,40,0,0,0,0,0,0,0,0,5,2007,8,4,150000
50,4,50,5000,1,0,3,3,0,0,0,3,1,2,0,0,6,7,1947,1950,1,1,5,5,0,0,3,4,1,3,3,1,5,399,1,0,605,1004,1,5,1,4,1004,660,0,1664,0,0,2,0,3,1,3,7,6,2,4,6,1950,3,2,420,3,3,2,0,24,36,0,0,0,0,0,0,0,10,2006,8,4,159000
60,3,130,40094,1,0,0,0,0,4,0,7,4,4,0,5,10,5,2007,2008,3,1,5,5,3,762,5,3,2,5,3,4,6,2260,1,0,878,3138,1,5,1,4,3138,1538,0,4676,1,0,3,1,3,1,0,11,6,1,4,4,2007,1,3,884,3,3,2,208,406,0,0,0,0,0,0,0,0,10,2007,6,5,184750
60,3,95,11787,1,0,0,3,0,4,0,15,2,2,0,5,7,5,1996,1997,1,1,12,13,2,594,4,3,2,4,3,1,6,719,1,0,660,1379,1,5,1,4,1383,1015,0,2398,1,0,2,1,3,1,2,8,6,1,3,2,1996,1,3,834,3,3,2,239,60,0,0,0,0,0,0,0,0,8,2007,8,4,315750
20,1,62,7500,1,2,3,3,0,4,0,21,2,2,0,2,7,5,2005,2005,1,1,12,13,0,0,4,3,2,4,3,1,1,0,1,0,1257,1257,1,5,1,4,1266,0,0,1266,0,0,2,0,3,1,2,6,6,1,3,2,2005,3,2,453,3,3,2,38,144,0,0,0,0,0,0,0,0,4,2006,8,4,176000
20,3,70,13300,1,0,3,3,0,4,0,12,2,2,0,2,5,7,1956,2000,3,1,13,14,0,0,3,3,1,4,3,1,3,377,1,0,551,928,1,3,1,4,928,0,0,928,0,0,1,0,2,1,3,4,6,0,0,2,1956,3,1,252,3,3,2,261,0,156,0,0,0,0,0,0,0,6,2007,8,4,132000
60,3,67,14948,1,0,0,3,0,4,0,16,2,2,0,5,9,5,2008,2008,3,1,12,13,3,268,5,3,2,5,3,3,6,1330,1,0,122,1452,1,5,1,4,1476,1237,0,2713,1,0,2,1,3,1,0,11,6,1,4,2,2008,1,3,858,3,3,2,126,66,0,0,0,0,0,0,0,0,11,2008,6,5,446261
30,3,58,9098,1,0,0,3,0,4,0,7,2,2,0,2,4,7,1920,2002,1,1,13,14,0,0,3,3,0,3,3,2,5,348,1,0,180,528,1,5,1,4,605,0,0,605,1,0,1,0,2,1,3,5,6,0,0,0,0,0,0,0,0,0,0,0,0,144,0,0,0,0,0,0,0,7,2007,8,4,86000
20,3,70,32668,1,0,0,3,0,1,0,6,2,2,0,2,6,3,1957,1975,3,1,13,11,0,0,4,3,2,3,3,1,3,1219,1,0,816,2035,1,3,1,4,2515,0,0,2515,1,0,3,0,4,2,3,9,0,2,3,2,1975,2,2,484,3,3,2,0,0,200,0,0,0,0,0,0,0,3,2007,8,2,200624
80,3,85,10200,1,0,3,3,0,4,0,23,2,2,0,7,6,5,1988,1989,1,1,6,6,2,219,4,3,1,4,3,3,6,783,1,0,678,1461,1,5,1,4,1509,0,0,1509,1,0,2,0,3,1,2,5,6,1,2,2,1988,2,2,600,3,3,2,224,0,0,0,0,0,0,0,0,0,8,2008,8,0,175000
70,4,60,6155,1,0,0,3,0,3,0,3,8,1,0,5,6,8,1920,1999,1,1,13,14,0,0,3,3,0,2,2,2,1,0,1,0,611,611,1,5,1,4,751,611,0,1362,0,0,2,0,3,1,3,6,6,0,0,6,1920,1,2,502,3,2,2,0,0,84,0,0,0,0,0,0,0,6,2008,8,4,128000
20,3,60,7200,1,0,3,3,0,4,0,12,2,2,0,2,5,7,1955,2007,1,1,12,13,0,0,3,3,3,0,0,0,0,0,0,0,0,0,1,5,1,4,827,0,0,827,0,0,1,0,2,1,3,5,4,1,1,6,1967,3,1,392,3,3,2,0,0,0,0,0,0,0,0,0,0,4,2010,8,4,107500
20,3,50,5000,1,0,3,2,0,4,1,3,2,2,0,2,1,3,1946,1950,1,1,12,13,0,0,2,2,3,0,0,0,0,0,0,0,0,0,1,2,0,1,334,0,0,334,0,0,1,0,1,1,1,2,6,0,0,0,0,0,0,0,0,0,0,0,0,0,0,0,0,0,0,0,0,1,2007,8,4,39300
60,3,74,9056,1,0,0,3,0,4,0,8,2,2,0,5,8,5,2004,2004,1,1,12,13,0,0,4,3,2,5,4,3,1,0,1,0,707,707,1,5,1,4,707,707,0,1414,0,0,2,1,3,1,2,6,6,1,4,2,2004,1,2,403,3,3,2,100,35,0,0,0,0,0,0,0,0,10,2006,8,4,178000
190,3,70,7000,1,0,3,3,0,4,0,7,2,2,1,5,5,7,1910,1991,1,1,8,8,0,0,3,3,1,4,3,4,6,969,1,0,148,1117,1,3,1,4,820,527,0,1347,1,0,1,0,3,1,3,5,6,0,0,0,0,0,0,0,0,0,0,85,0,148,0,0,0,0,0,0,0,1,2008,8,4,107500
60,3,57,8924,1,0,0,3,0,1,0,5,2,2,0,5,7,5,1998,1999,1,1,12,13,0,0,3,3,2,4,3,3,1,0,1,0,880,880,1,5,1,4,880,844,0,1724,0,0,2,1,3,1,2,8,6,0,0,2,1998,1,2,527,3,3,2,120,155,0,0,0,0,0,0,0,0,7,2008,8,4,188000
20,3,70,12735,1,0,0,3,0,2,0,12,2,2,0,2,4,5,1972,1972,3,1,8,8,0,0,3,3,1,3,3,1,4,600,1,0,264,864,1,3,1,4,864,0,0,864,0,0,1,0,3,1,3,5,6,0,0,6,1980,3,2,576,3,3,2,216,0,0,0,0,0,0,1,0,0,4,2008,0,4,111250
20,3,70,11553,1,0,0,3,0,4,0,19,2,2,0,2,5,5,1968,1968,3,1,9,10,2,188,3,3,1,3,3,1,4,673,1,0,378,1051,1,3,1,4,1159,0,0,1159,0,0,1,1,3,1,3,7,6,1,2,2,1968,3,1,336,3,3,2,466,0,0,0,0,0,0,0,0,0,7,2006,8,4,158000
20,3,70,11423,1,0,3,3,0,4,0,5,2,2,0,2,8,5,2001,2002,1,1,12,13,2,479,4,3,2,4,3,3,6,1358,1,0,223,1581,1,5,1,4,1601,0,0,1601,1,0,2,0,3,1,2,6,6,1,3,2,2001,2,2,670,3,3,2,180,0,0,0,0,0,0,3,1,2000,5,2010,8,4,272000
20,3,85,14601,1,0,3,3,0,4,0,23,2,2,0,2,9,5,2006,2006,3,1,12,13,2,584,5,3,2,5,3,3,6,1260,1,0,578,1838,1,5,1,4,1838,0,0,1838,1,0,2,0,2,1,0,8,6,1,4,2,2006,1,3,765,3,3,2,270,68,0,0,0,0,0,0,0,0,3,2009,8,4,315000
60,3,70,11000,1,0,3,3,0,2,0,15,2,2,0,5,8,5,2000,2000,1,1,12,13,2,72,4,3,2,4,3,1,1,0,1,0,969,969,1,5,1,4,997,1288,0,2285,0,0,2,1,4,1,2,8,6,1,3,4,2000,1,3,648,3,3,2,0,56,0,0,0,0,0,0,0,0,6,2007,8,4,248000
20,3,78,10140,1,0,3,3,0,4,0,14,6,2,0,2,7,5,1998,1999,3,1,12,13,0,0,4,3,2,5,3,1,2,144,6,1127,379,1650,1,5,1,4,1680,0,0,1680,1,0,2,0,3,1,2,7,0,1,3,2,1998,1,2,583,3,3,2,78,73,0,0,0,0,0,0,0,0,6,2009,8,4,213250
120,2,34,4058,1,0,3,3,0,4,0,12,2,2,4,6,7,5,1998,1998,1,1,8,8,2,182,3,3,2,4,3,3,6,584,2,139,0,723,1,5,1,4,767,0,0,767,1,0,1,0,1,1,3,4,6,0,0,2,1998,1,1,367,3,3,2,120,40,0,0,0,0,0,0,0,0,6,2007,8,4,133000
60,3,58,17104,1,0,0,3,0,4,0,8,2,2,0,5,7,5,2006,2006,1,1,12,13,0,0,4,3,2,4,4,3,6,554,1,0,100,654,1,5,1,4,664,832,0,1496,1,0,2,1,3,1,2,7,6,1,4,2,2006,2,2,426,3,3,2,100,24,0,0,0,0,0,0,0,0,9,2006,6,5,179665
50,3,70,13837,1,0,0,3,0,0,0,14,2,2,0,0,7,5,1988,1988,1,1,6,6,2,178,4,4,2,4,4,1,6,1002,2,202,0,1204,1,4,1,4,1377,806,0,2183,0,0,2,1,4,1,2,9,6,0,0,2,1988,3,3,786,3,3,2,0,0,0,0,0,0,0,0,0,0,2,2006,8,4,229000
50,3,70,8737,1,0,0,0,0,4,0,3,2,2,0,0,6,7,1923,1950,1,1,3,14,0,0,3,3,0,4,3,1,3,300,1,0,765,1065,1,5,1,0,915,720,0,1635,0,0,1,1,3,1,3,6,6,1,4,6,1950,3,2,440,3,3,2,0,38,0,144,0,0,0,0,0,0,5,2007,8,4,210000
85,3,54,7244,1,0,3,3,0,4,0,11,2,2,0,6,5,7,1970,1970,1,1,12,13,0,0,3,4,1,4,3,3,5,619,1,0,149,768,1,5,1,4,768,0,0,768,1,0,1,0,2,1,3,5,6,0,0,6,1987,3,2,624,3,3,2,104,0,0,0,0,0,0,0,0,0,4,2007,8,4,129500
20,4,49,8235,1,0,0,1,0,4,0,17,1,7,0,2,5,7,1955,1995,1,1,8,8,0,0,3,4,1,3,3,1,2,180,3,645,0,825,1,3,1,4,825,0,0,825,1,0,1,0,2,1,3,4,6,0,0,6,1963,2,2,720,3,3,2,140,50,0,0,0,0,0,3,0,0,6,2008,8,4,125000
60,1,75,9375,1,0,3,3,0,4,0,21,2,2,0,5,7,5,2003,2004,1,1,12,13,0,0,4,3,2,4,3,1,1,0,1,0,912,912,1,5,1,4,912,1182,0,2094,0,0,2,1,4,1,2,8,6,1,4,4,2003,1,2,615,3,3,2,182,182,0,0,0,0,0,0,0,0,11,2009,8,4,263000
120,3,53,4043,1,0,3,3,0,4,0,13,2,2,4,2,6,6,1977,1977,1,1,9,10,0,0,3,3,1,4,3,1,5,559,1,0,510,1069,1,3,1,4,1069,0,0,1069,0,0,2,0,2,1,3,4,6,0,0,2,1977,2,2,440,3,3,2,0,55,0,0,200,0,0,0,0,0,10,2008,0,0,140000
20,4,50,6000,1,0,3,3,0,4,0,17,2,2,0,2,5,6,1957,1957,3,1,3,3,0,0,3,3,1,3,3,1,3,308,1,0,620,928,1,4,1,0,928,0,0,928,0,0,1,0,3,1,3,5,6,0,0,2,1957,1,1,288,3,3,2,0,0,0,0,0,0,0,0,0,0,6,2008,8,4,112500
20,3,87,11146,1,0,0,3,0,4,0,16,2,2,0,2,8,5,2006,2006,1,1,12,13,3,250,4,3,2,5,3,3,1,0,1,0,1709,1709,1,5,1,4,1717,0,0,1717,0,0,2,0,3,1,2,7,6,1,4,2,2006,2,3,908,3,3,2,169,39,0,0,0,0,0,0,0,0,7,2009,8,4,255500
20,3,67,8777,1,0,3,3,0,4,0,7,1,2,0,2,4,5,1949,2003,1,1,12,13,0,0,3,3,1,0,0,0,0,0,0,0,0,0,1,5,1,4,1126,0,0,1126,0,0,2,0,2,1,2,5,6,0,0,6,2002,1,2,520,3,3,0,0,96,0,0,0,0,0,3,0,0,5,2009,8,4,108000
60,3,85,10625,1,0,3,3,0,4,0,16,2,2,0,5,7,5,2003,2004,1,1,12,13,2,292,4,3,2,4,3,1,6,866,1,0,132,998,1,5,1,4,1006,1040,0,2046,1,0,2,1,3,1,2,8,6,1,4,4,2003,2,3,871,3,3,2,320,62,0,0,0,0,0,0,0,0,8,2008,8,4,284000
45,4,58,6380,1,0,3,3,0,4,0,3,2,2,0,1,5,6,1922,1950,1,1,8,8,0,0,3,3,0,3,2,1,1,0,1,0,993,993,1,3,1,0,1048,0,0,1048,0,0,1,0,2,1,3,5,6,1,4,6,1922,3,1,280,3,3,2,0,0,116,0,0,0,0,0,0,0,8,2006,8,4,113000
20,3,69,14850,1,0,0,3,0,4,0,12,2,2,0,2,5,5,1957,1957,1,1,13,14,0,0,3,3,1,3,3,1,3,895,1,0,197,1092,1,3,1,0,1092,0,0,1092,1,0,1,0,2,1,3,6,6,1,3,2,1957,1,1,299,3,3,2,268,0,0,0,122,0,0,1,0,0,5,2006,8,4,141000
50,0,60,11040,1,0,3,2,0,4,1,9,2,2,0,0,4,6,1920,1950,1,1,8,8,0,0,3,3,1,3,3,1,3,637,1,0,0,637,1,4,1,4,897,439,0,1336,0,0,1,1,3,1,3,7,6,0,0,5,1994,3,1,570,3,3,2,0,47,120,0,0,0,0,0,0,0,9,2006,0,4,108000
60,3,57,21872,1,0,1,1,0,2,0,8,2,2,0,5,7,5,1996,1997,1,1,6,6,0,0,3,3,2,4,3,4,6,604,1,0,125,729,1,5,1,4,729,717,0,1446,0,1,2,1,3,1,3,6,6,1,3,2,1996,3,2,406,3,3,2,264,22,0,0,0,0,0,0,0,0,8,2008,8,4,175000
120,3,70,3196,1,0,3,3,0,4,0,0,2,2,4,2,7,5,2003,2004,1,1,12,13,2,18,4,3,2,4,3,4,1,0,1,0,1374,1374,1,5,1,4,1557,0,0,1557,0,0,2,0,2,1,2,7,6,1,3,2,2003,1,2,420,3,3,2,143,20,0,0,0,0,0,0,0,0,10,2006,8,4,234000
20,3,70,11341,1,0,0,3,0,4,0,19,2,2,0,2,5,6,1957,1996,3,1,13,14,2,180,3,3,1,4,3,1,5,1302,1,0,90,1392,1,3,1,4,1392,0,0,1392,1,0,1,1,3,1,3,5,4,1,4,6,1957,3,2,528,3,3,2,0,0,0,0,95,0,0,0,0,0,5,2010,8,4,121500
20,3,77,10010,1,0,3,3,0,4,1,11,2,2,0,2,5,5,1974,1975,1,1,6,6,0,0,3,3,1,4,3,3,5,1071,2,123,195,1389,1,4,1,4,1389,0,0,1389,1,0,1,0,2,1,3,6,6,1,3,2,1975,2,2,418,3,3,2,240,38,0,0,0,0,0,0,0,0,4,2006,8,4,170000
30,3,63,13907,1,0,3,3,0,4,0,7,2,2,0,2,5,6,1940,1969,1,1,14,15,0,0,3,3,1,3,3,1,4,290,1,0,706,996,1,5,1,4,996,0,0,996,1,0,1,0,3,1,3,6,6,1,4,0,0,0,0,0,0,0,2,144,0,0,0,0,0,0,0,0,0,7,2008,8,4,108000
50,3,66,21780,1,0,3,3,0,4,0,7,2,2,0,0,6,7,1918,1950,1,1,13,14,0,0,3,3,0,4,3,2,1,0,1,0,1163,1163,1,5,1,4,1163,511,0,1674,0,0,2,0,4,1,3,8,6,1,4,6,1955,1,2,396,3,3,0,72,36,0,0,144,0,0,0,0,0,7,2008,8,4,185000
60,3,70,13346,1,0,0,3,0,1,0,15,2,2,0,5,7,5,1992,2000,1,1,6,6,0,0,4,3,2,4,3,1,6,728,1,0,367,1095,1,5,1,4,1166,1129,0,2295,1,0,2,1,4,1,2,9,6,1,3,2,1992,2,2,590,3,3,2,0,40,0,0,0,0,0,0,0,0,7,2006,8,4,268000
70,3,66,6858,1,0,3,0,0,0,0,18,2,2,0,5,6,4,1915,1950,1,1,13,14,0,0,3,3,2,4,3,1,1,0,1,0,806,806,1,3,0,1,841,806,0,1647,1,0,1,1,4,1,1,6,6,0,0,6,1920,3,1,216,3,3,2,0,66,136,0,0,0,0,0,0,0,5,2010,8,4,128000
60,3,77,11198,1,0,0,3,0,4,0,22,2,2,0,5,9,5,2005,2007,3,1,12,13,2,245,4,3,2,4,4,1,1,0,1,0,1122,1122,1,5,1,4,1134,1370,0,2504,0,0,2,1,4,1,0,11,6,1,4,4,2005,1,3,656,3,3,2,144,39,0,0,0,0,0,0,0,0,6,2008,8,4,325000
20,3,70,10171,1,0,0,3,0,4,0,16,2,2,0,2,7,5,2004,2004,1,1,12,13,2,168,4,3,2,4,3,1,6,2,1,0,1515,1517,1,5,1,4,1535,0,0,1535,0,0,2,0,3,1,2,7,6,0,0,2,2004,2,2,532,3,3,2,0,0,0,0,0,0,0,0,0,0,3,2010,8,4,214000
50,3,79,12327,1,0,0,2,0,4,1,20,2,2,0,0,8,8,1983,2009,1,1,13,14,0,0,4,3,1,4,3,4,6,1441,1,0,55,1496,1,5,1,4,1496,636,0,2132,1,0,1,1,1,1,2,5,3,1,4,4,1983,1,2,612,4,3,2,349,40,0,0,0,0,0,0,0,0,9,2009,8,4,316600
90,3,70,7032,1,0,0,3,0,0,0,12,2,2,2,6,5,5,1979,1979,1,1,8,8,0,0,3,3,1,4,3,4,6,943,1,0,0,943,1,3,1,4,943,0,0,943,1,0,1,0,2,1,3,4,6,2,3,6,1979,3,2,600,3,3,2,42,0,0,0,0,0,0,0,0,0,12,2006,8,4,135960
90,3,74,13101,1,0,0,3,0,4,0,12,2,2,2,2,5,5,1965,1965,1,1,6,6,2,108,3,3,1,3,3,1,2,231,1,0,1497,1728,1,3,1,4,1728,0,0,1728,0,0,2,0,6,2,3,10,6,0,0,6,1987,3,2,576,3,3,2,0,0,0,0,0,0,0,0,0,0,11,2008,8,4,142600
20,3,60,7332,1,0,3,3,0,4,0,12,2,2,0,2,6,6,1959,1959,1,1,14,15,2,207,3,3,1,3,3,1,4,414,1,0,450,864,1,5,1,4,864,0,0,864,1,0,1,0,2,1,2,4,6,0,0,2,1959,3,1,288,3,3,2,168,0,0,0,0,0,0,0,0,0,10,2006,8,0,120000
60,3,83,13159,1,0,0,1,0,0,0,23,2,2,0,5,7,5,2009,2009,1,1,12,13,0,0,3,3,2,5,3,3,1,0,1,0,846,846,1,4,1,4,846,846,0,1692,0,0,2,1,3,1,2,6,6,0,0,2,2009,2,2,650,3,3,2,208,114,0,0,0,0,0,0,0,0,7,2009,6,5,224500
80,3,76,9967,1,0,0,3,0,4,0,8,2,2,0,7,7,5,2000,2000,1,1,12,13,0,0,3,3,2,4,3,1,1,0,1,0,384,384,1,5,1,4,774,656,0,1430,0,0,2,1,3,1,3,8,6,1,3,4,2000,2,2,400,3,3,2,100,0,0,0,0,0,0,0,0,0,12,2007,8,4,170000
80,3,70,10500,1,0,3,3,0,2,0,12,2,2,0,7,5,7,1971,2005,2,1,8,1,2,82,3,3,1,3,3,3,5,349,1,0,23,372,1,3,1,4,576,533,0,1109,0,1,1,0,3,1,3,5,6,0,0,4,1971,3,1,288,3,3,2,35,0,0,0,0,0,0,2,0,0,12,2007,8,4,139000
50,3,80,8480,1,0,3,3,0,4,0,12,2,2,0,0,5,5,1947,1950,1,1,8,8,0,0,3,3,1,3,3,1,3,442,1,0,390,832,1,3,1,4,832,384,0,1216,0,0,1,0,2,1,3,6,6,0,0,6,1947,3,1,336,3,3,2,158,0,102,0,0,0,0,0,0,0,10,2008,0,0,118500
50,3,52,6292,1,0,3,3,0,4,0,18,2,2,0,0,7,7,1928,1950,1,1,13,14,0,0,3,3,0,3,3,1,1,0,1,0,861,861,1,4,1,4,877,600,0,1477,0,1,2,0,3,1,3,6,6,1,4,6,1928,3,1,216,3,3,2,0,50,0,0,0,0,0,0,0,0,8,2009,8,4,145000
80,3,96,11777,1,0,0,3,0,4,0,19,2,2,0,7,5,6,1966,1966,1,1,12,13,2,97,3,3,1,3,3,3,2,328,5,551,285,1164,1,5,1,4,1320,0,0,1320,1,0,1,0,3,1,3,6,6,2,2,2,1966,2,2,564,3,3,2,160,68,240,0,0,0,0,0,0,0,5,2006,8,0,164500
160,1,34,3604,1,2,3,3,0,0,0,21,2,2,4,5,7,5,2007,2007,1,1,12,13,0,0,4,3,2,4,3,1,1,0,1,0,689,689,1,5,1,4,703,689,0,1392,0,0,2,0,2,1,2,5,6,0,0,6,2007,3,2,540,3,3,2,0,102,0,0,0,0,0,0,0,0,2,2008,8,0,146000
50,4,81,12150,1,1,3,3,0,4,0,17,2,2,0,0,5,5,1954,1954,1,1,8,8,2,335,3,3,0,3,3,1,1,0,1,0,1050,1050,1,5,0,1,1050,745,0,1795,0,0,2,0,4,1,3,7,6,0,0,2,1954,3,1,352,2,3,2,0,0,0,0,0,0,0,0,0,0,11,2008,8,4,131500
20,3,70,14585,1,0,0,3,0,1,0,12,2,2,0,2,6,6,1960,1987,1,1,13,14,2,85,3,3,1,3,3,1,4,594,3,219,331,1144,1,5,1,4,1429,0,0,1429,0,1,1,0,3,1,2,7,6,2,4,2,1960,3,2,572,3,3,2,216,110,0,0,0,0,0,0,0,0,6,2007,8,4,181900
20,3,98,12704,1,0,3,3,0,4,0,16,2,2,0,2,8,5,2008,2009,3,1,12,13,2,306,5,3,2,5,3,1,1,0,1,0,2042,2042,1,5,1,4,2042,0,0,2042,0,0,2,1,3,1,0,8,6,1,4,2,2009,2,3,1390,3,3,2,0,90,0,0,0,0,0,0,0,0,8,2009,6,5,253293
90,3,81,11841,0,0,3,3,0,4,0,7,2,2,2,6,6,5,1990,1990,1,1,6,6,2,104,3,4,1,4,3,3,6,816,1,0,0,816,1,3,1,4,816,0,0,816,1,0,1,0,3,1,3,5,6,0,0,0,0,0,0,0,0,0,2,0,32,0,0,0,0,0,0,0,0,5,2007,8,4,118500
75,4,75,13500,1,0,3,3,0,4,0,17,0,3,0,4,10,9,1893,2000,1,1,13,14,0,0,5,5,0,3,3,1,1,0,1,0,1237,1237,1,4,1,4,1521,1254,0,2775,0,0,3,1,3,1,2,9,6,1,4,6,1988,3,2,880,4,3,2,105,502,0,0,0,0,0,0,0,0,7,2008,8,4,325000
50,4,51,6120,1,0,3,3,0,4,0,3,2,2,0,0,4,7,1935,1995,1,1,0,0,0,0,3,3,0,3,3,1,1,0,1,0,884,884,1,5,1,4,989,584,0,1573,0,0,1,0,3,1,2,6,6,0,0,6,1935,3,1,240,3,3,2,0,0,54,0,120,0,0,0,0,0,7,2009,8,4,133000
20,3,88,11443,1,0,3,3,0,4,0,23,2,2,0,2,8,5,2005,2006,3,1,12,13,2,208,4,3,2,5,3,4,6,1460,1,0,408,1868,1,5,1,4,2028,0,0,2028,1,0,2,0,2,1,2,7,6,2,4,2,2005,2,3,880,3,3,2,326,66,0,0,0,0,0,0,0,0,3,2006,6,5,369900
30,3,55,10267,1,0,3,3,0,4,0,3,6,2,0,2,6,7,1918,2000,1,1,11,15,0,0,3,4,0,3,4,2,3,210,5,606,0,816,1,5,1,4,838,0,0,838,1,0,1,0,2,1,1,5,6,0,0,6,1961,1,1,275,3,3,0,0,0,112,0,0,0,0,1,0,0,5,2008,8,4,130000
85,3,74,8740,1,0,0,3,0,4,0,19,2,2,0,6,5,6,1982,1982,3,1,6,6,0,0,3,3,1,3,3,3,5,672,1,0,168,840,1,3,1,4,860,0,0,860,1,0,1,0,2,1,3,4,6,0,0,6,1996,3,2,528,3,3,2,0,0,0,0,0,0,0,0,0,0,7,2009,8,4,137000
20,3,65,25095,1,0,0,2,0,4,2,4,2,2,0,2,5,8,1968,2003,0,5,13,14,0,0,3,3,1,3,3,4,6,1324,1,0,113,1437,1,5,1,4,1473,0,0,1473,2,0,1,0,1,1,0,5,6,2,4,2,1968,3,1,452,3,3,2,0,48,0,0,60,0,0,0,0,0,6,2009,8,5,143000
40,4,50,9100,1,0,3,3,0,4,0,3,6,1,0,2,5,6,1930,1960,1,1,12,13,0,0,3,3,0,3,3,1,1,0,1,0,742,742,1,3,1,0,779,0,156,935,0,0,1,0,2,1,3,4,6,0,0,6,1988,3,1,308,3,3,1,0,0,0,0,0,0,0,0,1,600,8,2008,8,4,79500
60,3,64,8320,1,0,3,3,0,4,0,5,2,2,0,5,7,5,2004,2004,1,1,12,13,0,0,4,3,2,4,3,1,6,490,1,0,280,770,1,5,1,4,770,812,0,1582,0,0,2,1,3,1,2,6,6,0,0,2,2004,2,2,520,3,3,2,0,45,0,0,0,0,0,0,0,0,9,2008,8,4,185900
60,3,97,13478,1,0,0,3,0,0,0,16,2,2,0,5,10,5,2008,2008,1,1,5,5,3,420,5,3,2,5,3,4,6,1338,1,0,384,1722,1,5,1,4,1728,568,0,2296,1,0,2,1,3,1,0,10,6,1,4,4,2008,2,3,842,3,3,2,382,274,0,0,0,0,0,0,0,0,6,2009,4,4,451950
20,3,60,6600,1,0,3,3,0,4,0,11,2,2,0,2,5,8,1982,2003,1,1,6,6,0,0,3,4,2,3,4,1,6,816,1,0,0,816,1,5,1,4,816,0,0,816,1,0,1,0,2,1,3,4,6,0,0,6,1985,1,2,816,3,3,2,0,0,0,0,0,0,0,0,0,0,6,2008,8,4,138000
120,4,70,4435,1,0,3,3,0,4,0,5,2,2,4,2,6,5,2003,2003,1,1,12,13,2,170,4,3,2,4,3,3,6,685,1,0,163,848,1,5,1,4,848,0,0,848,1,0,1,0,1,1,2,4,6,0,0,2,2003,1,2,420,3,3,2,140,0,0,0,0,0,0,0,0,0,5,2009,8,4,140000
20,3,88,7990,1,0,0,3,0,4,0,5,2,2,0,2,5,6,1975,1975,3,1,6,6,0,0,3,3,1,4,3,1,1,0,1,0,924,924,1,3,1,4,924,0,0,924,0,0,1,0,3,1,3,5,6,0,0,6,1981,3,1,280,3,3,2,0,0,0,0,0,0,0,3,0,0,4,2008,8,4,110000
20,3,69,11302,1,0,0,3,0,4,0,22,2,2,0,2,8,5,2005,2006,1,1,12,9,2,238,4,3,2,4,3,4,6,1422,1,0,392,1814,1,5,1,4,1826,0,0,1826,1,0,2,0,3,1,2,7,6,1,3,2,2005,1,3,758,3,3,2,180,75,0,0,120,0,0,0,0,0,8,2006,6,5,319000
70,4,60,3600,1,1,3,3,0,4,0,17,2,2,0,5,6,7,1910,1993,1,1,12,13,0,0,3,3,1,3,3,1,1,0,1,0,684,684,1,5,0,0,684,684,0,1368,0,0,1,0,3,1,3,7,6,0,0,6,1930,3,1,216,3,2,0,0,158,0,0,0,0,0,0,0,0,10,2006,8,4,114504
120,3,53,3922,1,0,3,3,0,4,0,0,2,2,4,2,7,5,2006,2007,1,1,12,13,2,72,4,3,2,5,3,3,1,0,1,0,1258,1258,1,5,1,4,1402,0,0,1402,0,2,0,2,2,1,2,7,6,1,4,2,2006,1,3,648,3,3,2,120,16,0,0,0,0,0,0,0,0,2,2007,6,5,194201
20,3,80,12984,1,0,3,0,0,4,0,6,2,2,0,2,5,6,1977,1977,1,1,9,10,2,459,3,3,1,4,3,2,5,1283,2,147,0,1430,1,5,1,4,1647,0,0,1647,1,0,2,0,3,1,2,7,6,1,3,2,1977,1,2,621,3,3,2,0,0,0,0,0,0,0,0,0,0,3,2006,8,4,217500
160,4,24,1950,1,0,3,3,0,4,0,1,2,2,3,5,6,6,1980,1980,1,1,8,8,0,0,3,4,1,4,3,1,2,81,6,612,23,716,1,3,1,4,716,840,0,1556,1,0,2,1,3,1,3,6,6,1,3,2,1980,1,2,452,3,3,2,161,0,0,0,0,0,0,4,0,0,7,2008,0,4,151000
60,3,74,10927,1,0,3,3,0,4,0,16,2,2,0,5,8,5,2005,2005,1,1,12,13,2,280,4,3,2,4,3,3,6,546,1,0,512,1058,1,5,1,4,1058,846,0,1904,1,0,2,1,3,1,0,8,6,1,4,4,2003,1,2,736,3,3,2,179,60,0,0,0,0,0,0,0,0,6,2006,8,4,275000
50,4,50,9000,1,0,3,0,0,4,0,9,2,2,0,0,6,6,1937,1950,1,1,13,14,0,0,3,4,2,3,3,1,1,0,1,0,780,780,1,3,1,4,780,595,0,1375,0,0,1,1,3,1,2,6,6,1,4,6,1979,3,1,544,3,3,1,0,162,0,0,126,0,0,0,0,0,12,2007,8,4,141000
60,3,80,10041,1,0,0,3,0,4,0,20,2,2,0,5,8,5,1992,1992,1,1,6,6,0,0,4,3,2,4,3,2,6,789,1,0,119,908,1,5,1,4,927,988,0,1915,1,0,2,1,3,1,2,8,6,1,3,2,1992,1,2,506,3,3,2,120,150,0,0,0,0,0,0,0,0,2,2006,8,0,220000
160,1,30,3182,1,2,3,3,0,4,0,21,2,2,4,5,7,5,2004,2005,1,1,8,8,0,0,4,3,2,4,3,1,1,0,1,0,600,600,1,5,1,4,600,600,0,1200,0,0,2,1,2,1,2,4,6,0,0,6,2004,2,2,480,3,3,2,0,172,0,0,0,0,0,0,0,0,6,2010,8,4,151000
20,3,88,12803,1,0,0,3,0,4,0,5,2,2,0,2,7,5,2002,2002,1,1,12,13,2,99,4,3,2,4,3,2,6,922,1,0,572,1494,1,5,1,4,1494,0,0,1494,1,0,2,0,3,1,2,6,6,1,3,2,2002,2,2,530,3,3,2,192,36,0,0,0,0,0,0,0,0,9,2008,8,4,221000
60,3,85,13600,1,0,3,3,0,4,0,12,2,2,0,5,7,6,1965,1990,1,1,6,6,2,176,3,3,1,3,3,1,4,454,1,0,314,768,1,3,1,4,1186,800,0,1986,0,0,2,1,3,1,3,7,6,3,2,2,1965,3,2,486,3,3,2,0,42,0,0,189,0,0,0,0,0,10,2009,8,4,205000
20,3,82,12464,1,0,1,2,0,0,1,5,2,2,0,2,5,5,1996,1996,1,1,12,13,0,0,3,4,2,4,3,1,6,732,1,0,308,1040,1,4,1,4,1040,0,0,1040,1,0,1,0,3,1,2,6,6,0,0,6,2000,3,2,576,3,3,2,168,0,0,0,0,0,0,4,0,0,11,2009,8,4,152000
20,3,78,7800,1,0,3,0,0,4,1,7,2,2,0,5,5,8,1948,2002,1,1,8,8,0,0,3,4,1,3,4,1,6,603,1,0,293,896,1,5,1,4,1112,896,0,2008,1,0,3,0,3,1,0,8,6,0,0,2,1948,3,1,230,3,3,2,103,0,0,0,0,0,0,0,0,0,8,2006,8,4,225000
70,3,78,12168,1,0,3,1,0,4,1,6,2,2,0,5,8,6,1934,1998,1,1,3,14,0,0,3,3,2,4,3,2,4,428,1,0,537,965,1,3,1,4,1940,1254,0,3194,0,0,2,1,4,1,3,10,6,2,4,3,1934,3,2,380,3,3,2,0,0,0,0,0,0,0,0,0,0,9,2007,8,2,359100
20,3,61,7943,1,0,3,3,0,4,0,19,1,2,0,2,4,5,1961,1961,1,1,12,13,1,192,3,2,1,3,3,2,3,903,1,0,126,1029,1,4,1,4,1029,0,0,1029,1,0,1,0,3,1,3,5,6,0,0,2,1961,3,1,261,3,3,2,64,0,39,0,0,0,0,0,0,0,4,2007,8,4,118500
60,3,70,11050,1,0,3,3,0,4,0,5,4,2,0,5,9,5,2000,2000,3,1,12,13,2,204,4,3,2,5,3,2,6,904,1,0,536,1440,1,5,1,4,1476,677,0,2153,1,0,2,1,3,1,0,8,6,2,5,2,2000,1,3,736,3,3,2,253,142,0,0,0,0,0,0,0,0,5,2009,8,4,313000
80,3,70,10395,1,0,0,3,0,2,0,14,2,2,0,7,6,6,1978,1978,1,1,6,6,2,233,3,3,1,4,3,3,5,605,1,0,427,1032,1,3,1,4,1032,0,0,1032,0,1,2,0,3,1,3,6,6,1,3,2,1978,3,2,564,3,3,2,0,0,0,0,0,0,0,3,1,500,7,2007,8,4,148000
60,3,70,11885,1,0,3,3,0,4,0,5,2,2,0,5,8,5,2001,2001,1,1,12,13,2,108,4,3,2,4,3,3,6,990,1,0,309,1299,1,5,1,4,1299,573,0,1872,1,0,2,1,3,1,0,7,6,1,3,4,2001,2,2,531,3,3,2,160,122,0,0,0,0,0,0,0,0,11,2009,8,4,261500
20,3,70,8402,1,0,3,3,0,4,0,11,1,2,0,2,5,5,2007,2007,1,1,12,13,0,0,3,3,2,4,3,1,5,206,1,0,914,1120,1,5,1,4,1120,0,0,1120,0,0,1,0,3,1,3,6,6,0,0,0,0,0,0,0,0,0,2,0,30,0,0,0,0,0,0,0,0,12,2007,6,5,147000
180,4,21,1491,1,0,3,3,0,4,0,10,2,2,4,6,4,6,1972,1972,1,1,5,5,0,0,3,3,1,4,3,3,2,150,6,480,0,630,1,5,1,4,630,0,0,630,1,0,1,0,1,1,3,3,6,0,0,0,0,0,0,0,0,0,2,96,24,0,0,0,0,0,0,0,0,5,2010,8,4,75500
85,3,80,8800,1,0,3,3,0,4,0,12,1,2,0,6,6,7,1963,1963,1,1,8,8,2,156,3,4,2,3,3,4,6,763,1,0,173,936,1,5,1,4,1054,0,0,1054,1,0,1,0,3,1,2,6,6,0,0,2,1963,2,2,480,3,3,2,120,0,0,0,0,0,0,3,0,0,5,2010,8,0,137500
60,3,70,7861,1,0,0,3,0,4,0,8,2,2,0,5,6,5,2002,2003,1,1,12,13,0,0,4,3,2,4,3,1,6,457,1,0,326,783,1,5,1,4,807,702,0,1509,1,0,2,1,3,1,2,7,6,1,4,2,2002,1,2,393,3,3,2,100,75,0,0,0,0,0,0,0,0,6,2006,8,4,183200
45,3,59,7227,1,0,3,1,0,0,1,12,0,2,0,1,6,6,1954,1954,1,1,8,8,0,0,3,3,1,3,3,1,1,0,1,0,832,832,1,4,1,4,832,0,0,832,0,0,1,0,2,1,2,4,6,0,0,6,1962,3,2,528,3,3,2,0,0,0,0,0,0,0,0,0,0,6,2008,8,4,105500
20,3,90,11694,1,0,3,3,0,4,0,16,2,2,0,2,9,5,2007,2007,3,1,5,5,2,452,5,3,2,5,3,3,6,48,1,0,1774,1822,1,5,1,4,1828,0,0,1828,0,0,2,0,3,1,2,9,6,1,4,2,2007,3,3,774,3,3,2,0,108,0,0,260,0,0,0,0,0,7,2007,6,5,314813
60,3,85,12244,1,0,3,3,0,4,0,23,2,2,0,5,8,5,2003,2003,3,1,12,13,3,226,4,3,2,4,3,4,6,871,1,0,611,1482,1,5,1,4,1482,780,0,2262,1,0,2,1,4,1,2,10,6,2,4,2,2003,1,3,749,3,3,2,168,0,0,0,0,0,0,0,0,0,8,2008,8,4,305000
30,3,45,8248,1,1,3,3,0,4,0,7,2,2,0,2,3,3,1914,1950,1,1,11,12,0,0,3,3,0,3,3,1,4,41,1,0,823,864,1,3,0,1,864,0,0,864,1,0,1,0,2,1,3,5,6,0,0,0,0,0,0,0,0,0,0,0,0,100,0,0,0,0,0,0,0,9,2008,8,4,67000
60,3,90,10800,1,0,3,3,0,4,0,14,2,2,0,5,6,7,1974,1997,1,1,6,6,0,0,3,3,1,3,3,1,5,956,3,182,384,1522,1,3,1,4,1548,1066,0,2614,0,0,2,1,4,1,3,9,6,1,3,2,1974,2,2,624,3,3,2,38,243,0,0,0,0,0,0,0,0,6,2008,8,4,240000
20,3,71,7064,1,0,3,3,0,4,0,19,2,2,0,2,5,6,1977,1977,1,1,9,10,2,153,3,3,1,3,3,1,4,560,1,0,420,980,1,3,1,4,980,0,0,980,0,0,1,0,3,1,3,6,6,0,0,6,1986,3,2,484,3,3,2,192,0,0,0,0,0,0,0,0,0,7,2009,8,4,135000
160,1,70,2117,1,0,3,3,0,4,0,21,2,2,4,5,6,5,2000,2000,1,1,8,8,2,513,4,3,2,4,3,1,6,420,1,0,336,756,1,5,1,4,756,756,0,1512,0,0,2,1,2,1,2,4,6,1,3,6,2000,3,2,440,3,3,2,0,32,0,0,0,0,0,0,0,0,6,2007,8,4,168500
60,3,80,10400,1,0,3,3,0,4,0,14,2,2,0,5,6,5,1972,1972,1,1,12,13,0,288,3,3,1,3,3,1,3,247,1,0,485,732,1,4,1,4,1012,778,0,1790,1,0,1,2,4,1,3,8,3,1,3,2,1972,2,2,484,3,3,2,148,0,0,0,147,0,0,0,0,0,11,2006,8,4,165150
20,3,87,10000,1,0,0,3,0,0,0,12,2,2,0,2,6,6,1962,1962,3,1,13,14,2,261,3,3,1,3,3,1,1,0,1,0,1116,1116,1,3,1,4,1116,0,0,1116,0,0,1,1,3,1,3,5,6,0,0,2,1962,3,2,440,3,3,2,0,0,0,0,385,0,0,0,0,0,2,2010,8,4,160000
20,3,70,12342,1,0,0,3,0,4,0,12,2,2,0,2,5,5,1960,1978,3,1,13,14,0,0,3,3,1,3,3,1,1,0,1,0,978,978,1,3,1,4,1422,0,0,1422,0,0,1,0,3,1,3,6,2,1,3,2,1960,2,1,286,3,3,2,0,0,36,0,0,0,0,2,1,600,8,2007,8,4,139900
80,3,80,9600,1,0,3,3,0,4,0,12,2,2,0,7,6,6,1955,1972,1,1,0,0,2,164,3,3,1,3,3,3,4,674,2,132,350,1156,1,5,1,4,1520,0,0,1520,1,0,1,0,3,1,3,7,6,2,4,3,1955,2,1,364,3,3,2,0,0,189,0,0,0,0,0,0,0,3,2010,8,4,153000
60,3,70,11606,1,0,0,1,0,4,2,12,2,2,0,5,5,5,1969,1969,1,1,9,10,2,192,3,3,2,4,3,3,3,650,1,0,390,1040,1,3,1,4,1040,1040,0,2080,0,1,1,2,5,1,1,9,6,2,3,2,1969,3,2,504,3,3,2,335,0,0,0,0,0,0,0,0,0,9,2007,8,3,135000
80,3,82,9020,1,0,3,3,0,0,0,12,1,2,0,7,6,5,1964,1964,1,7,9,14,2,259,3,3,1,3,3,4,6,624,3,336,288,1248,1,3,1,4,1350,0,0,1350,1,0,1,1,3,1,3,6,6,0,0,2,1964,2,2,520,3,3,2,176,0,0,0,0,0,0,4,0,0,6,2008,8,4,168500
70,4,50,9000,1,1,3,3,0,0,0,17,0,2,0,5,5,6,1880,1991,1,1,12,13,0,0,3,3,0,2,2,1,1,0,1,0,636,636,1,3,1,0,1089,661,0,1750,0,0,1,0,3,1,0,8,6,0,0,6,1937,3,1,240,2,1,0,0,0,293,0,0,0,0,3,0,0,6,2006,8,0,124000
120,3,34,4590,1,0,3,3,0,4,0,16,2,2,3,2,8,5,2006,2006,1,1,12,13,3,108,4,3,2,4,4,2,6,24,1,0,1530,1554,1,5,1,4,1554,0,0,1554,0,0,2,0,2,1,2,6,6,1,4,2,2006,2,2,627,3,3,2,156,73,0,0,0,0,0,0,0,0,8,2007,8,4,209500
20,3,85,11900,1,0,3,3,0,4,0,14,2,2,0,2,7,5,1977,1977,3,1,9,10,2,209,3,4,1,3,3,1,5,822,1,0,564,1386,1,3,1,4,1411,0,0,1411,0,0,2,0,3,1,3,6,6,1,3,2,1977,1,2,544,3,3,2,192,0,0,0,0,0,0,0,0,0,4,2009,8,3,82500
20,3,80,9250,1,0,3,3,0,0,0,12,2,2,0,2,5,7,1954,2005,1,1,13,14,0,0,3,3,1,3,3,1,4,480,2,468,108,1056,1,3,1,4,1056,0,0,1056,0,1,1,0,3,1,3,6,6,0,0,2,1954,3,1,260,3,3,2,390,0,0,0,0,0,0,0,0,0,7,2007,8,4,139400
90,3,64,6979,1,0,3,3,0,4,0,17,2,2,2,6,6,5,1980,1980,1,1,9,10,0,0,3,3,1,3,3,1,6,1056,1,0,0,1056,1,4,1,4,1056,0,0,1056,2,0,0,0,0,2,3,4,6,0,0,6,1980,3,2,576,3,3,2,264,56,0,0,0,0,0,4,1,600,6,2010,8,4,144000
190,2,60,10896,1,2,3,0,0,4,0,18,1,2,1,3,6,7,1914,1995,3,1,12,13,0,0,2,3,1,3,2,1,2,256,1,0,1184,1440,1,5,1,0,1440,1440,515,3395,0,0,2,0,8,2,1,14,6,0,0,0,0,0,0,0,0,0,0,0,110,0,0,0,0,0,0,0,0,3,2007,8,0,200000
30,4,51,6120,1,0,3,3,0,4,0,3,2,2,0,2,2,3,1936,1950,1,1,0,0,0,0,2,2,0,3,2,1,1,0,1,0,264,264,3,2,0,0,800,0,0,800,0,0,1,0,1,1,1,4,0,1,1,0,0,0,0,0,0,0,0,0,0,0,0,0,0,0,0,0,0,1,2009,5,4,60000
190,4,50,6000,1,0,3,3,0,4,0,17,2,2,1,0,5,4,1954,1954,1,1,13,14,0,0,3,3,1,3,3,1,1,0,1,0,811,811,1,3,1,0,811,576,0,1387,0,0,2,0,3,2,2,7,6,0,0,4,1954,3,1,256,3,3,2,0,0,0,0,0,0,0,0,0,0,11,2009,8,4,93000
30,3,67,8777,1,0,3,3,0,4,0,7,1,2,0,2,5,7,1910,1950,1,1,8,14,0,0,3,3,1,2,3,1,1,0,1,0,796,796,1,4,1,0,796,0,0,796,0,0,1,0,2,1,3,4,6,0,0,0,0,0,0,0,0,0,1,328,0,164,0,0,0,0,3,0,0,5,2008,8,4,85000
120,3,53,3982,1,0,3,3,0,4,0,0,2,2,4,2,8,5,2006,2006,3,1,12,13,0,0,4,3,2,4,4,3,6,1154,1,0,366,1520,1,5,1,4,1567,0,0,1567,1,0,2,0,1,1,0,7,6,1,4,2,2006,1,3,648,3,3,2,312,0,0,0,0,0,0,0,0,0,10,2006,6,5,264561
120,3,62,12677,1,0,0,3,0,4,0,16,2,2,4,2,8,5,2003,2004,3,1,8,8,2,472,5,3,2,5,3,4,6,1218,1,0,300,1518,1,5,1,4,1518,0,0,1518,0,0,1,1,1,1,0,6,6,1,4,2,2003,2,2,588,3,3,2,185,140,0,0,0,0,0,0,0,0,4,2008,8,4,274000
60,1,70,7050,1,0,3,3,0,4,0,21,2,2,0,5,7,5,2001,2001,1,1,12,13,0,0,4,3,2,4,3,1,6,738,1,0,319,1057,1,5,1,4,1057,872,0,1929,1,0,2,1,3,1,2,7,6,1,3,2,2001,1,2,650,3,3,2,0,235,0,0,0,0,0,0,0,0,5,2007,8,4,226000
80,3,75,13860,1,0,3,3,0,4,0,12,2,2,0,7,8,7,1972,1995,1,1,9,14,0,0,4,3,1,4,3,4,6,1410,1,0,542,1952,1,4,1,4,2000,704,0,2704,1,0,2,1,4,1,0,9,6,3,3,2,1972,1,2,538,3,3,2,269,111,0,0,0,0,0,3,0,0,7,2009,8,4,345000
60,3,80,10793,1,0,3,3,0,4,0,14,6,2,0,5,5,5,1969,1969,4,1,14,6,2,263,3,3,1,3,3,1,3,493,4,287,0,780,1,5,1,4,780,840,0,1620,0,0,2,1,4,1,3,7,2,0,0,2,1969,1,2,462,3,3,2,208,0,0,0,0,0,0,2,0,0,4,2007,8,4,152000
20,1,85,9187,1,0,3,3,0,4,0,21,2,2,0,2,9,5,2009,2009,1,1,5,5,3,162,5,3,2,5,3,2,6,1121,1,0,645,1766,1,5,1,4,1766,0,0,1766,1,0,2,1,2,1,0,7,6,1,4,2,2009,1,3,478,3,3,2,195,130,0,0,0,0,0,0,0,0,10,2009,6,5,370878
20,3,70,10530,1,0,0,3,0,0,0,12,2,2,0,2,6,5,1971,1971,3,1,9,10,0,0,3,3,1,3,3,1,5,282,2,35,664,981,1,3,1,4,981,0,0,981,1,0,1,1,3,1,3,5,6,0,0,6,1979,3,2,576,3,3,2,0,312,40,0,0,0,0,0,0,0,3,2007,8,4,143250
20,3,60,7200,1,0,3,3,0,4,0,12,2,2,0,2,5,5,1950,1950,3,1,8,8,0,0,3,3,1,0,0,0,0,0,0,0,0,0,1,4,1,4,1048,0,0,1048,0,0,1,0,3,1,3,7,2,0,0,6,1950,3,2,420,3,3,2,0,27,0,0,0,0,0,0,0,0,7,2008,8,4,98300
20,3,85,10452,1,0,0,3,0,4,0,7,2,2,0,2,6,5,1953,1953,3,1,13,14,3,216,3,3,1,3,3,2,3,500,1,0,594,1094,1,5,1,4,1094,0,0,1094,0,0,1,0,3,1,3,5,6,2,4,2,1953,2,2,495,3,3,2,0,0,0,0,287,0,0,0,0,0,6,2008,8,4,155000
60,3,70,7700,1,0,3,3,0,4,0,12,4,2,0,5,6,5,1966,1966,1,1,8,8,2,351,3,3,1,3,3,1,1,0,1,0,756,756,1,3,1,4,1051,788,0,1839,0,0,1,1,4,1,3,7,6,1,3,2,1966,3,2,442,3,3,2,0,124,216,0,0,0,0,0,0,0,6,2010,8,4,155000
180,4,21,1936,1,0,3,3,0,4,0,10,2,2,3,6,4,6,1970,1970,1,1,5,5,0,0,3,3,1,4,3,3,4,131,6,499,0,630,1,4,1,4,630,0,0,630,1,0,1,0,1,1,3,3,6,0,0,0,0,0,0,0,0,0,2,0,0,0,0,0,0,0,3,0,0,12,2007,8,4,84500
60,1,65,8125,1,0,3,3,0,4,0,21,2,2,0,5,7,6,2007,2007,1,1,5,5,0,0,4,3,2,4,3,1,1,0,1,0,813,813,1,5,1,4,822,843,0,1665,0,0,2,1,3,1,2,7,6,0,0,2,2007,2,2,562,3,3,2,0,0,0,0,0,0,0,0,0,0,5,2008,8,4,205950
70,3,60,9084,1,0,3,3,0,4,0,7,0,2,0,5,4,5,1940,1950,1,1,8,8,0,0,3,3,1,3,3,2,1,0,1,0,755,755,1,3,1,4,755,755,0,1510,1,0,1,0,4,1,3,7,6,1,4,6,1940,3,1,296,2,1,1,120,0,0,0,0,0,0,3,0,0,10,2009,8,4,108000
60,3,70,8750,1,0,3,3,0,4,0,5,2,2,0,5,7,5,1996,1996,1,1,12,13,0,0,4,3,2,4,3,1,1,0,1,0,880,880,1,5,1,4,909,807,0,1716,0,0,2,1,2,1,2,7,6,1,3,2,1996,2,2,512,3,3,2,0,120,0,0,0,0,0,0,0,0,7,2009,8,4,191000
50,4,60,10320,1,1,3,3,0,4,0,9,2,2,0,0,6,7,1906,1995,1,1,8,8,0,0,3,3,1,3,3,1,1,0,1,0,756,756,1,5,1,4,756,713,0,1469,0,0,1,0,3,1,3,7,6,0,0,6,1906,3,1,216,3,3,2,57,0,239,0,0,0,0,3,0,0,6,2008,8,4,135000
20,3,91,10437,1,0,0,3,0,4,0,15,2,2,0,2,8,6,1995,1995,3,1,8,8,2,660,4,4,2,4,3,4,6,1696,1,0,413,2109,1,5,1,4,2113,0,0,2113,1,0,2,1,2,1,2,7,6,1,3,2,1995,1,3,839,3,3,2,236,46,0,0,0,0,0,0,0,0,8,2008,8,4,350000
160,4,21,1680,1,0,3,3,0,4,0,2,2,2,3,5,6,5,1971,1971,1,1,6,7,2,381,3,3,1,3,3,1,1,0,1,0,525,525,1,3,1,4,525,567,0,1092,0,0,1,1,3,1,3,6,6,0,0,6,1971,3,1,264,3,3,2,0,0,0,0,0,0,0,0,0,0,3,2010,8,3,88000
20,3,72,10007,1,0,0,3,0,4,0,12,2,2,0,2,5,7,1959,2006,1,1,6,6,2,54,4,3,1,3,3,1,5,806,1,0,247,1053,1,5,1,4,1053,0,0,1053,1,0,1,1,3,1,2,5,6,0,0,2,1959,2,1,312,3,3,2,0,0,0,0,0,0,0,3,0,0,8,2008,8,4,145500
70,3,60,7200,1,0,3,1,0,4,1,6,2,2,0,5,7,6,1931,2000,1,1,11,15,0,0,3,2,0,4,3,1,1,0,1,0,776,776,1,3,1,4,851,651,0,1502,0,0,1,1,3,1,3,6,6,1,4,2,1931,2,1,270,3,3,1,0,0,112,0,0,0,0,3,0,0,2,2008,8,4,149000
50,3,78,17503,1,0,3,3,0,4,0,12,0,2,0,0,6,5,1948,1950,1,1,12,13,0,0,3,3,1,3,3,1,1,0,1,0,912,912,1,3,1,4,912,546,0,1458,0,1,1,0,3,1,3,6,6,1,4,2,1948,3,1,330,3,3,2,192,0,0,0,0,0,0,0,0,0,1,2010,8,0,97500
20,3,75,9937,1,0,3,3,0,0,0,7,2,2,0,2,5,7,1964,1999,3,1,8,8,0,0,3,4,2,3,3,1,4,637,1,0,849,1486,1,5,1,4,1486,0,0,1486,1,0,1,0,3,1,3,7,6,0,0,6,1968,1,2,480,3,3,2,0,0,0,0,0,0,0,3,0,0,3,2009,8,4,167000
60,3,70,12384,1,0,3,3,0,1,0,14,2,2,0,5,7,7,1976,1976,1,1,9,10,2,233,3,3,1,4,3,1,1,0,1,0,793,793,1,3,1,4,1142,793,0,1935,0,0,2,1,3,1,3,7,6,1,3,2,1976,2,2,550,3,3,2,0,113,252,0,0,0,0,0,0,0,11,2007,8,4,197900
60,3,52,46589,1,0,1,3,0,1,0,15,2,2,0,5,8,7,1994,2005,3,1,12,13,2,528,4,3,2,4,4,1,6,1361,3,180,88,1629,1,5,1,4,1686,762,0,2448,1,0,2,1,4,1,2,8,6,1,3,2,1994,2,3,711,3,3,2,517,76,0,0,0,0,0,0,0,0,7,2009,8,4,402000
20,3,120,13560,1,0,3,3,0,0,0,12,2,2,0,2,6,3,1968,1968,3,1,13,14,2,216,3,3,1,2,2,1,1,0,1,0,1392,1392,1,4,1,4,1392,0,0,1392,1,0,1,0,2,1,3,5,1,2,3,2,1968,2,2,576,3,3,2,0,0,240,0,0,0,0,0,0,0,7,2009,8,4,110000
85,3,90,10012,1,0,3,3,0,4,0,7,2,2,0,6,4,5,1972,1972,1,1,9,10,0,0,3,3,1,4,3,3,4,920,3,180,38,1138,1,3,1,4,1181,0,0,1181,1,0,2,0,3,1,3,6,6,0,0,6,1974,2,2,588,3,3,2,0,0,180,0,0,0,0,3,0,0,4,2008,8,4,137500
20,3,49,20896,1,0,1,3,0,1,0,21,6,2,0,2,8,5,2005,2006,1,1,12,13,0,0,4,3,2,5,3,2,6,1721,1,0,356,2077,1,5,1,4,2097,0,0,2097,1,0,1,1,1,1,0,8,6,1,5,2,2005,1,3,1134,3,3,2,192,267,0,0,0,0,0,0,0,0,1,2006,6,5,423000
60,3,106,11194,1,0,0,3,0,0,0,8,2,2,0,5,8,5,2000,2000,1,1,12,13,2,40,4,3,2,4,3,1,1,0,1,0,1406,1406,1,5,1,4,1454,482,0,1936,0,0,2,1,3,1,2,7,6,1,3,2,2000,2,2,504,3,3,2,188,124,0,0,0,0,0,0,0,0,11,2006,8,4,230500
60,3,70,18450,1,0,0,3,0,4,0,12,2,2,0,5,6,5,1965,1979,0,5,9,10,1,113,3,4,1,4,3,1,2,187,3,723,111,1021,1,3,1,4,1465,915,0,2380,0,0,2,1,3,1,3,7,5,1,1,5,1965,3,2,596,3,3,2,0,265,0,0,0,0,0,0,0,0,8,2007,8,0,129000
20,3,65,8125,1,0,3,3,0,4,0,20,2,2,0,2,6,5,1994,1998,1,1,6,6,2,258,3,3,2,4,3,1,6,1138,1,0,270,1408,1,5,1,4,1679,0,0,1679,1,0,2,0,3,1,2,7,6,1,2,2,1994,2,2,575,3,3,2,224,42,0,0,0,0,0,0,0,0,10,2008,8,4,193500
20,3,70,14175,1,0,3,0,0,0,1,19,2,2,0,2,5,6,1956,1987,1,1,5,14,0,0,3,3,1,3,3,1,3,988,1,0,200,1188,1,4,1,4,1437,0,0,1437,1,0,1,1,3,1,3,6,3,1,3,6,1999,3,2,576,3,3,2,304,0,0,0,0,0,0,0,0,0,11,2006,8,4,168000
30,3,80,11600,1,0,3,3,0,4,0,6,2,2,0,2,4,5,1922,1950,1,1,8,8,0,0,3,3,0,2,3,1,1,0,1,0,700,700,1,5,1,4,1180,0,0,1180,0,0,1,0,2,1,1,5,6,1,4,6,1922,3,1,252,3,2,2,0,0,67,0,0,0,0,0,0,0,7,2006,8,4,137500
60,3,64,8633,1,0,3,3,0,2,0,5,2,2,0,5,6,5,2005,2005,1,1,12,13,0,0,4,3,2,4,3,1,6,193,1,0,545,738,1,5,1,4,738,738,0,1476,1,0,2,1,3,1,2,7,6,0,0,2,2005,1,2,540,3,3,2,100,35,0,0,0,0,0,0,0,0,2,2009,8,4,173500
70,2,54,6629,1,0,3,3,0,4,0,7,0,2,0,5,6,6,1925,1950,2,1,13,14,0,0,3,4,0,3,3,1,4,551,1,0,121,672,1,3,0,4,697,672,0,1369,1,0,2,0,3,1,3,6,6,0,0,6,1930,3,1,300,3,3,2,147,0,0,0,0,0,0,0,0,0,7,2009,8,4,103600
20,3,70,11250,1,0,0,3,0,4,0,24,2,2,0,2,6,6,1977,1977,1,1,9,10,0,0,4,3,1,4,3,1,5,767,1,0,441,1208,1,3,1,4,1208,0,0,1208,1,0,1,1,3,1,3,6,6,1,3,2,1977,2,2,546,3,3,2,198,42,0,0,0,0,0,0,0,0,6,2006,8,4,165000
20,3,110,14442,1,0,3,3,0,4,0,6,2,2,0,2,6,7,1957,2004,3,1,5,5,2,106,3,3,2,3,3,1,6,1186,1,0,291,1477,1,5,1,4,1839,0,0,1839,1,0,2,0,3,1,2,7,6,2,3,2,1957,1,2,416,3,3,2,0,87,0,0,200,0,0,0,0,0,6,2007,8,4,257500
20,3,80,9200,1,0,3,3,0,4,0,12,2,2,0,2,6,6,1965,1965,1,1,6,6,0,0,3,3,1,3,3,1,3,892,1,0,244,1136,1,3,1,4,1136,0,0,1136,1,0,1,0,3,1,3,5,6,1,4,2,1965,2,1,384,3,3,2,426,0,0,0,0,0,0,0,0,0,7,2008,8,4,140000
160,3,24,2289,1,0,3,3,0,4,0,13,2,2,3,5,6,6,1978,1978,1,1,9,2,0,0,3,3,1,3,3,1,5,311,1,0,544,855,1,3,1,4,855,586,0,1441,0,0,2,1,3,1,3,7,6,1,3,2,1978,3,2,440,3,3,2,28,0,0,0,0,0,0,0,0,0,4,2009,8,4,148500
70,4,60,9600,1,1,3,3,0,4,0,17,2,2,0,5,4,2,1900,1950,1,1,0,12,0,0,3,3,0,3,2,1,1,0,1,0,1095,1095,2,2,0,4,1095,679,0,1774,1,0,2,0,4,2,3,8,3,0,0,1,1920,3,3,779,2,2,0,0,0,90,0,0,0,0,0,0,0,5,2006,8,4,87000
30,3,52,9022,1,0,3,3,0,4,0,17,2,2,0,2,5,8,1924,2006,1,1,12,13,0,0,4,3,0,3,3,1,1,0,1,0,768,768,1,5,1,4,792,0,0,792,0,0,1,0,2,1,2,5,6,0,0,6,1924,3,1,240,2,2,0,316,0,120,0,0,0,0,0,0,0,5,2009,8,4,109500
20,3,80,11844,1,0,0,3,0,4,0,22,2,2,0,2,8,5,2008,2008,3,1,12,13,3,464,4,3,2,5,3,2,1,0,1,0,2046,2046,1,5,1,4,2046,0,0,2046,0,0,2,1,3,1,2,7,6,1,4,2,2008,1,3,834,3,3,2,322,82,0,0,0,0,0,0,0,0,7,2009,6,5,372500
20,3,70,9945,1,0,0,3,0,4,0,19,2,2,0,2,5,5,1961,1961,3,1,13,14,2,57,3,3,1,3,3,1,3,827,1,0,161,988,1,3,1,4,988,0,0,988,1,0,1,0,3,1,3,5,6,0,0,6,1963,3,2,572,3,3,2,0,0,0,0,0,0,0,0,0,0,10,2007,8,4,128500
120,3,50,8012,1,0,3,3,0,4,0,20,2,2,4,2,6,5,1980,1980,1,1,9,10,0,0,3,3,1,4,3,1,4,543,4,119,261,923,1,3,1,4,923,0,0,923,0,0,2,0,2,1,3,5,6,1,3,2,1980,2,1,264,3,3,2,80,0,0,0,0,0,0,0,0,0,5,2010,8,4,143000
50,2,55,4500,1,2,1,0,0,4,0,18,2,2,0,0,5,5,1932,2000,1,1,12,12,0,0,3,3,0,3,3,1,3,182,1,0,611,793,1,5,1,4,848,672,0,1520,0,0,1,0,3,1,3,6,6,0,0,6,1968,3,1,281,3,3,2,0,0,56,0,0,0,0,0,0,0,7,2009,8,0,159434
120,3,70,2887,1,0,3,1,0,4,0,4,2,2,0,2,6,5,1996,1997,1,1,13,14,0,0,3,3,2,4,3,2,6,1003,1,0,288,1291,1,5,1,4,1291,0,0,1291,1,0,1,0,2,1,2,6,6,1,4,2,1996,3,2,431,3,3,2,307,0,0,0,0,0,0,0,0,0,11,2008,8,4,173000
20,3,90,11248,1,0,0,3,0,0,0,5,2,2,0,2,9,5,2002,2002,3,1,12,13,3,215,4,3,2,4,3,3,6,1059,1,0,567,1626,1,5,1,4,1668,0,0,1668,1,0,2,0,3,1,2,7,6,1,3,2,2002,1,3,702,3,3,2,257,45,0,0,0,0,0,0,0,0,7,2007,8,4,285000
60,3,58,16770,1,0,1,3,0,1,0,15,2,2,0,5,7,5,1998,1998,1,1,12,13,2,30,4,3,2,4,3,1,1,0,1,0,1195,1195,1,4,1,4,1195,644,0,1839,0,0,2,1,4,1,3,7,6,0,0,2,1998,1,2,486,3,3,2,0,81,0,0,0,0,0,0,0,0,6,2010,8,4,221000
160,3,70,5062,1,0,0,3,0,1,0,22,2,2,4,5,7,5,1984,1984,1,1,6,6,0,0,4,3,1,4,3,2,6,828,2,182,180,1190,1,4,1,4,1190,900,0,2090,1,0,2,0,3,1,2,6,2,1,3,2,1984,1,2,577,3,3,2,219,0,0,0,0,0,0,0,0,0,9,2007,8,4,207500
60,1,84,10207,1,0,3,3,0,4,0,21,2,2,0,5,7,6,2007,2007,1,1,12,13,0,0,4,3,2,4,3,1,1,0,1,0,874,874,1,5,1,4,874,887,0,1761,0,0,3,0,3,1,2,7,6,0,0,2,2007,1,2,578,3,3,2,144,105,0,0,0,0,0,0,0,0,8,2007,6,5,227875
160,1,70,5105,1,0,1,3,0,2,0,21,2,2,4,5,7,5,2004,2004,1,1,8,8,0,0,4,3,2,4,3,1,6,239,1,0,312,551,1,5,1,4,551,551,0,1102,0,0,2,1,2,1,2,4,6,0,0,6,2004,3,2,480,3,3,2,0,60,0,0,0,0,0,0,0,0,3,2007,8,4,148800
20,3,60,8089,1,0,3,1,0,4,0,22,2,2,0,2,8,6,2007,2007,1,1,8,8,2,0,4,3,2,4,3,3,6,945,1,0,474,1419,1,5,1,4,1419,0,0,1419,1,0,2,0,2,1,2,7,6,1,4,2,2007,2,2,567,3,3,2,140,0,0,0,0,0,0,0,0,0,10,2007,6,5,392000
120,3,61,7577,1,0,0,3,0,0,0,16,2,2,4,2,6,5,2005,2006,1,1,12,13,3,256,4,3,2,4,3,3,5,20,1,0,1342,1362,1,5,1,4,1362,0,0,1362,0,0,2,0,2,1,2,6,6,1,4,2,2005,2,2,460,3,3,2,192,28,0,0,0,0,0,0,0,0,6,2007,8,4,194700
120,4,70,4426,1,0,3,3,0,4,0,5,2,2,4,2,6,5,2004,2004,1,1,12,13,2,147,4,3,2,4,3,4,6,697,1,0,151,848,1,5,1,4,848,0,0,848,1,0,1,0,1,1,2,3,6,1,3,2,2004,2,2,420,3,3,2,149,0,0,0,0,0,0,0,0,0,5,2008,8,4,141000
60,3,104,21535,1,0,0,3,0,0,0,15,2,2,0,5,10,6,1994,1995,1,7,6,6,2,1170,5,3,2,5,3,4,6,1455,1,0,989,2444,1,5,1,4,2444,1872,0,4316,0,1,3,1,4,1,0,10,6,2,5,2,1994,1,3,832,3,3,2,382,50,0,0,0,0,0,0,0,0,1,2007,8,4,755000
60,3,42,26178,1,0,0,3,0,4,1,23,2,2,0,5,7,5,1989,1990,3,1,8,8,2,293,4,3,2,4,3,4,6,965,1,0,245,1210,1,5,1,4,1238,1281,0,2519,1,0,2,1,4,1,2,9,6,2,4,2,1989,2,2,628,3,3,2,320,27,0,0,0,0,0,0,0,0,4,2006,8,4,335000
30,3,60,5400,1,0,3,3,0,0,2,17,2,2,0,2,5,6,1921,1968,1,1,8,8,0,0,3,3,0,3,3,1,1,0,1,0,1073,1073,1,5,1,4,1073,0,0,1073,0,0,1,0,2,1,3,4,6,0,0,6,1968,3,1,326,3,3,2,0,0,112,0,0,0,0,0,0,0,12,2006,8,0,108480
50,4,51,6120,1,0,3,3,0,0,0,3,2,2,0,0,5,6,1936,1950,1,1,13,14,0,0,3,2,0,3,3,1,1,0,1,0,927,927,1,3,1,4,1067,472,0,1539,0,0,1,1,3,1,3,5,6,0,0,6,1995,3,2,576,3,3,2,112,0,0,0,0,0,0,3,0,0,4,2009,8,4,141500
20,3,54,13811,1,0,0,3,0,4,0,23,2,2,0,2,6,6,1987,1987,1,1,6,6,2,72,3,3,1,4,4,1,6,980,2,40,92,1112,1,4,1,4,1137,0,0,1137,1,0,2,0,2,1,2,5,6,1,3,2,1987,3,2,551,3,3,2,125,0,0,0,0,0,0,0,0,0,7,2006,8,4,176000
30,4,50,6000,1,0,3,3,0,4,0,3,2,2,0,2,5,7,1921,1950,1,1,13,15,0,0,3,3,1,3,3,1,2,616,1,0,0,616,1,4,1,4,616,0,0,616,0,0,1,0,2,1,3,4,6,0,0,6,1921,3,1,205,3,3,2,0,0,129,0,0,0,0,0,0,0,6,2006,8,4,89000
20,3,57,6420,1,0,0,3,0,4,0,7,2,2,0,2,5,7,1952,1952,1,1,13,14,0,0,3,3,2,5,4,2,2,210,5,551,219,980,1,2,1,0,1148,0,0,1148,0,1,1,0,2,1,3,6,6,0,0,6,1952,3,1,308,3,3,2,0,0,0,0,0,0,0,0,0,0,9,2006,8,4,123500
20,3,65,8450,1,0,3,3,0,4,0,19,5,2,0,2,5,8,1965,2009,1,1,8,8,0,0,3,4,1,3,3,1,6,553,4,117,224,894,1,5,1,4,894,0,0,894,1,0,1,0,3,1,3,5,6,1,4,6,1973,3,1,336,3,3,2,416,144,0,0,0,0,0,3,0,0,4,2010,8,4,138500
120,1,59,4282,1,2,1,3,0,4,0,21,2,2,4,2,7,5,2004,2004,1,1,8,8,0,0,4,3,2,4,3,2,6,16,1,0,1375,1391,1,5,1,4,1391,0,0,1391,0,0,2,0,2,1,2,5,6,0,0,2,2004,2,2,530,3,3,2,156,158,0,0,0,0,0,0,0,0,7,2008,8,4,196000
20,3,85,14331,1,0,3,3,0,4,0,23,2,2,0,2,8,5,2002,2002,3,1,12,13,2,630,4,3,2,5,3,4,6,1274,1,0,526,1800,1,5,1,4,1800,0,0,1800,1,0,2,0,3,1,2,7,6,1,4,2,2002,1,3,765,3,3,2,270,78,0,0,0,0,0,0,0,0,5,2006,8,4,312500
20,3,80,9600,1,0,3,3,0,4,0,14,2,2,0,2,7,5,1969,1969,3,1,6,6,2,168,3,3,1,3,3,1,1,0,1,0,1164,1164,1,3,1,4,1164,0,0,1164,0,0,1,1,3,1,3,6,6,0,0,2,1969,3,2,528,3,3,2,0,0,0,0,0,0,0,0,0,0,7,2006,0,4,140000
60,3,82,12438,1,0,0,3,0,4,0,22,2,2,0,5,8,5,2006,2006,3,1,12,13,2,466,5,3,2,5,4,1,1,0,1,0,1234,1234,1,5,1,4,1264,1312,0,2576,0,0,2,1,4,1,0,10,6,1,4,4,2006,1,3,666,3,3,2,324,100,0,0,0,0,0,0,0,0,7,2006,6,5,361919
190,4,76,7630,1,0,3,3,0,4,0,17,1,2,1,5,5,9,1900,1996,1,1,13,14,0,0,3,4,0,4,3,1,1,0,1,0,360,360,1,4,1,4,1032,780,0,1812,0,0,2,0,4,2,2,8,6,1,1,6,1999,3,2,672,3,3,0,344,0,40,0,0,0,0,3,0,0,5,2010,8,4,140000
20,3,70,8400,1,0,3,3,0,4,0,5,2,2,0,2,7,5,2004,2005,1,1,12,13,2,109,4,3,2,4,3,3,6,712,1,0,761,1473,1,5,1,4,1484,0,0,1484,1,0,2,0,3,1,2,7,6,0,0,2,2004,2,2,606,3,3,2,0,35,0,144,0,0,0,0,0,0,5,2010,8,4,213000
190,4,70,5600,1,0,3,3,0,4,0,9,2,2,1,5,4,5,1930,1950,3,1,12,15,0,0,2,2,3,0,0,0,0,0,0,0,0,0,1,2,0,4,372,720,0,1092,0,0,2,0,3,2,1,7,4,0,0,0,0,0,0,0,0,0,0,0,0,0,0,0,0,0,0,1,3500,7,2010,8,4,55000
20,3,70,115149,1,0,1,2,0,1,2,4,2,2,0,2,7,5,1971,2002,1,1,9,10,3,351,3,3,1,4,3,4,6,1219,1,0,424,1643,1,3,1,4,1824,0,0,1824,1,0,2,0,2,1,2,5,6,2,3,2,1971,3,2,739,3,3,2,380,48,0,0,0,0,0,0,0,0,6,2007,8,4,302000
120,3,48,6240,1,0,3,3,0,4,0,16,2,2,4,2,8,5,2006,2006,3,1,8,8,2,176,4,3,2,4,3,1,6,863,1,0,461,1324,1,5,1,4,1324,0,0,1324,1,0,2,0,2,1,2,6,6,1,4,2,2006,1,2,550,3,3,2,192,38,0,0,0,0,0,0,0,0,12,2009,8,4,254000
60,3,65,9018,1,0,0,3,0,4,0,8,2,2,0,5,7,5,2007,2007,3,1,12,13,0,0,4,3,2,4,3,3,1,0,1,0,728,728,1,5,1,4,728,728,0,1456,0,0,2,1,3,1,2,8,6,1,4,2,2007,1,2,400,3,3,2,100,24,0,0,0,0,0,0,0,0,7,2007,6,5,179540
20,3,70,7162,1,0,0,3,0,4,0,19,2,2,0,2,5,7,1966,1966,1,1,6,6,1,41,3,3,2,3,3,1,1,0,1,0,876,876,1,3,1,4,904,0,0,904,0,0,1,0,3,1,3,6,6,0,0,2,1966,3,1,408,3,3,2,0,0,0,0,0,0,0,3,0,0,12,2008,8,0,109900
30,3,56,4130,1,0,0,3,0,4,0,3,2,2,0,2,3,6,1935,2003,1,1,12,13,0,0,4,3,1,3,3,1,1,0,1,0,270,270,1,4,1,4,729,0,0,729,0,0,1,0,2,1,3,5,1,0,0,0,0,0,0,0,0,0,0,0,0,0,0,0,0,0,0,0,0,7,2008,8,4,52000
50,0,66,8712,1,2,3,1,0,4,1,9,2,2,0,0,4,7,1900,1950,1,1,8,8,0,0,3,3,4,3,3,2,1,0,1,0,859,859,1,4,1,4,859,319,0,1178,0,0,1,0,2,1,3,7,6,0,0,6,1964,2,1,384,3,3,0,68,0,98,0,0,0,0,0,0,0,1,2010,8,0,102776
120,3,40,4671,1,0,0,1,0,4,0,22,2,2,4,2,8,5,1988,1989,1,1,6,6,0,0,4,3,2,4,3,2,6,767,1,0,461,1228,1,4,1,4,1228,0,0,1228,1,0,2,0,2,1,2,5,6,1,4,2,1988,1,2,472,3,3,2,168,120,0,0,0,0,0,0,0,0,10,2008,8,4,189000
190,3,60,9873,1,0,3,3,0,4,0,3,6,2,1,2,4,5,1970,1970,1,1,6,6,2,160,3,3,1,3,3,3,5,789,1,0,171,960,2,3,0,4,960,0,0,960,1,0,1,0,3,1,3,6,6,0,0,6,1970,3,2,576,3,3,2,0,288,0,0,0,0,0,0,0,0,5,2006,8,4,129000
60,3,70,13517,1,0,0,3,0,1,0,19,5,2,0,5,6,8,1976,2005,1,1,6,10,2,289,4,3,1,3,3,1,6,533,1,0,192,725,1,5,1,4,725,754,0,1479,0,0,2,1,3,1,2,6,6,0,0,2,1976,2,2,475,3,3,2,0,44,0,0,0,0,0,0,0,0,3,2010,8,4,130500
20,3,78,10140,1,0,3,3,0,4,0,14,2,2,0,2,6,5,1974,1974,3,1,6,6,2,174,3,3,1,4,3,1,1,0,1,0,1064,1064,1,3,1,4,1350,0,0,1350,0,0,2,0,3,1,3,7,6,1,3,2,1974,2,2,478,3,3,2,0,0,0,0,0,0,0,3,0,0,8,2009,8,4,165000
70,4,60,10800,1,1,3,0,0,4,0,17,2,2,0,5,7,8,1890,1998,1,1,13,13,0,0,3,4,0,3,3,1,1,0,1,0,718,718,1,5,1,4,1576,978,0,2554,0,0,1,1,3,1,3,8,6,0,0,6,1996,3,2,704,3,3,1,0,48,143,0,0,0,0,0,0,0,7,2007,8,4,159500
20,3,80,10000,1,0,3,3,0,4,0,14,2,2,0,2,5,6,1973,2000,1,1,6,6,0,0,3,3,1,4,3,1,4,1084,1,0,92,1176,1,4,1,4,1178,0,0,1178,0,1,1,1,3,1,2,5,6,1,2,2,1973,3,2,439,3,3,2,224,0,0,0,0,0,0,3,0,0,11,2008,8,4,157000
60,3,96,10542,1,0,3,3,0,4,0,15,2,2,0,5,7,5,1993,1994,3,1,13,7,2,651,4,3,2,4,3,4,6,1173,1,0,138,1311,1,5,1,4,1325,1093,0,2418,1,0,2,1,3,1,2,9,6,1,3,2,1993,2,3,983,3,3,2,250,154,216,0,0,0,0,0,0,0,8,2008,8,4,341000
20,3,69,9920,1,0,0,3,0,4,0,5,2,2,0,2,5,6,1969,1969,1,1,6,10,0,0,3,3,1,4,3,4,5,523,1,0,448,971,1,3,1,4,971,0,0,971,0,0,1,1,3,1,3,5,6,1,1,2,1969,3,1,300,3,3,2,0,0,0,0,0,0,0,0,0,0,5,2006,8,4,128500
120,3,70,6563,1,0,0,2,0,1,1,22,2,2,0,2,8,5,1985,1985,1,1,6,6,0,0,4,3,2,4,3,4,6,1148,1,0,594,1742,1,3,1,4,1742,0,0,1742,1,0,2,0,2,1,2,5,6,1,3,2,1985,2,2,564,3,3,2,114,28,234,0,0,0,0,0,0,0,12,2006,8,4,275000
120,4,70,4426,1,0,3,3,0,4,0,5,2,2,4,2,6,5,2004,2004,1,1,12,13,2,169,4,3,2,4,3,3,6,662,1,0,186,848,1,5,1,4,848,0,0,848,1,0,1,0,1,1,2,3,6,0,0,2,2004,2,2,420,3,3,2,160,0,0,0,0,0,0,0,0,0,5,2010,8,4,143000
20,3,70,8120,1,0,3,3,0,4,0,12,2,2,0,2,4,7,1970,1970,1,1,8,8,0,0,3,4,1,3,3,1,5,191,1,0,673,864,1,5,1,4,864,0,0,864,0,0,1,0,3,1,3,5,6,0,0,6,1994,3,2,463,3,3,2,0,0,0,0,0,0,0,0,0,0,7,2009,8,4,124500
50,3,60,8172,1,0,3,3,0,4,0,7,2,2,0,0,4,6,1954,1972,1,1,8,8,0,0,3,3,2,3,3,1,1,0,1,0,941,941,1,5,1,4,997,473,0,1470,0,0,2,0,4,1,3,7,6,0,0,6,1958,3,1,548,3,3,2,0,0,0,0,156,0,0,0,0,0,5,2008,8,4,135000
20,3,86,13286,1,0,0,3,0,4,0,7,2,2,0,2,9,5,2007,2008,3,1,5,5,3,340,5,3,2,5,3,1,6,1234,1,0,464,1698,1,5,1,4,1698,0,0,1698,1,0,2,0,3,1,0,8,6,1,4,2,2007,1,3,768,3,3,2,327,64,0,0,0,0,0,0,0,0,2,2009,8,4,320000
20,3,60,6960,1,0,3,3,0,4,0,12,2,2,0,2,4,6,1970,1970,1,1,6,10,0,0,3,3,1,3,3,1,5,375,4,239,250,864,1,3,1,4,864,0,0,864,0,0,1,0,3,1,2,5,6,0,0,6,1989,3,2,660,3,3,2,96,0,0,0,0,0,0,0,1,500,11,2009,8,4,120500
20,3,70,21695,1,0,0,3,0,0,0,6,2,2,0,2,6,9,1988,2007,3,1,13,10,2,260,4,4,1,4,3,1,6,808,1,0,72,880,1,5,1,4,1680,0,0,1680,1,0,2,0,3,1,2,5,6,1,4,2,1988,1,2,540,3,3,2,292,44,0,182,0,0,0,0,0,0,12,2009,8,4,222000
20,3,64,7314,1,0,3,3,0,4,0,5,2,2,0,2,7,5,2007,2007,1,1,12,13,3,82,4,3,2,4,3,3,6,724,1,0,508,1232,1,5,1,4,1232,0,0,1232,1,0,2,0,2,1,2,6,6,0,0,2,2007,2,2,632,3,3,2,132,0,0,0,0,0,0,0,0,0,2,2009,8,4,194500
90,3,85,11475,1,0,3,3,0,0,0,12,2,2,2,2,5,5,1958,1958,1,1,12,13,2,95,3,3,1,3,3,1,1,0,1,0,1584,1584,1,3,1,4,1776,0,0,1776,1,0,2,0,4,2,3,9,6,0,0,6,1968,3,3,888,3,3,2,0,25,0,0,0,0,0,0,0,0,7,2009,0,0,110000
30,4,52,6240,1,1,3,3,0,4,0,9,2,2,0,0,4,5,1925,1950,1,1,8,8,0,0,3,3,1,3,3,1,4,152,1,0,628,780,1,3,1,0,848,0,360,1208,0,0,1,0,2,1,3,5,6,0,0,6,1962,3,2,539,3,3,2,0,23,112,0,0,0,0,0,0,0,1,2009,8,4,103000
120,3,39,5389,1,0,0,3,0,4,0,22,2,2,4,2,8,5,1995,1996,1,1,5,5,0,0,4,3,2,4,3,1,6,1180,1,0,415,1595,1,5,1,4,1616,0,0,1616,1,0,2,0,2,1,2,5,6,1,3,2,1995,2,2,608,3,3,2,237,152,0,0,0,0,0,0,0,0,3,2010,8,4,236500
80,3,73,9590,1,0,0,3,0,0,0,23,2,2,0,7,7,5,2003,2003,1,1,12,13,2,442,4,3,2,5,3,3,6,786,1,0,82,868,1,5,1,4,1146,0,0,1146,1,0,2,0,3,1,2,6,6,1,4,2,2003,1,2,438,3,3,2,160,22,0,0,0,0,0,0,0,0,5,2007,8,4,187500
60,3,75,11404,1,0,0,3,0,4,0,5,2,2,0,5,7,5,1998,1999,1,1,12,13,2,202,4,3,2,4,3,3,5,252,1,0,901,1153,1,5,1,4,1153,878,0,2031,0,0,2,1,3,1,2,8,6,1,3,2,1998,1,2,541,3,3,2,192,84,0,0,0,0,0,0,0,0,7,2008,8,4,222500
20,3,80,10000,1,0,3,3,0,0,0,19,1,2,0,2,5,6,1961,1983,3,1,6,6,0,0,3,3,1,3,3,1,4,594,1,0,270,864,1,5,1,4,1144,0,0,1144,1,0,1,0,3,1,3,6,6,1,3,2,1961,2,1,264,3,3,2,165,0,0,0,0,0,0,2,1,400,3,2009,8,4,131400
20,3,70,8978,1,0,0,3,0,0,0,19,2,2,0,2,5,5,1968,1968,1,1,9,10,0,0,3,3,2,3,3,1,1,0,1,0,948,948,1,3,1,4,948,0,0,948,0,0,1,0,3,1,3,6,6,0,0,2,1968,3,1,300,3,3,2,147,0,0,0,0,0,0,0,0,0,5,2007,8,3,108000
75,4,60,10800,1,0,3,3,0,4,0,17,2,2,0,4,7,7,1914,1970,1,1,13,14,0,0,3,3,0,4,3,2,3,390,1,0,490,880,2,2,0,4,880,888,0,1768,0,0,1,1,2,1,3,6,6,2,3,6,1914,3,2,320,3,3,0,0,341,0,0,0,0,0,0,0,0,10,2006,8,4,163000
90,3,60,8544,1,0,3,3,0,4,0,12,2,2,2,2,3,4,1950,1950,1,1,11,11,0,0,3,3,1,0,0,0,0,0,0,0,0,0,1,4,0,1,1040,0,0,1040,0,0,2,0,2,2,3,6,6,0,0,6,1949,3,2,400,3,3,2,0,0,0,0,0,0,0,0,0,0,7,2006,8,4,93500
60,3,72,10463,1,0,0,1,0,1,0,8,2,2,0,5,8,5,2005,2005,1,1,12,13,0,0,4,3,2,4,3,1,1,0,1,0,893,893,1,5,1,4,901,900,0,1801,0,0,2,1,3,1,2,8,6,1,4,2,2005,1,3,800,3,3,2,0,116,0,0,0,0,0,0,0,0,6,2006,8,4,239900
90,3,60,10800,1,0,3,3,0,4,0,7,2,2,2,2,5,5,1987,1988,1,1,9,10,0,0,3,3,1,4,4,4,6,1200,1,0,0,1200,1,3,1,4,1200,0,0,1200,3,0,3,0,3,1,3,5,6,0,0,0,0,0,0,0,0,0,2,120,0,0,0,0,0,0,0,0,0,3,2009,8,2,179000
60,3,65,9313,1,0,0,3,0,4,0,5,2,2,0,5,7,5,2004,2004,1,1,12,13,0,0,4,3,2,4,3,1,1,0,1,0,864,864,1,5,1,4,864,864,0,1728,0,0,2,1,3,1,2,7,6,0,0,2,2004,2,2,572,3,3,2,187,56,0,0,0,0,0,0,0,0,4,2009,8,4,190000
70,4,60,9600,1,1,3,3,0,4,0,17,2,2,0,5,5,7,1910,2002,1,1,13,15,0,0,3,4,0,2,2,1,1,0,1,0,264,264,1,5,1,4,768,664,0,1432,0,0,2,0,2,1,3,7,6,0,0,6,1910,3,2,360,3,4,2,270,0,112,0,0,0,0,4,0,0,5,2007,8,0,132000
20,3,65,6768,1,0,0,3,0,4,0,19,1,2,0,2,6,8,1961,1996,3,1,6,6,0,0,3,4,1,3,3,2,6,832,1,0,80,912,1,4,1,4,912,0,0,912,1,1,1,0,3,1,2,5,6,0,0,6,1962,3,1,288,3,3,2,168,0,0,0,0,0,0,4,0,0,5,2008,8,4,142000
20,3,65,8450,1,0,3,3,0,4,0,20,2,2,0,2,7,5,2000,2001,1,1,12,13,2,108,3,3,2,4,3,1,1,0,1,0,1349,1349,1,5,1,4,1349,0,0,1349,0,0,2,0,3,1,3,6,6,0,0,2,2000,3,2,539,3,3,2,120,55,0,0,0,0,0,4,0,0,12,2007,8,4,179000
80,3,70,12886,1,0,0,3,0,4,0,19,2,2,0,7,5,6,1963,1999,1,1,6,6,0,0,3,3,1,4,3,3,5,444,1,0,76,520,1,5,1,4,1464,0,0,1464,0,1,2,0,3,1,3,6,3,1,3,2,1997,2,2,480,3,3,2,302,0,0,0,100,0,0,0,0,0,10,2009,8,4,175000
120,3,41,5395,1,0,0,1,0,4,0,22,2,2,4,2,8,5,1993,1993,1,1,6,6,0,0,4,3,2,4,3,1,6,733,1,0,604,1337,1,4,1,4,1337,0,0,1337,1,0,2,0,2,1,2,5,6,1,3,2,1993,2,2,462,3,3,2,96,0,70,168,0,0,0,0,0,0,10,2008,8,4,180000
60,3,70,8963,1,0,0,3,0,4,0,14,2,2,0,5,8,9,1976,1996,3,1,12,13,2,289,5,4,1,3,4,1,6,575,5,80,487,1142,1,5,1,4,1175,1540,0,2715,0,1,3,1,4,1,2,11,6,2,3,4,1994,1,2,831,3,3,2,0,204,0,0,0,0,0,0,0,0,7,2008,8,4,299800
60,3,70,8795,1,0,0,3,0,4,0,8,2,2,0,5,7,5,2000,2000,1,1,12,13,0,0,4,3,2,4,3,1,6,300,1,0,652,952,1,5,1,4,980,1276,0,2256,0,0,2,1,4,1,2,8,6,1,3,4,2000,1,2,554,3,3,2,224,54,0,0,0,0,0,0,0,0,4,2009,8,4,236000
70,4,65,11700,1,2,0,3,0,0,0,17,2,2,0,5,7,7,1880,2003,4,1,11,12,0,0,4,3,4,3,2,1,1,0,1,0,1240,1240,2,3,0,4,1320,1320,0,2640,0,0,1,1,4,1,2,8,6,1,4,6,1950,3,4,864,3,3,0,181,0,386,0,0,0,0,0,0,0,5,2009,8,4,265979
20,3,59,10593,1,0,0,3,0,4,0,15,2,2,0,2,7,5,1996,1996,3,1,12,13,2,338,4,3,2,4,3,1,6,919,1,0,801,1720,1,5,1,4,1720,0,0,1720,1,0,2,0,3,1,2,7,6,1,3,2,1996,1,2,527,3,3,2,240,56,154,0,0,0,0,0,0,0,3,2010,8,4,260400
50,3,50,8405,1,0,3,3,0,4,0,7,2,2,0,0,4,3,1945,1950,1,1,14,15,0,0,3,3,3,0,0,0,0,0,0,0,0,0,5,3,0,1,1088,441,0,1529,0,0,2,0,4,1,3,9,4,0,0,6,1945,3,1,240,3,3,0,92,0,185,0,0,0,0,0,0,0,4,2009,8,4,98000
50,4,55,8800,1,1,3,3,0,0,0,17,2,2,0,0,4,7,1910,2004,1,1,13,14,0,0,3,3,0,3,2,1,1,0,1,0,576,576,1,4,1,4,792,348,0,1140,0,0,1,0,3,1,3,7,3,0,0,0,0,0,0,0,0,0,0,0,160,0,0,0,0,0,0,0,0,6,2010,8,4,96500
60,3,70,7750,1,0,3,3,0,4,0,8,6,2,0,5,7,5,2003,2003,1,1,12,13,0,0,4,3,2,4,3,1,1,0,1,0,660,660,1,5,1,4,660,660,0,1320,0,0,2,1,3,1,2,6,6,0,0,2,2003,1,2,400,3,3,2,0,48,0,0,0,0,0,0,0,0,8,2007,8,4,162000
20,3,79,9236,1,0,0,3,0,4,0,5,2,2,0,2,6,5,1997,1997,1,1,12,13,0,0,3,4,2,4,3,4,6,1200,1,0,279,1479,1,5,1,4,1494,0,0,1494,1,0,2,0,3,1,2,6,6,0,0,2,1997,2,2,576,3,3,2,168,27,0,0,0,0,0,0,0,0,7,2006,8,4,217000
60,3,80,10240,1,0,3,3,0,4,0,16,2,2,0,5,8,5,2005,2005,1,1,12,13,2,178,4,3,2,4,3,2,1,0,1,0,1030,1030,1,4,1,4,1038,1060,0,2098,0,0,2,1,3,1,0,8,6,1,4,2,2005,2,3,878,3,3,2,192,52,0,0,0,0,0,0,0,0,3,2006,8,4,275500
20,3,61,7930,1,0,3,3,0,4,0,12,2,2,0,2,6,8,1969,2005,1,1,9,10,0,0,3,3,1,3,3,1,6,439,2,472,115,1026,1,4,1,4,1026,0,0,1026,1,0,1,0,3,1,2,5,6,0,0,6,1969,2,2,440,3,3,2,171,48,0,0,0,0,0,0,0,0,7,2009,8,4,156000
160,1,34,3230,1,2,3,3,0,4,0,21,2,2,4,5,6,5,1999,1999,1,1,8,8,2,894,3,3,2,4,3,1,6,381,1,0,348,729,1,4,1,4,742,729,0,1471,0,0,2,1,3,1,3,6,6,0,0,6,1999,3,2,440,3,3,2,0,24,0,0,0,0,0,0,0,0,3,2009,8,4,172500
60,3,68,10769,1,0,0,3,0,4,0,5,2,2,0,5,8,5,2007,2007,1,1,12,13,0,0,4,3,2,4,3,3,6,20,1,0,846,866,1,5,1,4,866,902,0,1768,0,0,2,1,3,1,2,7,6,0,0,2,2007,2,2,578,3,3,2,144,105,0,0,0,0,0,0,0,0,4,2009,8,4,212000
60,3,70,11616,1,0,0,3,0,1,0,19,2,2,0,5,6,5,1978,1978,3,1,6,6,1,328,3,3,1,3,3,2,3,438,1,0,234,672,1,3,1,4,672,714,0,1386,0,0,2,1,3,1,3,6,6,1,3,2,1978,1,2,440,3,3,2,335,0,0,0,0,0,0,4,0,0,4,2010,8,0,158900
160,1,24,2280,1,2,3,3,0,4,0,21,2,2,3,5,7,5,1999,1999,1,1,8,8,2,360,3,3,2,4,3,1,5,549,1,0,195,744,1,4,1,4,757,744,0,1501,0,0,2,1,3,1,3,6,6,0,0,6,1999,3,2,440,3,3,2,0,0,0,0,0,0,0,0,0,0,8,2008,8,4,179400
60,3,65,12257,1,0,0,3,0,4,0,15,2,2,0,5,8,5,1995,1995,1,1,12,13,2,513,4,3,2,4,3,3,2,56,5,64,1198,1318,1,5,1,4,1328,1203,0,2531,0,0,2,1,4,1,2,9,6,1,3,2,1995,2,3,752,3,3,2,222,98,0,0,0,0,0,0,0,0,11,2007,8,4,290000
20,3,70,9100,1,0,3,3,0,4,0,12,2,2,0,2,6,6,1959,1959,3,1,13,14,0,0,3,3,1,3,3,1,3,612,1,0,252,864,1,5,1,4,864,0,0,864,0,0,1,0,2,1,3,5,6,0,0,6,2008,3,1,300,5,5,2,0,0,0,0,0,0,0,0,1,450,10,2009,8,4,127500
30,4,60,6911,1,0,3,3,0,2,0,3,1,2,0,2,5,5,1924,1950,1,1,13,14,0,0,3,3,2,3,3,2,2,405,1,0,740,1145,1,3,1,4,1301,0,0,1301,0,0,1,0,2,1,1,5,2,0,0,6,1965,3,2,440,3,3,2,0,0,0,0,0,0,0,0,0,0,10,2009,8,4,100000
60,1,72,8640,1,0,3,3,0,4,0,21,2,2,0,5,7,5,2009,2009,1,1,12,13,0,0,3,3,2,4,3,2,6,24,1,0,732,756,1,5,1,4,764,783,0,1547,0,0,2,1,3,1,2,7,6,0,0,2,2009,3,2,614,3,3,2,169,45,0,0,0,0,0,0,0,0,6,2010,2,4,215200
60,3,82,9430,1,0,3,3,0,4,0,15,2,2,0,5,8,5,1999,1999,1,1,12,13,2,673,4,3,2,4,3,2,6,1163,1,0,89,1252,1,5,1,4,1268,1097,0,2365,1,0,2,1,3,1,2,8,6,1,4,2,1999,2,3,856,3,3,2,0,128,0,0,180,0,0,0,0,0,7,2009,8,4,337000
120,3,30,9549,1,0,0,3,0,1,0,24,2,2,4,2,8,5,1995,1996,3,1,3,3,0,0,4,4,2,4,4,3,2,437,6,1057,0,1494,1,5,1,4,1494,0,0,1494,1,0,1,1,2,1,0,6,6,1,4,2,1995,1,2,481,3,3,2,0,30,0,0,216,0,0,0,0,0,4,2006,8,4,270000
20,3,75,14587,1,0,0,3,0,4,0,21,2,2,0,2,9,5,2008,2008,1,1,12,13,3,284,4,3,2,4,3,1,1,0,1,0,1498,1498,1,5,1,4,1506,0,0,1506,0,0,2,0,2,1,0,6,6,1,4,2,2008,1,2,592,3,3,2,0,174,0,0,0,0,0,0,0,0,8,2008,6,5,264132
60,3,80,10421,1,0,3,3,0,4,0,14,2,2,0,5,7,5,1988,1988,1,1,6,6,2,42,3,3,1,4,3,1,6,394,1,0,586,980,1,3,1,4,980,734,0,1714,0,0,2,1,3,1,3,7,6,1,3,2,1988,3,2,496,3,3,2,228,66,156,0,0,0,0,3,1,500,3,2010,8,4,196500
50,3,75,12508,1,0,0,3,0,4,0,11,2,2,0,0,6,7,1940,1985,1,1,12,13,0,0,3,3,1,4,3,2,5,660,1,0,323,983,1,5,1,4,983,767,0,1750,1,0,2,0,4,1,3,7,4,0,0,2,1989,3,1,423,3,3,2,245,0,156,0,0,0,0,0,1,1300,7,2008,8,4,160000
20,3,70,9100,1,0,3,3,0,4,0,5,2,2,0,2,7,5,2004,2005,3,1,12,13,0,0,4,3,2,4,3,1,6,24,1,0,1836,1860,1,5,1,4,1836,0,0,1836,0,0,2,0,3,1,2,8,6,1,4,2,2004,1,2,484,3,3,2,120,33,0,0,0,0,0,0,0,0,10,2006,8,4,216837
60,3,47,53504,1,0,1,1,0,1,1,22,2,2,0,5,8,5,2003,2003,3,1,5,15,2,603,5,3,2,4,3,4,5,1416,1,0,234,1650,1,5,1,4,1690,1589,0,3279,1,0,3,1,4,1,0,12,4,1,4,4,2003,1,3,841,3,3,2,503,36,0,0,210,0,0,0,0,0,6,2010,8,4,538000
85,3,70,7252,1,0,0,3,0,1,0,19,2,2,0,6,5,5,1982,1982,3,1,13,14,0,0,3,3,1,4,3,3,6,685,1,0,173,858,1,3,1,4,858,0,0,858,1,0,1,0,2,1,3,5,6,0,0,6,1983,3,2,576,3,3,2,120,0,0,0,0,0,0,0,0,0,4,2009,8,4,134900
20,3,67,8877,1,0,3,3,0,4,0,7,2,2,0,2,4,5,1951,1951,1,1,13,14,0,0,3,3,1,2,2,1,2,836,1,0,0,836,1,3,1,1,1220,0,0,1220,0,0,1,0,2,1,3,6,6,0,0,6,1951,3,2,396,3,3,2,0,0,0,0,0,0,0,0,0,0,4,2006,0,4,102000
80,3,94,7819,1,0,3,3,0,4,0,7,2,2,0,7,6,5,1976,1976,1,1,9,10,0,0,3,3,1,3,3,3,5,422,4,127,480,1029,1,3,1,4,1117,0,0,1117,1,0,1,0,3,1,3,6,6,1,3,6,1976,3,2,672,3,3,2,144,0,0,0,0,0,0,3,0,0,3,2010,8,0,107000
20,3,70,10150,1,0,3,3,0,4,0,12,1,2,0,2,5,5,1958,1958,1,1,13,14,0,1,3,3,1,3,3,1,3,456,1,0,456,912,1,5,1,0,912,0,0,912,0,0,1,0,2,1,3,5,6,0,0,2,1958,2,1,275,3,3,2,0,0,0,0,0,0,0,0,0,0,7,2007,0,4,114500
20,3,110,14226,1,0,3,3,0,0,0,16,2,2,0,2,8,5,2006,2006,3,1,12,13,2,375,4,3,2,4,3,3,1,0,1,0,1935,1935,1,4,1,4,1973,0,0,1973,0,0,2,0,3,1,2,9,6,1,4,2,2006,1,3,895,3,3,2,315,45,0,0,0,0,0,0,0,0,7,2007,6,5,395000
120,4,32,4500,1,0,3,3,0,2,0,11,2,2,4,2,6,5,1998,1998,3,1,12,13,2,320,3,3,2,5,3,1,6,866,1,0,338,1204,1,5,1,4,1204,0,0,1204,1,0,2,0,2,1,3,5,6,0,0,2,1998,1,2,412,3,3,2,0,247,0,0,0,0,0,0,0,0,6,2009,8,4,162000
20,3,86,11210,1,0,0,3,0,4,0,5,2,2,0,2,7,5,2005,2006,1,1,12,13,2,240,4,3,2,4,3,3,6,20,1,0,1594,1614,1,5,1,4,1614,0,0,1614,0,0,2,0,3,1,2,7,6,0,0,2,2005,2,3,865,3,3,2,144,59,0,0,0,0,0,0,0,0,7,2006,6,5,221500
20,3,100,13350,1,0,0,3,0,4,0,19,2,2,0,2,5,5,1974,1974,3,1,6,10,0,0,3,3,1,3,3,1,5,762,1,0,102,864,1,3,1,4,894,0,0,894,1,0,1,0,3,1,3,5,6,1,2,2,1974,3,2,440,3,3,2,241,0,0,0,0,0,0,3,0,0,6,2006,8,4,142500
90,2,60,8400,1,0,3,3,0,4,0,20,1,2,2,2,5,5,1977,1977,1,1,9,10,2,320,3,3,3,0,0,0,0,0,0,0,0,0,1,3,1,4,2020,0,0,2020,0,0,2,0,4,2,3,10,6,2,3,6,1977,3,2,630,3,3,2,0,0,0,0,0,0,0,0,0,0,10,2007,8,4,144000
90,3,78,10530,1,0,3,3,0,4,0,11,2,2,2,6,6,5,1977,1977,1,1,9,7,2,90,3,3,1,4,3,4,6,975,1,0,0,975,1,3,1,4,1004,0,0,1004,1,0,1,0,2,1,3,4,6,0,0,2,1977,3,2,504,3,3,2,0,0,0,0,0,0,0,0,0,0,5,2006,8,4,135000
20,3,63,7875,1,0,3,3,0,4,0,8,2,2,0,2,7,5,1995,1996,1,1,6,6,2,38,3,3,2,4,4,1,1,0,1,0,1237,1237,1,4,1,4,1253,0,0,1253,0,0,2,0,3,1,3,6,6,1,3,2,1995,1,2,402,3,3,2,220,21,0,0,0,0,0,0,0,0,6,2007,8,4,176000
60,3,65,7153,1,0,3,3,0,4,0,20,2,2,0,5,6,5,1992,1992,1,1,12,13,0,0,4,4,2,4,3,1,5,387,1,0,374,761,1,5,1,4,810,793,0,1603,0,0,2,1,3,1,2,7,6,0,0,2,1992,2,2,484,3,3,2,0,124,0,0,0,0,0,0,0,0,7,2006,8,4,175900
20,3,67,16285,1,0,1,3,0,4,0,5,2,2,0,2,7,5,2001,2002,1,1,12,13,0,0,4,3,2,4,3,1,1,0,1,0,1413,1413,1,5,1,4,1430,0,0,1430,0,0,2,0,3,1,2,6,6,0,0,2,2001,2,2,605,3,3,2,0,33,0,0,0,0,0,0,0,0,6,2009,8,4,187100
85,3,70,9101,1,0,0,3,0,0,0,11,2,2,0,6,5,6,1978,1978,1,1,9,10,2,104,3,4,2,4,3,3,6,1097,1,0,0,1097,1,5,1,4,1110,0,0,1110,1,0,1,0,1,1,2,4,6,1,3,2,1978,1,2,602,3,3,2,303,30,0,0,0,0,0,0,0,0,7,2009,8,4,165500
75,4,35,6300,1,1,3,3,0,4,0,17,2,2,0,4,6,6,1914,2001,1,1,13,15,0,0,3,3,1,3,3,1,1,0,1,0,742,742,1,5,1,4,742,742,0,1484,0,0,2,0,3,1,3,9,6,1,4,0,0,0,0,0,0,0,2,0,291,134,0,0,0,0,0,0,0,6,2008,8,4,128000
20,3,70,9790,1,0,3,3,0,4,0,14,1,2,0,2,6,5,1967,1967,1,1,3,14,0,0,3,3,1,3,3,1,3,251,2,630,491,1372,1,3,1,4,1342,0,0,1342,0,0,2,0,3,1,3,7,6,1,4,2,1967,3,2,457,3,3,2,0,0,0,0,197,0,0,0,0,0,9,2009,8,4,161500
50,4,60,10800,1,0,3,3,0,4,0,17,0,2,0,0,5,6,1915,1950,1,1,8,8,0,0,3,4,2,2,3,1,2,686,1,0,0,686,1,3,1,4,966,686,0,1652,1,0,2,0,4,1,3,7,6,0,0,6,1961,3,1,416,3,3,2,0,0,196,0,0,0,0,0,1,1200,6,2010,8,4,139000
60,3,76,10142,1,0,0,3,0,4,0,20,2,2,0,5,7,5,2004,2004,1,1,12,13,0,0,4,3,2,4,3,1,6,656,1,0,300,956,1,5,1,4,956,1128,0,2084,1,0,2,1,4,1,2,8,6,0,0,4,2004,2,2,618,3,3,2,0,45,0,0,0,0,0,0,0,0,1,2010,8,4,233000
20,4,50,6000,1,0,3,3,0,0,0,17,2,2,0,2,4,7,1954,2000,1,1,8,8,0,0,3,3,1,3,3,1,1,0,1,0,901,901,1,5,1,4,901,0,0,901,0,0,1,0,2,1,3,4,6,0,0,6,1954,3,1,281,2,3,2,0,0,0,0,0,0,0,0,0,0,8,2008,8,4,107900
60,3,70,12205,1,0,0,2,0,4,0,4,2,2,0,5,6,8,1966,2007,1,1,6,6,2,157,3,3,1,3,2,4,2,568,1,0,264,832,1,4,1,4,976,1111,0,2087,0,0,2,1,5,1,2,9,6,0,0,2,1966,1,2,444,3,3,2,133,168,0,0,0,0,0,0,0,0,7,2007,8,4,187500
120,3,43,3182,1,0,3,3,0,4,0,0,2,2,4,2,7,5,2005,2006,1,1,12,13,2,11,4,3,2,4,3,1,6,16,1,0,1129,1145,1,5,1,4,1145,0,0,1145,0,0,2,0,2,1,2,5,6,1,4,2,2005,1,2,397,3,3,2,100,16,0,0,0,0,0,0,0,0,9,2009,8,4,160200
80,3,70,11333,1,0,0,3,0,0,0,11,2,2,0,7,6,5,1976,1976,1,1,6,6,0,0,3,3,2,4,3,3,5,539,1,0,490,1029,1,3,1,4,1062,0,0,1062,1,0,1,0,3,1,3,5,6,2,3,2,1976,2,2,539,3,3,2,120,0,0,0,0,0,0,0,0,0,5,2007,8,4,146800
60,3,92,9920,1,0,0,3,0,1,0,15,2,2,0,5,7,5,1996,1997,1,1,8,8,0,0,4,3,2,4,3,3,6,862,1,0,255,1117,1,5,1,4,1127,886,0,2013,1,0,2,1,3,1,3,8,6,1,3,2,1997,3,2,455,3,3,2,180,130,0,0,0,0,0,0,0,0,6,2007,8,4,269790
20,3,76,9158,1,0,3,3,0,4,0,21,2,2,0,2,8,5,2007,2007,1,1,5,5,3,140,4,3,2,4,3,3,1,0,1,0,1496,1496,1,5,1,4,1496,0,0,1496,0,0,2,0,3,1,2,7,6,0,0,2,2007,1,2,474,3,3,2,168,130,0,0,0,0,0,0,0,0,6,2007,6,5,225000
60,3,70,10832,1,0,0,3,0,0,0,8,2,2,0,5,7,5,1994,1996,1,1,8,8,0,0,4,3,2,4,3,1,1,0,1,0,712,712,1,5,1,4,1086,809,0,1895,0,0,2,1,3,1,2,7,6,1,3,2,1994,1,2,409,3,3,2,143,46,0,0,0,0,0,0,1,500,10,2008,8,4,194500
60,3,70,8400,1,0,3,3,0,4,0,20,2,2,0,5,6,6,1980,1981,1,1,6,6,2,130,3,3,1,4,3,1,1,0,1,0,650,650,1,3,1,4,888,676,0,1564,0,0,2,1,3,1,3,7,6,1,3,2,1980,3,2,476,3,3,2,0,50,0,0,204,0,0,3,0,0,4,2010,8,4,171000
20,3,71,8197,1,0,3,3,0,4,0,19,2,2,0,2,6,5,1977,1977,1,1,9,10,2,148,3,3,1,3,3,1,1,0,1,0,660,660,1,5,1,4,1285,0,0,1285,0,0,1,1,3,1,3,7,6,1,3,2,1977,2,2,528,3,3,2,138,0,0,0,0,0,0,3,0,0,4,2007,8,4,143500
20,3,57,7677,1,0,3,3,0,4,0,12,2,2,0,2,5,5,1953,1953,1,1,12,13,0,0,3,3,1,3,3,1,4,570,1,0,203,773,1,4,1,4,773,0,0,773,0,0,1,0,2,1,3,4,6,0,0,2,1953,3,1,240,3,3,2,0,0,0,0,0,0,0,0,0,0,4,2008,8,0,110000
60,3,104,13518,1,0,3,3,0,4,0,16,2,2,0,5,9,5,2008,2009,3,1,12,13,3,860,5,3,2,5,3,1,1,0,1,0,1926,1926,1,5,1,4,1966,1174,0,3140,0,0,3,1,4,1,0,11,6,2,4,4,2009,1,3,820,3,3,2,144,78,0,0,0,0,0,0,0,0,7,2009,6,5,485000
50,3,60,7200,1,0,3,3,0,0,0,18,1,2,0,0,5,7,1937,1950,1,1,13,14,2,252,3,3,0,4,3,1,5,569,1,0,162,731,1,5,1,4,981,787,0,1768,1,0,1,1,3,1,2,7,6,2,3,6,1939,3,1,240,3,3,2,0,0,264,0,0,0,0,3,0,0,6,2007,8,4,175000
60,3,79,12798,1,0,0,1,0,4,1,4,1,2,0,5,6,5,1997,1997,1,1,12,13,0,0,3,3,2,4,3,4,6,462,1,0,154,616,1,4,1,4,616,1072,0,1688,1,0,2,1,4,1,2,8,6,0,0,2,1997,2,2,603,3,3,2,403,114,185,0,0,0,0,0,1,400,5,2008,8,4,200000
30,4,40,4800,1,0,3,3,0,4,0,9,2,2,0,2,4,7,1916,1990,1,1,8,8,0,0,3,3,1,3,3,1,2,197,1,0,999,1196,1,5,1,0,1196,0,0,1196,1,0,1,0,2,1,3,5,6,0,0,6,1957,3,2,440,3,3,2,0,0,0,0,0,0,0,0,0,0,7,2007,8,4,109900
60,3,63,8199,1,0,3,3,0,4,0,5,2,2,0,5,7,5,2005,2005,1,1,14,15,0,0,4,3,2,4,3,3,6,648,1,0,80,728,1,5,1,4,728,728,0,1456,1,0,2,1,3,1,2,7,6,1,4,2,2005,1,2,410,3,3,2,36,18,0,0,0,0,0,0,0,0,10,2008,8,4,189000
60,3,107,13891,1,0,3,3,0,4,0,16,2,2,0,5,9,5,2008,2009,3,1,12,13,3,424,5,3,2,5,3,4,1,0,1,0,1734,1734,1,5,1,4,1734,1088,0,2822,0,0,3,1,4,1,0,12,6,1,4,4,2009,2,3,1020,3,3,2,52,170,0,0,192,0,0,0,0,0,1,2009,6,5,582933
20,3,75,9000,1,0,3,3,0,4,0,12,2,2,0,2,5,5,1954,1954,1,1,13,14,0,0,3,3,1,3,3,1,2,812,1,0,124,936,1,3,1,4,1128,0,0,1128,0,0,1,0,2,1,3,5,2,0,0,2,1954,3,1,286,3,3,2,0,0,0,0,0,0,0,2,0,0,6,2006,8,3,118000
20,3,91,12274,1,0,0,3,0,2,0,21,2,2,0,2,7,5,2008,2008,1,1,12,13,3,256,4,3,2,4,3,1,1,0,1,0,1417,1417,1,5,1,4,1428,0,0,1428,0,0,2,0,3,1,0,6,6,0,0,2,2008,2,2,554,3,3,2,0,60,0,0,0,0,0,0,0,0,7,2008,6,5,227680
80,3,75,9750,1,0,3,3,0,4,0,12,2,2,0,7,5,5,1967,1967,1,1,12,13,0,0,3,3,2,3,3,3,5,400,3,480,100,980,1,4,1,4,980,0,0,980,0,0,2,0,3,1,3,6,6,0,0,2,1967,1,1,384,3,3,2,68,0,0,0,0,0,0,0,0,0,10,2006,8,4,135500
70,3,144,21384,1,0,3,3,0,4,0,3,2,2,0,5,5,6,1923,2004,1,1,13,14,0,0,3,3,1,3,3,4,6,1309,1,0,15,1324,1,5,1,4,1072,504,0,1576,2,0,1,1,3,1,2,6,6,1,3,2,1923,2,2,528,3,3,2,0,312,0,0,0,0,0,0,0,0,5,2009,8,4,223500
80,3,85,13400,1,0,3,3,0,4,0,12,2,2,0,7,5,5,1966,1966,1,1,12,13,2,1047,3,3,1,3,3,3,5,516,4,128,380,1024,1,3,1,4,1086,0,0,1086,1,0,1,0,3,1,3,6,6,1,4,2,1966,2,2,484,3,3,2,0,0,0,0,0,0,0,2,0,0,6,2006,8,4,159950
75,4,90,8100,1,0,3,3,0,0,0,17,2,2,0,4,5,5,1898,1965,3,1,0,0,0,0,3,3,2,3,3,1,1,0,1,0,849,849,1,3,0,0,1075,1063,0,2138,0,0,2,0,2,3,3,11,6,0,0,6,1910,3,2,360,2,1,0,40,156,0,0,0,0,0,3,0,0,11,2009,8,4,106000
20,3,78,10140,1,0,3,3,0,4,0,14,2,2,0,2,6,6,1974,1999,3,1,6,6,2,99,3,3,1,3,3,1,5,663,2,377,0,1040,1,2,1,4,1309,0,0,1309,1,0,1,1,3,1,2,5,6,1,2,2,1974,2,2,484,3,3,2,265,0,0,0,0,648,1,4,0,0,1,2006,8,4,181000
120,4,70,4438,1,0,3,3,0,4,0,5,2,2,4,2,6,5,2004,2004,1,1,12,13,2,169,4,3,2,4,3,4,6,662,1,0,186,848,1,5,1,4,848,0,0,848,1,0,1,0,1,1,2,4,6,1,4,2,2004,1,2,420,3,3,2,140,0,0,0,0,0,0,0,0,0,6,2008,3,4,144500
20,0,66,8712,0,0,3,0,0,4,1,9,2,2,0,2,5,5,1952,1952,3,1,13,14,0,0,2,3,1,3,3,3,1,0,1,0,540,540,1,3,0,0,1044,0,0,1044,0,0,1,0,2,1,1,4,6,0,0,3,1952,3,2,504,3,3,0,0,0,0,0,0,0,0,0,1,54,6,2010,8,2,55993
20,3,75,9750,1,0,3,3,0,4,0,12,2,2,0,2,6,6,1958,1958,1,1,8,8,2,243,3,3,1,3,3,1,3,608,1,0,834,1442,1,4,1,4,1442,0,0,1442,0,0,1,1,4,1,3,7,6,0,0,2,1958,2,1,301,3,3,2,0,0,275,0,0,0,0,0,1,500,4,2007,0,4,157900
50,3,45,8248,1,1,3,3,0,4,0,7,2,2,0,0,5,7,1918,1950,1,1,11,12,0,0,3,3,0,3,3,1,1,0,1,0,686,686,2,4,1,4,686,564,0,1250,0,1,1,1,3,1,1,7,6,0,0,6,1955,3,1,280,3,3,1,207,0,96,0,0,0,0,0,0,0,7,2006,8,4,116000
20,3,48,12137,1,0,1,3,0,1,0,5,2,2,0,2,7,5,1998,1998,1,1,12,13,2,442,3,3,2,4,3,1,1,0,1,0,1649,1649,1,5,1,4,1661,0,0,1661,0,0,2,0,3,1,2,6,6,0,0,2,1998,2,2,598,3,3,2,0,34,0,0,0,0,0,0,0,0,5,2010,8,4,224900
20,3,70,11425,1,0,0,3,0,0,0,12,2,2,0,2,5,6,1954,1954,1,1,3,3,0,0,3,3,1,3,3,1,4,486,1,0,522,1008,1,4,1,4,1008,0,0,1008,0,0,1,0,2,1,3,4,6,1,4,2,1954,2,1,275,3,3,2,0,0,120,0,0,0,0,0,0,0,7,2006,8,4,137000
20,3,70,13265,1,0,0,3,0,1,0,11,2,2,0,2,8,5,2002,2002,3,1,5,5,2,148,4,3,2,4,3,1,6,1218,1,0,350,1568,1,5,1,4,1689,0,0,1689,1,0,2,0,3,1,2,7,6,2,4,2,2002,2,3,857,3,3,2,150,59,0,0,0,0,0,0,0,0,7,2008,8,4,271000
80,3,80,8816,1,0,3,3,0,4,0,4,2,2,0,7,6,7,1971,1971,1,1,6,6,2,80,3,3,1,3,3,3,6,504,1,0,506,1010,1,4,1,4,1052,0,0,1052,1,0,1,0,3,1,3,6,6,0,0,2,1971,3,2,440,3,3,2,0,0,0,0,0,0,0,3,0,0,6,2010,8,4,155000
120,3,44,6371,1,0,0,3,0,4,0,16,2,2,4,2,7,5,2009,2010,1,1,12,13,3,128,4,3,2,4,3,2,6,733,1,0,625,1358,1,5,1,4,1358,0,0,1358,1,0,2,0,2,1,2,6,6,1,4,2,2010,2,2,484,3,3,2,192,35,0,0,0,0,0,0,0,0,6,2010,6,5,224000
60,3,72,7226,1,0,0,3,0,1,0,5,2,2,0,5,7,5,2003,2003,1,1,12,13,0,0,4,3,2,4,3,1,1,0,1,0,798,798,1,5,1,4,798,842,0,1640,0,0,2,1,3,1,2,6,6,0,0,2,2003,2,2,595,3,3,2,0,45,0,0,0,0,0,0,0,0,6,2008,8,4,183000
20,4,60,6000,1,2,3,0,0,4,1,17,2,2,1,2,4,4,1953,1953,1,1,8,8,0,0,2,3,1,2,3,1,1,0,1,0,936,936,1,3,0,4,936,0,0,936,0,0,1,0,2,1,3,4,3,0,0,6,1974,3,2,576,3,3,2,0,32,112,0,0,0,0,0,0,0,2,2009,8,4,93000
60,3,70,12394,1,0,0,3,0,0,0,8,2,2,0,5,7,5,2003,2003,1,1,12,13,0,0,4,3,2,4,3,4,1,0,1,0,847,847,1,5,1,4,847,886,0,1733,0,0,2,1,3,1,2,7,6,1,4,4,2003,1,2,433,3,3,2,100,48,0,0,0,0,0,0,0,0,10,2007,8,3,225000
50,3,60,9900,1,0,3,3,0,4,0,18,2,2,0,0,6,7,1940,1950,1,1,12,13,0,0,3,3,0,3,3,1,1,0,1,0,778,778,1,3,1,4,944,545,0,1489,0,0,2,0,3,1,3,7,6,1,4,6,1940,3,1,240,3,3,2,335,0,0,0,0,0,0,2,0,0,7,2009,8,4,139500
20,1,81,11216,1,0,3,3,0,4,0,21,2,2,0,2,8,5,2006,2006,1,1,12,13,0,0,4,3,2,4,4,1,1,0,1,0,1489,1489,1,5,1,4,1489,0,0,1489,0,0,2,0,3,1,2,7,6,1,4,2,2006,2,2,776,3,3,2,0,140,0,0,0,0,0,0,0,0,6,2006,6,5,232600
20,3,114,14803,1,0,3,3,0,4,0,16,4,4,0,2,10,5,2007,2008,3,1,5,5,2,816,5,3,2,5,3,3,6,1636,1,0,442,2078,1,5,1,4,2084,0,0,2084,1,0,2,0,2,1,0,7,6,1,4,2,2007,1,3,1220,3,3,2,188,45,0,0,0,0,0,0,0,0,6,2008,6,5,385000
45,4,50,6130,1,0,3,3,0,4,0,3,2,2,0,1,5,6,1924,1950,1,1,8,8,0,0,3,3,0,3,3,1,5,784,1,0,0,784,1,4,1,4,784,0,0,784,1,0,1,0,2,1,2,5,6,0,0,0,0,0,0,0,0,0,2,0,0,116,0,0,0,0,0,0,0,5,2008,8,4,109500
20,3,65,8529,1,0,0,3,0,4,0,20,2,2,0,2,7,5,2001,2001,1,1,12,13,0,0,4,3,2,4,3,1,6,20,1,0,1434,1454,1,5,1,4,1434,0,0,1434,0,0,2,0,3,1,2,6,6,1,3,2,2001,2,2,527,3,3,2,290,39,0,0,0,0,0,0,0,0,4,2009,8,4,189000
60,3,70,28698,1,0,1,2,0,1,2,4,2,2,0,5,5,5,1967,1967,0,5,9,10,0,0,3,3,2,3,4,4,2,249,5,764,0,1013,1,3,1,4,1160,966,0,2126,0,1,2,1,3,1,3,7,3,0,0,2,1967,1,2,538,3,3,2,486,0,0,0,225,0,0,0,0,0,6,2009,8,0,185000
160,1,24,2544,1,2,3,3,0,4,0,21,2,2,3,5,7,5,2005,2005,1,1,8,8,0,0,4,3,2,4,3,1,1,0,1,0,600,600,1,5,1,4,520,623,80,1223,0,0,2,1,2,1,2,4,6,0,0,6,2005,2,2,480,3,3,2,0,166,0,0,0,0,0,0,0,0,7,2006,8,4,147400
20,3,80,11900,1,0,0,3,0,0,0,12,2,2,0,2,6,5,1957,1957,1,1,6,6,2,387,3,3,1,3,3,1,3,1040,1,0,352,1392,1,3,1,0,1392,0,0,1392,1,0,1,1,3,1,3,6,6,2,4,2,1957,2,2,458,3,3,2,0,0,0,0,192,0,0,0,0,0,6,2008,8,4,166000
160,1,30,3180,1,2,3,3,0,4,0,21,2,2,4,5,7,5,2005,2005,1,1,8,8,0,0,3,3,2,4,3,1,1,0,1,0,600,600,1,5,1,4,520,600,80,1200,0,0,2,1,2,1,2,4,6,0,0,6,2005,2,2,480,3,3,2,0,166,0,0,0,0,0,0,0,0,6,2006,8,4,151000
60,3,44,9548,1,0,0,3,0,1,0,5,2,2,0,5,7,6,2003,2003,1,1,12,13,2,223,4,3,2,4,3,1,6,483,1,0,458,941,1,5,1,4,941,888,0,1829,1,0,2,1,3,1,2,7,6,1,3,2,2003,2,2,613,3,3,2,192,39,0,0,0,0,0,0,0,0,1,2010,8,4,237000
20,3,100,10004,1,0,3,3,0,4,0,12,2,2,0,2,6,6,1964,1964,1,1,6,10,2,180,3,3,1,3,3,1,3,196,4,345,975,1516,1,3,1,4,1516,0,0,1516,0,0,1,1,3,1,3,6,6,0,0,2,1964,2,2,472,3,3,2,0,0,0,0,152,0,0,0,0,0,2,2009,8,4,167000
20,3,75,7875,1,0,3,3,0,4,0,12,2,2,0,2,5,6,1961,1961,1,1,12,13,2,136,3,3,1,3,3,1,3,572,1,0,572,1144,1,4,1,4,1144,0,0,1144,1,0,1,0,3,1,3,6,6,0,0,2,1961,3,2,456,3,3,2,0,0,0,0,0,0,0,2,0,0,9,2008,8,4,139950
20,3,60,9600,1,0,3,3,0,4,0,19,2,2,0,2,4,7,1950,1995,1,1,12,6,0,0,3,3,1,4,3,1,4,442,1,0,625,1067,1,3,1,4,1067,0,0,1067,0,0,2,0,2,1,2,4,3,0,0,2,1996,3,2,436,3,3,2,290,0,0,0,0,0,0,0,0,0,2,2010,8,4,128000
30,4,90,8100,1,2,3,3,0,4,0,17,2,2,0,2,5,6,1948,1973,1,1,12,13,0,0,3,3,0,3,3,1,3,338,1,0,1221,1559,1,4,1,4,1559,0,0,1559,1,0,1,0,2,1,3,5,3,0,0,6,1948,3,2,812,3,3,2,0,116,230,0,0,0,0,2,0,0,6,2007,0,4,153500
160,4,21,1680,1,0,3,3,0,4,0,2,2,2,3,5,6,5,1973,1973,1,1,6,6,2,158,3,3,1,3,3,1,4,330,1,0,153,483,1,3,1,4,483,504,0,987,1,0,1,1,2,1,3,5,6,0,0,6,1973,3,1,264,3,3,2,0,0,0,0,0,0,0,0,0,0,11,2008,8,4,100000
20,3,75,9525,1,0,3,3,0,4,0,5,2,2,0,2,5,6,1995,2006,1,1,12,13,0,0,3,3,2,4,3,1,1,0,1,0,1099,1099,1,5,1,4,1099,0,0,1099,0,0,1,1,3,1,2,6,6,0,0,2,1999,3,1,352,3,3,2,278,0,0,0,0,0,0,0,0,0,6,2008,8,4,144000
50,3,70,11767,1,0,3,3,0,4,0,7,2,2,0,0,5,6,1946,1995,1,1,8,8,0,0,3,3,1,3,3,1,4,352,1,0,416,768,1,5,1,4,768,432,0,1200,0,0,1,0,3,1,3,6,6,0,0,6,1946,3,1,240,3,3,2,0,0,0,0,0,0,0,0,0,0,5,2008,8,4,130500
70,2,70,12155,1,0,0,3,0,4,0,18,2,2,0,5,6,8,1925,1950,1,1,13,14,0,0,3,3,0,3,3,1,4,156,1,0,516,672,1,3,0,4,810,672,0,1482,0,0,2,0,4,1,1,7,6,0,0,6,1934,3,1,400,3,3,1,0,0,254,0,0,0,0,0,0,0,3,2008,8,4,140000
70,4,60,10440,1,1,3,3,0,4,0,17,2,2,0,5,5,8,1904,2002,1,1,8,8,0,0,3,3,2,3,3,1,1,0,1,0,650,650,1,4,1,4,958,581,0,1539,0,0,2,0,3,1,2,8,6,1,1,6,1983,3,2,686,4,3,1,70,78,68,0,0,0,0,0,0,0,6,2008,8,4,157500
80,3,82,9020,1,0,3,3,0,4,0,12,2,2,0,7,6,7,1966,1966,1,1,6,6,2,183,3,3,1,3,3,4,3,312,5,539,276,1127,1,3,1,4,1165,0,0,1165,1,0,1,1,3,1,3,6,6,0,0,2,1966,2,2,490,4,4,2,0,129,0,0,0,0,0,4,0,0,5,2008,8,4,174900
90,3,80,8000,1,0,3,3,0,0,0,12,0,2,2,2,5,4,1961,1961,1,1,3,3,0,0,3,3,1,3,3,1,1,0,1,0,1800,1800,1,5,0,4,1800,0,0,1800,0,0,2,0,6,2,3,10,6,0,0,0,0,0,0,0,0,0,2,0,0,0,0,0,0,0,0,0,0,7,2007,8,4,141000
50,4,100,12665,1,1,0,3,0,4,0,17,0,2,0,0,5,8,1915,1950,1,1,13,14,0,0,3,3,0,3,3,2,1,0,1,0,876,876,1,4,1,4,876,540,0,1416,0,0,1,1,4,1,3,7,6,1,4,6,1949,3,3,720,3,3,2,418,0,194,0,0,0,0,0,0,0,6,2008,8,4,153900
85,3,70,16647,1,0,0,3,0,1,0,19,5,2,0,6,5,5,1975,1981,1,1,6,6,0,0,3,3,1,4,3,4,5,1390,1,0,0,1390,1,3,1,4,1701,0,0,1701,1,0,2,0,3,1,3,6,3,2,3,3,1975,1,2,611,3,3,2,0,0,0,0,0,0,0,0,0,0,1,2007,8,4,171000
60,3,75,9317,1,0,3,3,0,4,0,20,2,2,0,5,7,5,1993,1993,1,1,6,6,2,137,4,3,2,4,3,1,5,513,1,0,227,740,1,5,1,4,1006,769,0,1775,1,0,2,1,3,1,2,7,6,1,3,2,1993,3,2,425,3,3,2,234,72,192,0,0,0,0,0,0,0,7,2009,8,4,213000
20,3,36,15523,1,0,0,3,0,1,0,5,2,2,0,2,5,6,1972,1972,1,1,6,10,0,0,3,3,1,3,3,3,4,460,1,0,404,864,1,5,1,4,864,0,0,864,1,0,1,0,3,1,3,5,6,1,2,2,1972,3,1,338,3,3,2,0,0,0,0,0,0,0,0,0,0,8,2009,8,4,133500
50,3,75,45600,1,0,1,0,0,4,0,4,2,2,0,0,6,8,1908,1997,1,1,13,14,0,0,3,3,0,3,3,1,1,0,1,0,907,907,1,3,1,4,1307,1051,0,2358,0,0,3,0,5,1,3,10,6,1,4,6,1908,3,2,360,2,3,2,486,40,0,0,175,0,0,0,0,0,9,2008,8,4,240000
80,3,80,9600,1,0,3,3,0,2,0,24,1,2,0,7,6,7,1976,1994,3,1,9,10,2,360,4,4,1,3,3,1,1,0,1,0,528,528,1,5,1,4,1094,761,0,1855,0,0,2,1,3,1,3,7,6,1,3,2,1976,2,2,512,3,3,2,113,100,0,0,0,0,0,0,0,0,8,2007,8,4,187000
120,4,36,4435,1,0,3,3,0,4,0,5,2,2,4,2,6,5,2003,2003,1,1,12,13,2,170,4,3,2,4,3,3,6,659,1,0,189,848,1,5,1,4,848,0,0,848,1,0,1,0,1,1,2,3,6,0,0,2,2003,1,2,420,3,3,2,140,0,0,0,0,0,0,0,0,0,11,2007,8,4,131500
120,3,70,3196,1,0,3,3,0,4,0,0,2,2,4,2,8,5,2003,2003,1,1,12,13,2,40,4,3,2,4,3,4,1,0,1,0,1273,1273,1,5,1,4,1456,0,0,1456,0,0,2,0,2,1,2,7,6,1,3,2,2003,1,2,400,3,3,2,143,20,0,0,0,0,0,0,0,0,5,2006,8,4,215000
75,3,53,7128,1,0,3,3,0,4,0,6,2,2,0,4,7,5,1941,1950,1,1,8,8,0,0,3,4,1,3,3,1,3,364,1,0,554,918,1,4,1,4,918,728,0,1646,0,0,2,0,4,1,3,7,6,2,4,6,1941,3,1,240,3,3,2,0,0,0,0,126,0,0,3,0,0,8,2007,8,4,164000
80,3,70,12095,1,0,0,3,0,0,0,12,2,2,0,7,6,6,1964,1964,1,1,8,6,2,115,3,4,1,3,3,4,3,564,1,0,563,1127,1,3,1,4,1445,0,0,1445,0,0,1,1,3,1,3,7,6,1,2,2,1964,2,2,645,3,3,2,180,0,0,0,0,0,0,3,0,0,8,2009,8,4,158000
20,3,102,17920,1,0,3,3,0,4,0,19,2,2,0,2,5,4,1955,1974,3,1,13,10,0,0,3,3,1,3,3,2,5,306,3,1085,372,1763,1,3,1,4,1779,0,0,1779,1,0,1,1,3,1,3,6,6,1,4,2,1955,3,2,454,3,3,2,0,418,0,0,312,0,0,0,0,0,7,2006,8,0,170000
20,3,70,6897,1,0,0,3,0,0,0,19,2,2,0,2,5,8,1962,2010,1,1,6,6,0,0,3,4,1,3,3,1,5,659,1,0,381,1040,1,5,1,4,1040,0,0,1040,1,0,1,1,3,1,3,6,6,0,0,6,1962,3,1,260,3,3,2,0,104,0,0,0,0,0,0,0,0,4,2010,8,4,127000
80,3,70,10970,1,0,0,2,0,4,1,5,2,2,0,7,6,6,1978,1978,1,1,9,6,0,0,3,3,1,4,4,4,6,505,2,435,0,940,1,3,1,4,1026,0,0,1026,1,0,1,0,3,1,3,5,6,0,0,6,1981,3,2,576,3,2,2,0,0,34,0,0,0,0,3,0,0,10,2008,8,4,147000
60,3,65,8125,1,0,3,3,0,4,0,8,2,2,0,5,6,5,1994,1995,1,1,6,6,0,0,3,3,2,4,3,1,1,0,1,0,702,702,1,4,1,4,702,779,0,1481,0,0,2,1,3,1,3,6,6,1,3,2,1994,1,2,343,3,3,2,0,36,0,0,0,0,0,0,0,0,3,2009,8,4,174000
20,3,80,10400,1,0,3,3,0,4,0,14,2,2,0,2,7,5,1976,1976,1,1,6,6,2,189,3,3,1,4,3,1,1,0,1,0,1090,1090,1,3,1,4,1370,0,0,1370,0,0,2,0,3,1,3,6,6,1,3,2,1976,2,2,479,3,3,2,0,0,0,0,0,0,0,3,0,0,6,2009,8,3,152000
60,3,70,11029,1,0,0,3,0,0,0,14,3,2,0,5,6,7,1968,1984,1,1,6,6,2,220,3,3,1,3,3,2,4,619,1,0,435,1054,1,3,1,4,1512,1142,0,2654,1,0,2,1,4,1,2,9,6,1,4,2,1968,3,2,619,3,3,2,0,65,0,0,222,0,0,0,0,0,8,2006,8,4,250000
50,3,55,7642,1,0,3,3,0,0,0,6,2,2,0,0,7,8,1918,1998,1,1,13,14,0,0,4,3,0,3,3,1,1,0,1,0,912,912,1,4,1,4,912,514,0,1426,0,0,1,1,3,1,2,7,6,1,4,6,1925,3,1,216,3,3,2,0,240,0,0,0,0,0,4,0,0,6,2007,8,4,189950
190,3,75,11625,1,0,3,3,0,4,0,19,2,2,1,2,5,4,1965,1965,3,1,9,6,0,0,3,3,2,3,3,2,4,841,1,0,198,1039,1,5,1,4,1039,0,0,1039,1,0,1,1,3,1,3,6,6,0,0,2,1965,3,2,504,3,3,2,0,0,0,0,0,0,0,0,0,0,4,2010,8,4,131500
20,3,81,9672,1,0,3,3,0,0,0,20,2,2,0,2,6,5,1984,1985,3,1,6,10,0,0,3,3,2,4,3,1,6,338,1,0,702,1040,1,3,1,4,1097,0,0,1097,0,0,2,0,3,1,3,6,6,0,0,2,1986,3,2,480,3,3,2,0,0,0,0,0,0,0,4,0,0,5,2010,8,4,152000
20,3,70,7931,1,0,3,3,0,4,0,12,2,2,0,2,5,5,1959,1959,3,1,3,10,0,0,3,3,1,3,3,1,4,1148,1,0,0,1148,1,3,1,4,1148,0,0,1148,1,0,1,0,3,1,3,6,6,0,0,2,1959,3,1,672,3,3,2,0,0,0,0,0,0,0,4,0,0,7,2009,8,4,132500
20,1,72,8640,1,0,3,3,0,4,0,21,2,2,0,2,7,5,2007,2008,1,1,12,13,0,0,4,3,2,5,3,1,1,0,1,0,1372,1372,1,5,1,4,1372,0,0,1372,0,0,2,0,3,1,2,6,6,0,0,2,2008,1,2,529,3,3,2,0,140,0,0,0,0,0,0,0,0,5,2008,6,5,250580
20,3,70,8750,1,0,0,3,0,4,0,12,2,2,0,2,5,6,1970,1970,1,1,8,8,2,76,3,3,1,3,3,1,4,828,1,0,174,1002,1,3,1,4,1002,0,0,1002,1,0,1,0,3,1,3,5,6,0,0,6,1973,3,2,902,3,3,2,0,0,0,0,0,0,0,3,0,0,8,2009,8,4,148500
20,3,67,10656,1,0,0,1,0,4,0,23,2,2,0,2,8,5,2006,2007,1,1,12,13,3,274,4,3,2,4,3,3,1,0,1,0,1638,1638,1,5,1,4,1646,0,0,1646,0,0,2,0,3,1,2,6,6,1,4,2,2007,2,3,870,3,3,2,192,80,0,0,0,0,0,0,0,0,11,2007,6,5,248900
20,3,85,6970,1,0,3,3,0,0,0,19,1,2,0,2,4,5,1961,1961,1,1,12,13,0,0,3,3,1,3,3,1,5,932,1,0,108,1040,1,3,1,4,1120,0,0,1120,1,0,1,1,3,1,1,5,6,0,0,2,1961,2,2,544,3,3,2,168,0,0,0,0,0,0,0,1,400,5,2007,8,4,129000
60,3,70,14762,1,0,1,3,0,0,0,8,1,2,0,5,5,6,1948,1950,1,1,9,10,0,0,3,3,3,0,0,0,0,0,0,0,0,0,1,4,1,4,1547,720,53,2320,0,0,2,0,2,1,3,7,6,1,3,2,1979,3,2,672,3,3,1,120,144,0,0,0,0,0,0,0,0,5,2006,8,4,169000
60,3,80,9938,1,0,3,3,0,4,0,20,2,2,0,5,7,5,1993,1994,1,1,8,8,2,246,4,3,2,4,3,1,6,750,1,0,300,1050,1,5,1,4,1062,887,0,1949,1,0,2,1,3,1,2,8,6,1,3,2,1993,1,2,574,3,3,2,156,90,0,0,0,0,0,4,0,0,6,2010,8,4,236000
20,3,60,6600,1,0,3,3,0,4,0,12,4,2,0,2,5,5,1962,1962,3,1,8,8,0,0,3,3,1,3,3,1,1,0,1,0,894,894,1,4,0,4,894,0,0,894,0,0,1,0,2,1,3,5,6,0,0,6,1962,3,1,308,3,3,2,0,0,0,0,0,0,0,0,0,0,8,2009,8,4,109500
60,3,70,8750,1,0,3,3,0,4,0,5,2,2,0,5,6,5,1998,1998,1,1,12,13,2,116,3,3,2,4,3,1,6,505,1,0,299,804,1,5,1,4,804,878,0,1682,0,0,2,1,3,1,2,7,6,0,0,2,1998,2,2,523,3,3,2,0,77,0,0,0,0,0,0,0,0,6,2010,8,4,200500
20,3,74,8892,1,0,3,3,0,0,0,12,2,2,0,2,5,7,1953,1996,1,1,14,15,0,0,4,3,4,3,3,3,1,0,1,0,105,105,1,4,1,4,910,0,0,910,0,0,1,0,3,1,2,5,6,0,0,2,1953,3,2,414,3,3,2,196,0,150,0,0,0,0,2,0,0,10,2008,8,4,116000
40,3,60,12144,1,0,3,3,0,4,0,12,2,2,0,2,5,7,1949,1950,1,1,6,6,0,0,4,3,1,3,3,1,3,375,1,0,457,832,1,4,1,4,1036,0,232,1268,0,0,1,0,3,1,3,6,6,1,4,2,1949,3,1,288,3,3,2,0,28,0,0,0,0,0,0,1,0,9,2009,8,4,133000
50,4,52,5720,1,0,3,3,0,4,0,17,0,2,0,0,5,6,1941,1950,1,1,13,14,0,0,3,3,1,3,3,1,1,0,1,0,676,676,1,5,1,4,676,455,0,1131,0,0,1,1,3,1,3,5,6,0,0,6,1941,3,1,200,3,3,2,26,0,0,0,0,0,0,0,0,0,8,2009,8,0,66500
60,1,75,9000,1,0,3,3,0,4,0,21,2,2,0,5,8,5,2007,2007,1,1,5,5,0,0,4,3,2,4,3,3,6,64,1,0,1120,1184,1,5,1,4,1184,1426,0,2610,0,0,2,1,4,1,0,11,6,1,4,4,2007,1,2,550,3,3,2,208,364,0,0,0,0,0,0,0,0,8,2007,6,5,303477
20,3,94,25286,1,0,3,1,0,4,1,11,2,2,0,2,4,5,1963,1963,1,1,6,10,0,0,3,3,2,3,3,4,5,633,1,0,431,1064,1,4,1,4,1040,0,0,1040,1,0,1,0,3,1,3,5,6,0,0,2,1963,3,2,648,3,3,2,0,0,0,0,0,0,0,0,0,0,1,2007,8,4,132250
60,3,74,8834,1,0,3,3,0,4,0,16,2,2,0,5,9,5,2004,2005,3,1,12,13,3,216,4,3,2,5,3,1,6,1170,1,0,292,1462,1,5,1,4,1462,762,0,2224,1,0,2,1,4,1,0,10,6,1,4,2,2004,1,3,738,3,3,2,184,0,0,0,0,0,0,0,0,0,6,2009,8,4,350000
85,3,88,11782,1,0,0,3,0,4,0,19,2,2,0,6,5,7,1961,1995,1,1,6,6,0,0,3,3,1,3,3,3,5,899,1,0,210,1109,1,3,1,4,1155,0,0,1155,1,0,1,0,3,1,2,6,3,0,0,6,1987,3,2,576,3,3,2,192,0,0,0,0,0,0,3,1,400,6,2010,8,4,148000
20,3,70,7000,1,0,0,3,0,1,0,5,2,2,0,2,5,8,1978,2005,1,1,12,13,2,90,4,4,1,3,3,1,5,646,1,0,218,864,1,5,1,4,864,0,0,864,1,0,1,0,3,1,3,6,6,0,0,2,1978,3,1,336,3,3,2,0,0,0,0,0,0,0,2,0,0,7,2009,8,4,136500
20,3,60,7024,1,0,3,3,0,4,0,7,2,2,0,2,5,5,2005,2006,1,1,12,13,0,0,3,3,2,5,4,1,5,980,1,0,110,1090,1,4,1,4,1090,0,0,1090,1,0,1,1,2,1,3,5,6,0,0,2,2005,1,2,450,3,3,2,0,49,0,0,0,0,0,0,0,0,6,2007,8,4,157000
50,3,44,13758,1,0,0,3,0,1,0,23,2,2,0,0,7,5,1990,1991,1,1,6,6,2,117,4,4,1,4,3,2,2,902,1,0,254,1156,1,5,1,4,1187,530,0,1717,0,0,2,1,3,1,2,7,6,1,3,2,1990,2,2,400,3,3,2,168,36,0,0,0,0,0,0,0,0,4,2007,8,4,187500
60,3,70,9636,1,0,0,3,0,0,0,8,2,2,0,5,6,5,1992,1993,1,1,12,13,0,0,3,3,2,4,3,1,1,0,1,0,808,808,1,4,1,4,808,785,0,1593,0,0,2,1,3,1,3,7,6,1,3,4,1993,2,2,389,3,3,2,342,40,0,0,0,0,0,3,0,0,12,2009,8,4,178000
75,3,60,6204,1,0,3,0,0,4,0,18,2,2,0,3,4,5,1912,1950,1,1,13,14,0,0,4,3,2,3,2,1,1,0,1,0,795,795,1,3,0,4,954,795,481,2230,1,0,1,0,5,1,3,10,6,0,0,6,1997,3,1,440,3,4,2,0,188,0,0,0,0,0,0,0,0,3,2006,8,4,118500
20,3,65,7150,1,0,3,3,0,4,0,12,2,2,0,2,5,5,1967,1967,1,1,6,6,2,60,3,3,1,3,3,1,4,432,1,0,460,892,1,3,1,4,892,0,0,892,0,0,1,0,3,1,3,5,6,0,0,2,1967,2,1,288,3,3,2,0,0,0,0,0,0,0,2,0,0,7,2009,8,4,100000
120,1,50,5119,1,0,0,3,0,1,0,21,2,2,4,2,9,5,1999,2000,1,1,8,8,2,60,4,3,2,5,3,3,6,1238,1,0,460,1698,1,5,1,4,1709,0,0,1709,1,0,2,0,2,1,2,5,6,1,3,2,1999,1,2,506,3,3,2,97,65,0,0,0,0,0,0,0,0,1,2008,1,0,328900
90,3,70,8393,1,0,3,3,0,0,0,12,2,2,2,2,5,5,1959,2005,1,1,8,8,2,122,3,3,1,3,3,1,2,528,1,0,1098,1626,1,5,1,4,1712,0,0,1712,0,0,2,0,4,2,3,8,6,0,0,2,2005,1,2,588,3,3,2,272,54,0,0,0,0,0,0,0,0,6,2006,8,3,145000
50,3,59,16466,1,0,0,3,0,4,0,7,2,2,0,0,5,7,1955,1955,1,1,8,8,0,0,3,4,2,3,3,1,1,0,1,0,816,816,1,3,1,4,872,521,0,1393,0,0,1,1,3,1,3,8,6,0,0,2,1955,3,1,300,3,3,2,121,0,0,0,265,0,0,0,0,0,4,2008,8,4,135500
20,3,95,15865,1,0,0,3,0,4,1,12,2,2,0,2,8,6,1970,1970,0,5,13,14,0,0,4,4,2,3,4,4,5,351,3,823,1043,2217,1,5,1,4,2217,0,0,2217,1,0,2,0,4,1,2,8,6,1,3,2,1970,3,2,621,3,3,2,81,207,0,0,224,0,0,0,0,0,10,2007,8,4,268000
20,3,128,12160,1,0,3,3,0,4,0,12,1,2,0,2,6,4,1953,1953,3,1,13,14,2,90,3,3,1,3,3,1,4,1024,1,0,481,1505,1,5,1,4,1505,0,0,1505,1,0,1,0,2,1,3,6,6,1,3,2,1953,2,2,505,3,3,2,0,0,0,162,0,0,0,0,0,0,2,2009,8,4,149500
50,3,60,8064,1,0,3,3,0,0,0,12,0,2,0,0,5,7,1949,2006,1,1,8,8,0,0,3,4,1,3,3,2,1,0,1,0,672,672,1,5,1,4,672,252,0,924,0,0,1,0,3,1,3,6,6,1,1,6,2003,3,2,576,3,3,2,0,0,0,0,0,0,0,3,1,2000,7,2007,8,4,122900
60,3,70,11184,1,0,3,3,0,4,0,19,2,2,0,5,6,5,1978,1978,3,1,6,6,2,92,3,3,1,3,3,1,2,226,3,500,192,918,1,4,1,4,918,765,0,1683,0,0,2,1,3,1,3,7,6,1,3,2,1978,2,2,440,3,3,2,243,0,0,0,0,0,0,0,0,0,7,2009,8,4,172500
20,3,70,8414,1,0,3,3,0,4,0,19,2,2,0,2,6,8,1963,2003,3,1,6,6,0,0,3,3,1,3,3,1,6,663,1,0,396,1059,1,3,1,4,1068,0,0,1068,0,1,1,0,3,1,3,6,6,0,0,2,1963,2,1,264,3,3,2,192,0,0,0,0,0,0,3,0,0,2,2006,8,4,154500
20,3,70,13284,1,0,3,3,0,4,0,19,4,2,0,2,5,5,1954,1954,1,1,13,10,0,0,3,3,2,4,3,2,4,1064,1,0,319,1383,1,3,1,4,1383,0,0,1383,1,0,1,0,3,1,3,6,6,1,4,2,1954,3,1,354,3,3,2,511,116,0,0,0,0,0,4,0,0,6,2008,8,4,165000
90,3,64,7018,1,0,3,0,0,4,0,20,2,2,2,2,5,5,1979,1979,1,1,9,10,0,0,3,3,3,0,0,0,0,0,0,0,0,0,1,3,1,4,1535,0,0,1535,0,0,2,0,4,2,3,8,6,0,0,2,1979,3,2,400,3,3,2,0,0,0,0,0,0,0,0,0,0,6,2009,8,2,118858
60,3,71,7056,1,0,3,3,0,4,0,12,2,2,0,5,6,5,1963,1963,3,1,6,6,2,415,3,3,1,3,3,1,4,400,1,0,380,780,1,3,1,4,983,813,0,1796,1,0,1,1,4,1,3,8,6,1,3,2,1963,2,2,483,3,3,2,0,50,0,0,0,0,0,0,0,0,10,2008,8,4,140000
30,4,50,8765,1,1,3,3,0,4,0,9,2,2,0,2,4,6,1936,1950,1,1,13,14,0,0,3,3,0,3,3,1,5,285,1,0,666,951,1,5,0,4,951,0,0,951,0,0,1,0,2,1,3,6,6,0,0,6,1936,3,1,327,3,3,2,0,28,0,0,0,0,0,0,0,0,4,2006,8,0,106500
90,3,64,7018,1,0,3,3,0,4,0,20,1,2,2,5,5,5,1979,1979,1,1,9,10,0,0,3,3,3,0,0,0,0,0,0,0,0,0,1,3,1,4,1120,1120,0,2240,0,0,2,0,6,2,3,12,6,0,0,6,1979,3,2,528,3,3,2,154,0,0,0,0,0,0,0,0,0,6,2009,8,2,142953
20,3,100,12919,1,0,0,3,0,4,0,16,2,2,0,2,9,5,2009,2010,3,1,12,13,3,760,5,3,2,5,3,4,6,2188,1,0,142,2330,1,5,1,4,2364,0,0,2364,1,0,2,1,2,1,0,11,6,2,4,2,2009,1,3,820,3,3,2,0,67,0,0,0,0,0,0,0,0,3,2010,6,5,611657
20,3,65,6993,1,0,3,3,0,4,0,19,1,2,0,2,5,7,1961,1994,1,1,6,10,0,0,3,3,1,3,3,1,4,465,1,0,447,912,1,3,1,4,1236,0,0,1236,0,0,1,0,3,1,3,6,6,1,3,2,1961,3,1,288,3,3,2,0,0,0,0,0,0,0,0,0,0,6,2006,8,4,135000
20,3,70,7340,1,0,0,3,0,4,0,12,2,2,0,2,4,6,1971,1971,1,1,6,6,0,0,3,3,1,3,3,1,5,322,1,0,536,858,1,3,1,4,858,0,0,858,0,0,1,0,2,1,3,4,6,0,0,6,1979,3,1,684,3,3,2,0,0,0,0,0,0,0,0,0,0,6,2007,8,4,110000
20,3,64,8712,1,0,0,3,0,4,0,12,2,2,0,2,5,7,1957,2000,3,1,8,8,0,0,3,4,1,3,3,2,4,860,1,0,132,992,1,3,1,4,1306,0,0,1306,1,0,1,0,2,1,3,5,6,0,0,6,1968,3,1,756,3,3,2,0,0,0,0,0,0,0,0,0,0,5,2009,8,4,153000
60,3,63,7875,1,0,3,3,0,4,0,8,2,2,0,5,7,5,2003,2003,1,1,12,13,0,0,4,3,2,4,3,1,1,0,1,0,783,783,1,5,1,4,807,702,0,1509,0,0,2,1,3,1,2,8,6,1,4,2,2003,1,2,393,3,3,2,0,75,0,0,0,0,0,0,0,0,7,2006,8,4,180000
20,3,50,14859,1,0,0,1,0,1,0,8,2,2,0,2,7,5,2006,2006,3,1,12,13,2,27,4,3,2,4,3,1,1,0,1,0,1670,1670,1,5,1,4,1670,0,0,1670,0,0,2,0,3,1,2,7,6,1,4,2,2006,2,3,690,3,3,2,144,60,0,0,0,0,0,0,0,0,8,2006,6,5,240000
20,3,70,6173,1,0,0,3,0,4,0,19,2,2,0,2,5,6,1967,1967,1,1,6,14,2,75,3,3,1,3,3,1,6,599,1,0,277,876,1,3,1,4,902,0,0,902,0,0,1,0,3,1,3,6,6,0,0,2,1967,3,1,288,3,3,2,0,0,0,0,0,0,0,3,0,0,8,2007,8,4,125500
20,3,80,9920,1,0,3,3,0,4,0,12,2,2,0,2,5,5,1954,1954,1,1,6,6,3,110,3,3,1,3,3,1,3,354,2,290,412,1056,1,3,1,4,1063,0,0,1063,1,0,1,0,3,1,3,6,6,0,0,2,1954,2,1,280,3,3,2,0,0,164,0,0,0,0,3,0,0,2,2010,8,4,128000
20,3,116,13501,1,0,0,3,0,0,0,21,2,2,0,2,8,5,2006,2006,1,1,12,13,3,208,4,3,2,4,3,1,6,63,1,0,1560,1623,1,5,1,4,1636,0,0,1636,1,0,2,0,3,1,2,8,6,1,4,2,2006,2,3,865,3,3,2,0,60,0,0,0,0,0,0,0,0,6,2007,8,4,255000
50,3,86,11500,1,0,0,3,0,4,0,6,2,2,0,0,7,7,1936,1987,1,1,3,3,0,0,4,3,1,4,3,1,3,223,1,0,794,1017,1,4,1,4,1020,1037,0,2057,0,0,1,1,3,1,2,6,6,1,4,2,1936,1,1,180,2,3,2,0,0,0,0,322,0,0,0,0,0,6,2006,8,4,250000
20,3,70,8885,1,0,0,2,0,4,1,11,2,2,0,2,5,5,1983,1983,1,1,6,6,0,0,3,3,1,4,3,3,4,301,5,324,239,864,1,3,1,4,902,0,0,902,1,0,1,0,2,1,3,5,6,0,0,2,1983,3,2,484,3,3,2,164,0,0,0,0,0,0,3,0,0,6,2006,8,4,131000
60,3,149,12589,1,0,1,3,0,4,0,8,2,2,0,5,6,5,2005,2005,1,1,12,13,0,0,4,3,2,4,3,1,1,0,1,0,742,742,1,5,1,4,742,742,0,1484,0,0,2,1,3,1,2,8,6,1,4,2,2005,1,2,390,3,3,2,36,24,0,0,0,0,0,0,0,0,6,2009,8,4,174000
90,3,80,11600,1,0,3,3,0,0,0,12,1,2,2,5,5,5,1960,1960,1,1,8,8,2,361,3,3,1,3,3,1,3,443,1,0,662,1105,1,3,1,0,1105,1169,0,2274,0,0,2,0,5,2,3,12,6,0,0,6,1960,3,2,480,3,3,2,0,0,0,0,0,0,0,0,0,0,1,2010,8,4,154300
20,3,70,9286,1,0,0,3,0,1,1,5,2,2,0,2,5,7,1977,1989,1,1,6,10,0,0,3,3,1,4,4,3,5,196,1,0,1072,1268,1,3,1,4,1268,0,0,1268,0,0,1,1,3,1,2,5,6,0,0,6,1978,3,1,252,3,3,2,173,0,0,0,0,0,0,0,0,0,10,2009,8,4,143500
30,4,51,6120,1,0,3,3,0,4,0,3,2,2,0,2,5,7,1925,1950,1,1,8,8,0,0,3,3,0,3,3,1,3,489,1,0,279,768,1,3,0,4,1015,0,0,1015,0,0,1,0,3,1,3,6,2,0,0,6,1925,3,1,450,3,3,2,0,0,112,0,120,0,0,3,1,620,7,2006,8,0,88000
90,2,82,6270,1,0,3,1,0,4,0,6,2,2,2,5,5,6,1949,1950,1,1,8,8,0,0,3,3,1,3,3,1,4,284,1,0,717,1001,1,3,0,0,1001,1001,0,2002,0,0,2,0,4,2,3,8,6,0,0,1,1949,3,3,871,3,3,2,0,0,0,0,0,0,0,0,0,0,8,2007,8,4,145000
160,1,30,3000,1,2,3,3,0,4,0,21,2,2,4,5,6,5,2009,2009,1,1,12,13,3,76,4,3,2,4,3,3,6,294,1,0,318,612,1,5,1,4,612,612,0,1224,0,0,2,1,2,1,2,4,6,0,0,6,2009,2,2,528,3,3,2,0,234,0,0,0,0,0,0,0,0,6,2009,6,5,173733
160,4,21,2001,1,0,3,3,0,4,0,10,2,2,3,5,4,5,1970,1970,1,1,5,5,2,80,3,3,1,3,3,1,1,0,1,0,546,546,1,2,1,4,546,546,0,1092,0,0,1,1,3,1,3,6,6,0,0,2,1970,3,1,286,3,3,2,0,0,0,0,0,0,0,0,0,0,1,2007,8,4,75000
20,0,50,9000,1,0,3,3,0,4,0,9,2,2,0,2,2,3,1949,1950,1,1,0,0,0,0,3,3,1,3,3,3,4,50,1,0,430,480,1,3,0,0,480,0,0,480,1,0,0,0,1,1,3,4,6,0,0,6,1958,3,1,308,3,3,2,0,0,0,0,0,0,0,0,0,0,10,2006,8,0,35311
20,3,70,17140,1,0,3,3,0,4,0,7,2,2,0,2,4,6,1956,1956,1,1,12,13,0,0,3,3,1,3,3,1,5,1059,1,0,75,1134,1,5,1,0,1229,0,0,1229,0,0,1,0,3,1,3,6,6,0,0,2,1956,2,1,284,3,3,2,0,0,0,0,0,0,0,0,0,0,4,2009,8,4,135000
60,3,103,13125,1,0,0,3,0,0,0,20,2,2,0,5,7,5,1991,1991,1,1,6,6,0,0,4,3,2,5,3,2,4,48,6,634,422,1104,1,5,1,4,912,1215,0,2127,1,0,2,1,4,1,2,8,6,1,3,2,1991,2,3,833,3,3,2,72,192,224,0,0,0,0,4,0,0,11,2007,8,4,238000
20,3,87,11029,1,0,0,3,0,0,0,12,2,2,0,2,6,8,1958,2002,3,1,8,8,0,0,5,3,1,4,3,1,5,528,4,411,245,1184,1,5,1,4,1414,0,0,1414,1,0,1,0,3,1,3,6,2,1,3,2,1990,3,2,601,3,3,2,0,51,0,0,190,0,0,0,0,0,5,2008,8,4,176500
60,3,70,8462,1,0,0,3,0,4,0,20,2,2,0,5,6,5,1994,1994,1,1,6,6,2,105,4,4,2,4,4,1,6,814,1,0,114,928,1,5,1,4,936,785,0,1721,0,1,2,1,3,1,2,7,6,0,0,2,1994,2,2,471,3,3,2,300,87,0,0,0,0,0,0,0,0,7,2007,8,4,201000
90,3,67,8777,1,0,3,3,0,4,0,7,1,2,2,0,5,7,1900,2003,1,1,8,8,0,0,3,3,1,3,3,1,5,1084,1,0,188,1272,1,4,1,4,1272,928,0,2200,2,0,2,2,4,2,3,9,6,0,0,0,0,0,0,0,0,0,0,0,70,0,0,0,0,0,4,0,0,9,2008,8,4,145900
20,3,65,10237,1,0,3,3,0,4,0,8,6,2,0,2,6,5,2005,2006,1,1,12,13,0,0,4,3,2,4,3,1,6,28,1,0,1288,1316,1,5,1,4,1316,0,0,1316,0,0,2,0,3,1,2,6,6,1,4,2,2005,1,2,397,3,3,2,100,0,0,23,0,0,0,0,0,0,10,2006,6,5,169990
120,3,50,8012,1,0,3,3,0,4,0,20,2,2,4,2,6,5,1993,1994,1,1,9,10,0,0,4,3,2,4,3,1,2,165,6,841,598,1604,1,5,1,4,1617,0,0,1617,1,0,2,0,2,1,2,5,6,1,2,2,1993,2,2,533,3,3,2,0,69,0,0,0,0,0,0,0,0,7,2008,8,4,193000
20,3,79,10240,1,0,3,3,0,4,0,14,2,2,0,2,6,6,1980,1980,1,1,9,10,2,157,3,4,1,4,3,1,4,625,2,1061,0,1686,1,3,1,4,1686,0,0,1686,1,0,2,0,3,1,3,7,6,1,3,2,1980,3,2,612,3,3,2,384,131,0,0,0,0,0,0,0,0,5,2006,8,4,207500
20,3,70,15611,1,0,0,3,0,0,0,14,2,2,0,2,5,6,1977,1977,1,1,12,13,0,0,3,3,2,4,3,3,5,767,2,93,266,1126,1,3,1,4,1126,0,0,1126,0,1,2,0,3,1,0,6,6,0,0,2,1977,2,2,540,3,3,2,180,0,0,0,0,0,0,0,0,0,3,2008,8,0,175000
60,3,93,11999,1,0,3,3,0,4,0,16,2,2,0,5,8,5,2003,2004,3,1,12,13,2,340,4,3,2,4,3,1,1,0,1,0,1181,1181,1,5,1,4,1234,1140,0,2374,0,0,2,1,4,1,0,10,6,1,4,4,2003,1,3,656,3,3,2,104,100,0,0,0,0,0,0,0,0,5,2007,8,4,285000
60,3,70,9900,1,0,3,3,0,4,0,14,1,2,0,5,7,5,1968,1968,1,1,8,8,2,342,3,3,1,3,3,1,4,552,1,0,280,832,1,4,1,4,1098,880,0,1978,0,0,2,1,4,1,3,9,6,1,4,2,1968,2,2,486,3,3,2,0,43,0,0,0,0,0,4,0,0,4,2008,8,4,176000
20,3,70,11838,1,0,3,3,0,4,0,5,2,2,0,2,8,5,2001,2001,3,1,12,13,0,0,4,3,2,4,3,3,1,0,1,0,1753,1753,1,5,1,4,1788,0,0,1788,0,0,2,0,3,1,0,7,6,1,3,2,2001,2,2,522,3,3,2,202,151,0,0,0,0,0,0,0,0,6,2009,8,4,236500
60,3,70,13006,1,0,0,3,0,0,0,8,2,2,0,5,7,5,1997,1997,1,1,6,6,2,285,3,3,2,4,3,1,1,0,1,0,964,964,1,4,1,4,993,1243,0,2236,0,0,2,1,4,1,2,8,6,1,3,4,1997,1,2,642,3,3,2,0,0,0,0,0,0,0,0,0,0,11,2006,8,4,222000
20,3,73,8925,1,0,0,1,0,4,0,23,2,2,0,2,8,5,2007,2007,1,1,12,13,0,0,4,3,2,4,3,3,6,16,1,0,1450,1466,1,5,1,4,1466,0,0,1466,0,0,2,0,3,1,2,7,6,0,0,2,2007,1,3,610,3,3,2,100,18,0,0,0,0,0,0,0,0,7,2009,8,4,201000
20,3,70,9100,1,0,3,3,0,4,0,12,2,2,0,2,5,6,1965,1965,1,1,12,13,0,0,3,3,1,3,3,1,4,338,3,466,121,925,1,5,1,4,925,0,0,925,0,1,1,0,2,1,3,5,6,0,0,6,1965,3,1,429,3,3,2,0,0,0,0,0,0,0,2,0,0,7,2009,8,4,117500
20,3,84,11670,1,0,0,3,0,0,0,21,8,2,0,2,9,5,2006,2006,3,1,12,7,3,302,5,3,2,5,4,1,1,0,1,0,1905,1905,1,5,1,4,1905,0,0,1905,0,0,2,0,3,1,0,8,6,1,4,2,2006,1,3,788,3,3,2,0,191,0,0,0,0,0,0,0,0,3,2007,8,4,320000
20,3,63,8487,1,0,3,3,0,2,0,5,2,2,0,2,7,5,2004,2004,1,1,12,13,2,210,4,3,2,4,3,3,6,20,1,0,1480,1500,1,5,1,4,1500,0,0,1500,0,0,2,0,3,1,2,6,6,0,0,2,2004,2,2,570,3,3,2,192,36,0,0,0,0,0,0,0,0,8,2009,8,4,190000
20,3,313,27650,1,0,1,1,0,4,1,12,3,2,0,2,7,7,1960,2007,0,5,13,14,0,0,3,3,1,4,3,4,6,425,1,0,160,585,1,5,1,4,2069,0,0,2069,1,0,2,0,4,1,2,9,6,1,4,2,1960,2,2,505,3,3,2,0,0,0,0,0,0,0,0,0,0,11,2008,8,4,242000
30,3,52,5825,1,0,0,3,0,4,0,3,2,2,0,2,4,5,1926,1953,1,1,8,8,2,108,3,4,2,2,3,2,1,0,1,0,600,600,1,4,1,4,747,0,0,747,0,0,1,0,1,1,3,5,6,0,0,6,1953,3,2,528,3,3,2,0,0,32,0,0,0,0,0,0,0,6,2006,8,4,79900
20,3,67,10083,1,0,3,3,0,4,0,20,2,2,0,2,7,5,2003,2003,1,1,12,13,0,0,4,3,2,4,3,1,6,833,1,0,343,1176,1,5,1,4,1200,0,0,1200,1,0,2,0,2,1,2,5,6,0,0,2,2003,2,2,555,3,3,2,0,41,0,0,0,0,0,0,0,0,8,2009,8,4,184900
60,3,75,9675,1,0,3,3,0,4,0,21,2,2,0,5,7,5,2005,2005,1,1,12,13,0,0,4,3,2,4,3,2,6,341,1,0,772,1113,1,5,1,4,1113,858,0,1971,0,0,2,1,3,1,2,8,6,1,4,2,2005,2,2,689,3,3,2,0,48,0,0,0,0,0,0,0,0,2,2009,8,4,253000
60,3,73,8760,1,0,3,3,0,4,0,5,2,2,0,5,7,5,2006,2006,1,1,12,13,0,0,4,3,2,4,4,2,6,464,1,0,927,1391,1,5,1,4,1391,571,0,1962,0,0,2,1,3,1,2,7,6,0,0,2,2006,2,3,868,3,3,2,0,90,0,0,0,0,0,0,0,0,8,2006,6,5,239799
70,3,70,24090,1,0,3,3,0,4,0,4,2,2,0,5,7,7,1940,1950,1,1,8,8,0,0,3,4,1,3,3,2,1,0,1,0,1032,1032,1,5,1,4,1207,1196,0,2403,0,0,2,0,4,1,3,10,6,2,3,2,1940,3,1,349,3,3,2,56,0,318,0,0,0,0,0,0,0,6,2010,0,4,244400
90,3,55,12640,1,0,0,3,0,4,0,11,2,2,2,2,6,5,1976,1976,1,1,9,10,0,0,3,3,1,3,3,4,3,936,2,396,396,1728,1,3,1,4,1728,0,0,1728,0,0,2,0,4,2,3,8,6,0,0,2,1976,3,2,574,3,3,2,40,0,0,0,0,0,0,0,0,0,7,2006,8,4,150900
60,3,70,8755,1,0,0,3,0,2,0,8,8,2,0,5,7,5,1999,1999,1,1,12,13,2,298,4,3,2,4,3,1,5,772,1,0,220,992,1,5,1,4,1022,1038,0,2060,1,0,2,1,3,1,2,8,6,1,3,4,1999,2,2,390,3,3,2,0,0,0,168,0,0,0,4,0,0,6,2009,8,4,214000
90,3,42,7711,1,0,0,3,0,4,0,7,2,2,2,2,4,3,1977,1977,1,1,8,8,0,0,3,3,2,4,3,4,6,1440,1,0,0,1440,1,3,1,4,1440,0,0,1440,2,0,2,0,4,2,3,8,6,0,0,0,0,0,0,0,0,0,0,321,0,0,0,0,0,0,0,0,0,8,2007,7,0,150000
90,3,100,25000,1,0,3,2,0,4,0,11,2,2,2,2,5,4,1967,1967,1,1,6,10,0,0,3,3,1,3,3,3,1,0,1,0,1632,1632,1,3,1,4,1632,0,0,1632,0,0,2,0,4,2,3,8,6,0,0,2,1967,3,2,576,3,3,1,0,0,0,0,0,0,0,0,0,0,6,2007,8,4,143000
20,3,70,14375,1,0,0,3,1,1,0,23,2,2,0,7,6,6,1958,1958,1,1,6,6,2,541,3,3,1,3,3,1,6,111,3,354,354,819,1,4,1,0,1344,0,0,1344,0,1,1,0,3,1,2,7,6,1,4,3,1958,2,2,525,3,3,2,0,118,0,0,233,0,0,0,0,0,1,2009,0,0,137500
50,4,98,8820,1,0,3,3,0,0,0,17,2,2,0,0,5,6,1890,1996,3,1,12,13,0,0,3,3,0,3,3,1,2,1088,1,0,0,1088,1,3,1,4,1188,561,120,1869,0,0,1,0,2,1,3,7,6,0,0,6,1963,3,2,456,3,3,2,48,0,244,0,0,0,0,1,0,0,9,2009,8,4,124900
80,3,70,8163,1,0,3,3,0,4,0,12,2,2,0,7,5,6,1959,1959,1,1,6,6,2,128,3,4,1,3,3,3,5,748,4,294,102,1144,1,3,1,4,1144,0,0,1144,1,0,1,0,3,1,3,6,6,1,3,2,1959,2,1,796,3,3,2,86,0,0,0,0,0,0,0,0,0,3,2006,8,4,143000
20,3,85,14536,1,0,3,3,0,4,0,23,2,2,0,2,8,5,2002,2003,3,1,12,13,2,236,4,3,2,4,3,3,6,1300,1,0,316,1616,1,5,1,4,1629,0,0,1629,1,0,2,0,3,1,2,9,6,1,4,2,2002,1,3,808,3,3,2,0,252,0,0,0,0,0,0,0,0,11,2007,8,4,270000
60,3,65,14006,1,0,0,3,0,4,0,5,2,2,0,5,7,5,2002,2002,1,1,12,13,2,144,4,3,2,4,3,0,1,0,1,0,936,936,1,5,1,4,936,840,0,1776,0,0,2,1,3,1,2,7,6,1,3,2,2002,2,2,474,3,3,2,144,96,0,0,0,0,0,0,0,0,2,2006,8,4,192500
20,3,78,9360,1,0,3,3,0,4,0,14,2,2,0,2,6,7,1972,2006,3,1,9,10,0,0,3,3,1,3,3,1,5,982,1,0,179,1161,1,3,1,4,1381,0,0,1381,1,0,1,1,3,1,2,5,6,1,3,2,1972,2,2,676,3,3,2,0,0,0,0,0,0,0,0,0,0,3,2010,8,4,197500
20,3,60,7200,1,0,3,3,0,4,0,12,2,2,0,2,5,8,1950,2002,1,1,12,13,0,0,3,3,1,3,3,1,5,398,4,149,317,864,1,4,1,4,864,0,0,864,1,0,1,0,3,1,2,5,6,0,0,6,1980,2,2,720,3,3,2,194,0,0,0,0,0,0,0,0,0,7,2007,8,4,129000
20,2,60,7800,1,0,3,3,0,0,0,20,2,2,0,2,5,5,1965,1965,1,1,12,13,0,0,3,3,1,3,3,1,4,641,1,0,187,828,1,4,1,4,965,0,0,965,1,0,1,0,3,1,3,6,6,0,0,6,1979,3,1,300,3,3,2,421,0,0,0,0,0,0,3,0,0,7,2006,8,0,119900
85,3,60,7200,1,0,3,3,0,4,0,5,2,2,0,6,5,8,1972,2003,1,1,14,6,0,0,3,4,1,4,3,3,6,660,1,0,108,768,1,4,1,4,768,0,0,768,0,1,1,0,2,1,3,5,6,0,0,6,1974,1,1,396,3,3,2,192,0,0,0,0,0,0,3,0,0,4,2009,8,4,133900
60,3,70,11075,1,0,0,3,0,4,1,11,2,2,0,5,5,4,1969,1969,1,1,6,6,2,232,3,3,1,3,3,3,5,562,2,193,29,784,1,5,1,4,1168,800,0,1968,0,1,2,1,4,1,3,7,3,1,1,2,1969,2,2,530,3,3,2,305,189,0,0,0,0,0,3,1,400,9,2008,8,4,172000
90,3,35,9400,1,0,0,3,0,1,0,7,2,2,2,6,6,5,1975,1975,0,5,14,10,2,250,3,3,1,4,4,4,6,945,1,0,0,945,1,3,1,4,980,0,0,980,0,2,2,0,4,0,3,4,6,0,0,0,0,0,0,0,0,0,2,0,0,0,0,0,0,0,0,0,0,10,2006,8,1,127500
90,2,82,7136,1,0,0,1,0,4,0,6,2,2,2,5,6,6,1946,1950,1,1,8,8,2,423,3,3,1,4,3,1,3,484,1,0,495,979,1,3,0,1,979,979,0,1958,0,0,2,0,4,2,3,8,6,0,0,2,1946,3,2,492,3,3,2,0,0,0,0,0,0,0,0,0,0,8,2007,8,4,145000
160,4,24,1300,1,0,3,3,0,4,0,1,2,2,4,5,6,6,1980,1980,1,1,8,8,0,0,3,3,1,4,3,1,5,285,1,0,276,561,1,3,1,4,561,668,0,1229,0,0,1,1,2,1,3,5,6,1,3,2,1980,1,2,462,3,3,2,150,0,0,0,0,0,0,4,0,0,5,2009,8,4,124000
20,3,70,7420,1,0,3,3,0,4,0,19,2,2,0,2,5,5,1962,1962,3,1,8,8,0,0,3,3,1,3,3,1,3,417,1,0,640,1057,1,3,1,4,1057,0,0,1057,0,0,1,0,3,1,3,6,6,0,0,6,1977,1,2,576,3,3,2,0,0,0,0,0,0,0,0,0,0,4,2007,8,4,132000
20,3,65,8450,1,0,3,3,0,4,0,5,2,2,0,2,7,5,2003,2003,1,1,12,13,0,0,4,3,2,4,3,2,6,699,1,0,638,1337,1,5,1,4,1337,0,0,1337,1,0,2,0,3,1,2,6,6,0,0,2,2003,2,2,531,3,3,2,0,39,0,0,0,0,0,0,0,0,10,2007,8,4,185000
160,1,24,2572,1,0,3,3,0,2,0,21,2,2,3,5,7,5,1999,1999,3,1,8,8,0,0,4,3,2,4,3,1,5,604,1,0,92,696,1,5,1,4,696,720,0,1416,1,0,2,1,3,1,2,6,6,0,0,6,1999,3,2,484,3,3,2,0,44,0,0,0,0,0,0,0,0,5,2010,8,4,155000
20,3,50,7207,1,0,0,3,0,4,0,3,2,2,0,2,5,7,1958,2008,1,1,13,10,0,0,3,4,1,3,3,4,4,696,1,0,162,858,1,4,1,4,858,0,0,858,1,0,1,0,2,1,3,4,6,0,0,0,0,0,0,0,0,0,2,117,0,0,0,0,0,0,0,0,0,2,2010,8,4,116500
60,3,70,12227,1,0,0,3,0,0,0,14,4,2,0,5,6,7,1977,1995,1,1,6,6,2,424,3,4,1,4,4,1,5,896,1,0,434,1330,1,3,1,4,1542,1330,0,2872,1,0,2,1,4,1,3,11,6,1,3,2,1977,1,2,619,3,3,2,550,282,0,0,0,0,0,0,0,0,7,2008,8,4,272000
160,3,24,2308,1,0,3,3,0,0,0,13,2,2,4,5,6,6,1976,1976,1,1,9,2,0,0,3,3,1,4,3,1,5,556,1,0,248,804,1,3,1,4,804,744,0,1548,1,0,2,1,3,1,2,7,6,1,3,6,1976,3,2,440,3,3,2,48,0,0,0,0,0,0,0,0,0,7,2007,8,4,155000
20,3,122,11923,1,0,0,3,0,0,0,5,2,2,0,2,9,5,2007,2007,1,1,12,13,0,0,4,3,2,5,3,1,1,0,1,0,1800,1800,1,5,1,4,1800,0,0,1800,0,0,2,0,2,1,0,7,6,0,0,2,2007,1,2,702,3,3,2,288,136,0,0,0,0,0,0,0,0,5,2009,8,4,239000
60,3,80,11316,1,0,3,3,0,0,0,23,2,2,0,5,7,5,2002,2003,1,1,12,13,2,44,4,3,2,4,3,1,6,624,1,0,193,817,1,5,1,4,824,1070,0,1894,1,0,2,1,4,1,2,8,6,1,4,4,2002,1,2,510,3,3,2,0,40,0,0,0,0,0,0,0,0,2,2010,8,4,214900
60,3,65,10237,1,0,3,3,0,4,0,8,6,2,0,5,6,5,2005,2007,1,1,12,13,0,0,4,3,2,4,3,1,1,0,1,0,783,783,1,5,1,4,783,701,0,1484,0,0,2,1,3,1,2,8,6,1,4,2,2005,1,2,393,3,3,2,0,72,0,0,0,0,0,0,0,0,7,2007,6,5,178900
50,3,130,9600,1,0,0,1,0,4,0,6,2,2,0,0,5,7,1940,1950,1,1,8,8,0,0,4,4,0,3,2,1,3,428,1,0,300,728,1,5,1,4,976,332,0,1308,1,0,1,1,2,1,3,7,3,2,3,6,1940,3,1,256,3,3,2,0,70,0,0,0,0,0,0,0,0,6,2009,8,4,160000
20,3,70,7390,1,0,0,3,0,4,0,12,2,2,0,2,5,7,1955,1955,3,1,13,14,2,151,3,3,1,3,3,1,5,902,1,0,196,1098,1,3,1,4,1098,0,0,1098,1,0,1,0,3,1,3,6,6,0,0,2,1955,3,1,260,3,3,2,0,0,0,0,0,0,0,0,0,0,7,2008,8,4,135000
50,4,50,5925,1,0,3,3,0,4,0,17,2,2,0,0,3,6,1910,1950,1,1,12,13,0,0,3,3,0,3,3,1,1,0,1,0,600,600,3,2,0,4,600,368,0,968,0,0,1,0,2,1,3,6,6,0,0,0,0,0,0,0,0,0,2,0,0,0,0,0,0,0,2,0,0,5,2009,8,0,37900
190,3,75,10382,1,0,3,3,0,4,0,12,2,2,1,7,6,5,1958,1958,3,1,6,6,2,105,3,2,1,3,3,4,5,513,1,0,75,588,1,3,1,4,1095,0,0,1095,1,0,1,0,2,1,3,6,6,0,0,2,1958,2,1,264,3,3,2,0,0,0,0,0,0,0,0,0,0,3,2006,3,4,140000
50,3,60,10800,1,0,3,3,0,4,0,12,2,2,0,0,4,4,1949,1950,1,1,0,0,0,0,3,3,1,3,3,1,1,0,1,0,720,720,1,3,0,0,720,472,0,1192,0,0,1,1,4,1,3,6,6,0,0,0,0,0,0,0,0,0,2,0,0,0,0,0,0,0,0,0,0,12,2006,8,0,135000
160,3,36,2268,1,0,3,3,0,4,0,16,2,2,3,5,7,5,2003,2004,1,1,12,15,3,106,4,3,2,4,3,1,6,567,1,0,197,764,1,5,1,4,764,862,0,1626,0,0,2,0,2,1,2,6,6,0,0,4,2003,2,2,474,3,3,2,0,27,0,0,0,0,0,0,0,0,7,2009,8,4,173000
120,3,55,7892,1,0,3,3,0,4,0,20,2,2,4,2,6,5,1979,1979,1,1,9,10,0,0,3,3,1,4,3,1,1,0,1,0,918,918,1,3,1,4,918,0,0,918,0,0,2,0,2,1,3,5,6,1,3,2,1979,3,1,264,3,3,2,28,0,0,0,0,0,0,0,0,0,4,2010,8,4,99500
20,1,95,11639,1,0,3,3,0,0,0,21,2,2,0,2,7,5,2007,2008,1,1,5,5,0,0,4,3,2,4,3,1,1,0,1,0,1428,1428,1,5,1,4,1428,0,0,1428,0,0,2,0,3,1,2,6,6,0,0,2,2007,1,2,480,3,3,2,0,120,0,0,0,0,0,0,0,0,12,2008,6,5,182000
70,3,60,11414,1,0,0,3,0,0,0,3,6,1,0,5,7,8,1910,1993,1,1,6,6,0,0,3,4,0,4,3,1,1,0,1,0,728,728,1,3,0,4,1136,883,0,2019,0,0,1,0,3,1,2,8,6,0,0,6,1997,3,2,532,3,3,2,509,135,0,0,0,0,0,4,0,0,10,2009,8,4,167500
160,1,70,2651,1,0,3,3,0,2,0,21,2,2,3,5,7,5,2000,2000,1,1,8,8,0,0,4,3,2,4,3,1,6,641,1,0,32,673,1,5,1,4,673,709,0,1382,1,0,2,1,3,1,2,6,6,0,0,6,2000,3,2,490,3,3,2,153,50,0,0,0,0,0,0,0,0,4,2006,8,4,165000
30,3,51,5900,1,0,0,0,0,4,0,3,2,2,0,2,4,7,1923,1958,1,1,13,14,0,0,3,3,2,4,3,1,1,0,1,0,440,440,1,3,1,0,869,0,0,869,0,0,1,0,2,1,1,4,6,0,0,0,0,0,0,0,0,0,2,0,0,0,0,0,0,0,0,0,0,8,2006,8,4,85500
120,1,35,4274,1,2,0,3,0,4,0,21,2,2,4,2,7,5,2006,2007,1,1,12,13,0,0,4,3,2,4,3,1,6,1106,1,0,135,1241,1,5,1,4,1241,0,0,1241,1,0,1,1,1,1,2,4,6,0,0,2,2007,1,2,569,3,3,2,0,116,0,0,0,0,0,0,0,0,11,2007,6,5,199900
20,3,68,9450,1,0,3,0,0,4,1,7,2,2,0,2,4,5,1954,1954,1,1,8,8,0,0,3,3,1,3,3,1,2,552,1,0,342,894,1,5,1,4,894,0,0,894,0,0,1,0,3,1,3,5,6,0,0,6,1999,3,2,400,3,3,2,0,0,0,0,0,0,0,0,0,0,5,2007,8,0,110000
20,3,80,8816,1,0,3,3,0,0,0,19,1,2,0,2,5,6,1963,1963,1,1,12,13,0,0,3,3,2,3,3,1,3,651,1,0,470,1121,1,3,1,4,1121,0,0,1121,1,0,1,0,3,1,3,5,6,0,0,6,1963,3,2,480,3,3,2,0,80,0,0,0,0,0,3,0,0,6,2009,8,4,139000
85,3,70,12122,1,0,0,3,0,0,0,12,2,2,0,6,7,9,1961,2007,1,1,5,5,3,210,5,3,1,3,3,3,5,867,1,0,77,944,1,4,1,4,999,0,0,999,1,0,1,0,3,1,0,6,6,0,0,2,1961,2,2,588,3,3,2,144,76,0,0,0,0,0,0,0,0,7,2008,8,4,178400
60,3,98,12203,1,0,0,3,0,0,0,15,2,2,0,5,8,5,1998,1999,3,1,12,13,2,975,4,3,2,4,3,1,6,854,1,0,371,1225,1,5,1,4,1276,1336,0,2612,1,0,2,1,4,1,2,8,6,1,3,2,1998,1,3,676,3,3,2,250,0,0,0,0,0,0,0,0,0,7,2009,8,4,336000
20,3,43,3182,1,0,3,3,0,4,0,0,2,2,0,2,7,5,2007,2007,1,1,12,13,2,16,4,3,2,4,3,3,1,0,1,0,1266,1266,1,5,1,4,1266,0,0,1266,0,0,2,0,2,1,2,6,6,1,4,2,2007,1,2,388,3,3,2,100,16,0,0,0,0,0,0,0,0,3,2008,8,4,159895
60,3,70,11250,1,0,3,3,0,0,0,5,2,2,0,5,8,5,2002,2002,1,1,5,5,0,0,4,3,2,4,3,2,1,0,1,0,1128,1128,1,5,1,4,1149,1141,0,2290,0,0,2,1,4,1,2,9,6,1,4,2,2002,3,2,779,3,3,2,0,0,0,0,0,0,0,0,0,0,5,2008,8,4,255900
90,3,75,10125,1,0,3,3,0,4,0,11,2,2,2,0,5,5,1977,1977,1,1,9,10,0,0,3,3,1,0,0,0,0,0,0,0,0,0,1,3,1,4,1302,432,0,1734,0,0,2,0,4,2,2,8,6,0,0,2,1977,3,2,539,3,3,2,0,0,0,0,0,0,0,0,0,0,8,2009,0,4,126000
190,3,68,10880,1,0,3,3,0,4,0,7,2,2,1,2,5,5,1950,1950,1,1,8,8,0,0,3,3,1,3,3,1,5,1040,1,0,124,1164,2,3,0,4,1164,0,0,1164,1,0,1,0,3,1,3,5,6,0,0,6,1950,3,1,240,3,3,2,0,48,0,0,0,0,0,0,0,0,8,2008,3,4,125000
50,4,59,5310,1,0,3,3,0,0,0,17,1,2,0,0,6,8,1910,2003,3,1,12,13,0,0,3,4,1,3,2,1,1,0,1,0,485,485,1,4,1,4,1001,634,0,1635,0,0,1,0,2,1,2,5,6,0,0,2,1950,3,1,255,2,3,2,394,0,0,0,0,0,0,0,0,0,6,2006,8,4,117000
20,3,83,10159,1,0,0,3,0,4,0,16,2,2,0,2,9,5,2009,2010,3,1,12,13,3,450,5,3,2,5,3,3,6,1646,1,0,284,1930,1,5,1,4,1940,0,0,1940,1,0,2,1,3,1,0,8,6,1,4,2,2010,1,3,606,3,3,2,168,95,0,0,0,0,0,0,0,0,4,2010,6,5,395192
60,3,70,12046,1,0,0,3,0,4,0,14,2,2,0,5,6,6,1976,1976,1,1,9,10,2,298,3,3,1,3,3,1,2,156,1,0,692,848,1,3,1,4,1118,912,0,2030,0,0,2,1,4,1,2,8,6,1,3,2,1976,1,2,551,3,3,2,0,224,0,0,0,0,0,0,0,0,6,2007,8,4,195000
60,1,65,8125,1,0,3,3,0,4,0,21,2,2,0,5,7,5,2006,2006,1,1,12,13,0,0,4,3,2,4,4,1,1,0,1,0,770,770,1,5,1,4,778,798,0,1576,0,0,2,1,3,1,2,6,6,0,0,2,2006,2,2,614,3,3,2,0,50,0,0,0,0,0,0,0,0,8,2006,6,5,197000
60,3,82,9452,1,0,3,3,0,4,0,15,2,2,0,5,8,5,1997,1998,1,1,12,13,2,423,4,3,2,4,3,1,6,1074,1,0,322,1396,1,5,1,4,1407,985,0,2392,1,0,2,1,3,1,2,7,6,1,3,2,1997,1,3,870,3,3,2,0,70,0,0,0,0,0,0,0,0,6,2006,8,4,348000
70,4,121,17671,1,1,3,3,0,0,0,17,0,2,0,5,8,9,1882,1986,1,1,13,14,0,0,4,4,0,3,3,1,4,216,1,0,700,916,1,4,1,4,916,826,0,1742,0,0,1,1,4,1,2,8,6,1,4,2,1925,3,2,424,3,3,1,0,169,0,0,0,0,0,0,0,0,11,2009,8,4,168000
60,3,80,9760,1,0,3,3,0,4,1,12,2,2,0,5,6,8,1964,1993,3,1,13,14,2,340,3,3,1,3,3,4,4,536,3,117,169,822,1,4,1,4,1020,831,0,1851,0,0,2,1,3,1,2,7,6,1,2,2,1964,2,2,440,3,3,2,239,42,0,0,0,0,0,1,0,0,7,2007,8,4,187000
60,3,68,8846,1,0,3,3,0,4,0,5,2,2,0,5,6,5,2005,2006,1,1,12,13,0,0,3,3,2,4,3,1,1,0,1,0,750,750,1,5,1,4,750,750,0,1500,0,0,2,1,3,1,2,6,6,0,0,2,2005,2,2,564,3,3,2,0,35,0,0,0,0,0,0,0,0,8,2006,6,5,173900
20,3,96,12456,1,0,3,3,0,2,0,16,2,2,0,2,10,5,2006,2007,3,1,5,5,3,230,5,3,2,5,3,4,6,1172,1,0,528,1700,1,5,1,4,1718,0,0,1718,1,0,2,0,3,1,0,7,6,1,4,2,2008,1,3,786,3,3,2,216,48,0,0,0,0,0,0,0,0,7,2009,8,4,337500
50,3,51,4712,1,0,0,3,0,4,1,3,1,2,0,0,4,7,1946,1950,1,1,8,8,0,0,3,3,1,3,3,1,5,384,1,0,363,747,1,3,1,4,774,456,0,1230,1,0,1,1,3,1,3,5,6,0,0,6,1946,3,1,305,3,3,2,0,57,0,0,63,0,0,3,0,0,8,2006,8,0,121600
20,3,70,10659,1,0,0,3,0,4,0,12,2,2,0,2,5,6,1961,1961,3,1,13,14,0,0,3,3,1,3,3,1,3,915,1,0,135,1050,1,3,1,4,1050,0,0,1050,1,0,1,0,3,1,3,6,6,0,0,2,1961,3,1,368,3,3,2,0,319,0,0,0,0,0,0,0,0,1,2006,0,4,136500
20,3,70,11717,1,0,0,3,0,4,0,14,3,2,0,2,6,6,1970,1970,3,1,6,6,2,571,3,3,1,3,3,1,1,0,1,0,1442,1442,1,3,1,4,1442,0,0,1442,0,0,2,0,2,1,3,6,6,1,3,2,1970,2,2,615,3,3,2,371,0,0,0,0,0,0,0,0,0,2,2009,8,4,185000
30,4,60,9786,1,0,3,3,0,4,0,9,2,2,0,2,3,4,1922,1950,3,1,13,14,0,0,3,3,0,3,2,1,1,0,1,0,1007,1007,1,2,0,4,1077,0,0,1077,0,0,1,0,3,1,3,6,6,1,4,6,1922,3,1,210,3,2,1,0,100,48,0,0,0,0,0,0,0,5,2006,8,4,91000
20,3,64,6762,1,0,3,3,0,4,0,5,2,2,0,2,7,5,2006,2006,1,1,12,13,3,24,4,3,2,4,3,3,6,686,1,0,501,1187,1,5,1,4,1208,0,0,1208,1,0,2,0,2,1,2,6,6,0,0,2,2006,2,2,632,3,3,2,105,61,0,0,0,0,0,0,0,0,2,2010,8,4,206000
20,3,74,10206,1,0,3,3,0,0,0,7,2,2,0,2,3,3,1952,1952,0,5,2,2,0,0,3,3,3,0,0,0,0,0,0,0,0,0,2,2,0,1,944,0,0,944,0,0,1,0,2,1,1,4,2,0,0,6,1956,3,2,528,3,2,2,0,0,0,0,0,0,0,0,0,0,7,2009,8,4,82000
30,3,60,5400,1,0,3,3,0,0,0,17,2,2,0,2,5,6,1920,1950,1,1,13,14,0,0,3,3,0,2,3,1,1,0,1,0,691,691,1,5,1,0,691,0,0,691,0,0,1,0,2,1,0,4,6,0,0,6,1920,3,1,216,2,3,0,0,20,94,0,0,0,0,0,0,0,1,2007,8,0,86000
20,3,75,11957,1,0,0,3,0,4,0,21,6,2,0,2,8,5,2006,2006,1,1,12,13,2,53,4,3,2,4,3,1,6,24,1,0,1550,1574,1,5,1,4,1574,0,0,1574,0,0,2,0,3,1,2,7,6,1,4,2,2006,2,3,824,3,3,2,144,104,0,0,0,0,0,0,0,0,7,2008,8,4,232000
90,3,70,11500,1,0,0,3,0,0,0,14,1,6,2,2,5,6,1976,1976,1,1,12,13,2,164,3,3,1,3,3,1,1,0,1,0,1680,1680,1,2,1,4,1680,0,0,1680,0,0,2,0,4,2,3,8,6,0,0,6,1976,3,2,528,3,3,2,0,0,0,0,0,0,0,0,0,0,6,2007,8,4,136905
120,3,43,3182,1,0,3,3,0,4,0,0,2,2,4,2,7,5,2005,2006,1,1,12,13,2,16,4,3,2,4,3,1,6,16,1,0,1330,1346,1,5,1,4,1504,0,0,1504,0,0,2,0,1,1,2,7,6,1,4,2,2005,1,2,457,3,3,2,156,0,0,0,0,0,0,0,0,0,5,2009,8,4,181000
80,3,65,8385,1,0,3,3,0,4,0,5,2,2,0,7,5,8,1977,1977,1,1,6,6,2,220,4,3,1,4,4,3,6,595,1,0,390,985,1,3,1,4,985,0,0,985,0,0,2,0,3,1,3,6,6,0,0,2,1977,3,1,328,3,3,2,210,0,0,0,0,0,0,0,0,0,11,2008,8,4,149900
20,3,70,12155,1,0,2,3,0,4,0,12,4,2,0,2,6,3,1970,1970,1,1,9,10,0,0,3,3,1,4,3,1,2,1237,1,0,420,1657,1,4,1,4,1657,0,0,1657,0,1,2,0,3,1,3,7,6,1,3,2,1970,3,2,484,3,3,2,0,0,0,0,147,0,0,0,0,0,3,2007,8,4,163500
160,4,21,2217,1,0,3,3,0,4,0,10,2,2,4,5,4,4,1970,1970,1,1,5,5,0,0,3,3,1,3,3,1,4,273,2,273,0,546,1,3,1,4,546,546,0,1092,0,0,1,1,3,1,3,6,6,0,0,2,1970,2,1,286,3,3,2,238,0,0,0,0,0,0,0,0,0,8,2009,8,4,88000
20,3,43,12118,1,0,0,3,0,1,0,11,2,2,0,2,7,5,2004,2005,3,1,12,13,3,108,4,3,2,5,3,2,1,0,1,0,1710,1710,1,5,1,4,1710,0,0,1710,0,0,2,0,3,1,2,7,6,1,4,2,2004,1,2,550,3,3,2,100,48,0,0,180,0,0,0,0,0,4,2009,8,4,240000
50,3,60,6000,1,0,3,3,0,4,0,18,2,2,0,0,5,5,1926,1950,1,1,13,14,0,0,3,2,0,3,3,1,1,0,1,0,1008,1008,1,5,1,4,1008,0,514,1522,0,0,2,0,4,1,3,7,6,0,0,0,0,0,0,0,0,0,1,0,0,138,0,0,0,0,0,0,0,6,2006,8,4,102000
50,3,115,21286,1,0,3,3,0,4,0,19,2,2,0,0,5,5,1948,1950,1,1,13,14,0,0,3,3,1,3,3,1,1,0,1,0,720,720,1,3,1,4,720,551,0,1271,0,0,2,0,4,1,3,7,6,1,4,2,1948,3,1,312,3,3,2,0,0,108,0,0,0,0,0,0,0,8,2008,8,4,135000
90,3,75,9825,1,0,3,3,0,4,0,7,2,2,2,2,5,5,1965,1965,3,1,1,1,0,0,3,3,1,0,0,0,0,0,0,0,0,0,1,3,0,4,1664,0,0,1664,0,0,2,0,4,2,3,8,6,0,0,0,0,0,0,0,0,0,2,0,0,0,0,0,0,0,0,0,0,5,2010,8,4,100000
70,3,55,10592,1,0,3,3,0,4,0,6,2,2,0,5,6,7,1923,1996,3,1,13,14,0,0,3,4,2,3,2,1,1,0,1,0,602,602,1,3,1,4,900,602,0,1502,0,0,1,1,3,1,2,7,6,2,3,6,1923,3,1,180,3,3,2,96,0,112,0,53,0,0,0,0,0,8,2007,8,4,165000
30,4,60,7200,1,0,3,3,0,4,0,17,2,2,0,2,5,4,1910,2006,3,1,8,12,0,0,3,3,0,3,3,1,5,247,3,465,310,1022,2,3,0,4,1022,0,0,1022,1,0,1,0,2,1,3,4,1,0,0,6,1956,3,1,280,3,3,2,0,30,226,0,0,0,0,0,0,0,6,2009,8,4,85000
20,3,60,11664,1,0,3,3,0,4,0,12,0,2,0,2,6,5,1948,1950,1,1,8,8,2,206,3,3,1,3,2,1,4,336,1,0,746,1082,1,3,1,4,1082,0,0,1082,0,0,1,0,2,1,3,5,6,1,4,6,1948,3,1,240,3,3,2,0,130,0,0,0,0,0,0,0,0,11,2007,8,4,119200
60,3,70,8400,1,0,3,3,0,4,0,14,2,2,0,5,8,6,2001,2001,1,1,12,13,0,0,4,3,2,4,3,1,6,643,1,0,167,810,1,5,1,4,810,855,0,1665,1,0,2,1,3,1,2,6,6,0,0,2,2001,1,2,528,3,3,2,0,45,0,0,0,0,0,0,0,0,11,2009,8,4,227000
20,3,73,11883,1,0,3,3,0,4,0,5,2,2,0,2,7,5,1996,1996,3,1,12,13,2,196,4,3,2,4,3,4,6,690,1,0,814,1504,1,5,1,4,1504,0,0,1504,1,0,2,0,3,1,2,6,6,1,3,2,1996,1,2,478,3,3,2,115,66,0,0,0,0,0,0,0,0,6,2009,8,4,203000
120,3,70,5814,1,0,0,3,0,1,0,22,2,2,4,2,8,5,1984,1984,1,1,6,6,0,0,4,3,1,4,3,3,6,1036,1,0,184,1220,1,4,1,4,1360,0,0,1360,1,0,1,0,1,1,2,4,6,1,5,2,1984,2,2,565,3,3,2,63,0,0,0,0,0,0,0,0,0,8,2009,0,0,187500
80,3,70,10784,1,0,0,3,0,2,0,8,2,2,0,7,7,5,1991,1992,1,1,6,6,2,76,4,3,2,4,3,1,1,0,1,0,384,384,1,4,1,4,802,670,0,1472,0,0,2,1,3,1,2,7,6,1,3,2,1991,2,2,402,3,3,2,164,0,0,0,0,0,0,0,0,0,5,2007,8,4,160000
120,3,43,3013,1,0,3,3,0,4,0,0,2,2,4,2,7,5,2005,2005,1,1,12,13,2,145,4,3,2,4,3,4,6,16,1,0,1346,1362,1,5,1,4,1506,0,0,1506,0,0,2,0,2,1,2,6,6,1,4,2,2005,1,2,440,3,3,2,142,20,0,0,0,0,0,0,0,0,4,2006,8,4,213490
20,3,60,7024,1,0,3,3,0,4,0,7,2,2,0,2,4,5,2005,2005,1,1,12,13,0,0,3,3,2,4,3,1,6,1024,1,0,108,1132,1,5,1,4,1132,0,0,1132,1,0,1,1,2,1,2,5,6,0,0,2,2005,1,2,451,3,3,2,252,64,0,0,0,0,0,0,0,0,6,2008,8,4,176000
20,3,64,7406,1,0,3,3,0,4,0,5,2,2,0,2,7,5,2006,2006,1,1,12,13,3,84,4,3,2,4,3,3,6,684,1,0,515,1199,1,5,1,4,1220,0,0,1220,1,0,2,0,2,1,2,6,6,0,0,2,2006,2,2,632,3,3,2,105,54,0,0,0,0,0,0,0,0,7,2006,6,5,194000
50,4,52,9439,1,0,3,3,0,4,0,17,2,2,0,0,5,5,1930,1950,1,1,13,14,0,0,3,3,1,3,3,1,2,324,1,0,588,912,1,4,1,0,912,336,0,1248,0,0,1,0,2,1,3,6,6,0,0,6,1957,3,1,160,2,2,2,0,0,192,0,0,0,0,0,0,0,3,2007,8,4,87000
120,3,43,3182,1,0,3,3,0,4,0,0,2,2,4,2,7,5,2005,2006,1,1,12,13,2,14,4,3,2,4,4,1,6,16,1,0,1330,1346,1,5,1,4,1504,0,0,1504,0,0,2,0,2,1,2,7,6,1,4,2,2005,1,2,437,3,3,2,156,20,0,0,0,0,0,0,0,0,5,2008,8,4,191000
20,3,70,15498,1,0,0,3,0,0,0,23,2,2,0,2,8,6,1976,1976,3,6,10,6,0,0,4,3,1,4,3,3,5,1165,2,400,0,1565,1,3,1,4,2898,0,0,2898,1,0,2,0,2,1,2,10,6,1,4,2,1976,1,2,665,3,3,2,0,72,174,0,0,0,0,0,0,0,5,2008,0,0,287000
20,3,70,7700,1,0,3,3,0,0,0,5,2,2,0,2,5,5,1972,1972,1,1,12,13,0,0,3,3,1,3,3,1,2,138,3,468,276,882,1,3,1,4,882,0,0,882,1,0,1,0,3,1,3,5,6,0,0,6,1980,3,2,461,3,3,2,96,0,0,0,0,0,0,3,0,0,3,2007,8,4,112500
20,3,73,9300,1,0,3,3,0,4,0,12,1,2,0,2,5,5,1960,1960,1,1,8,6,2,324,3,3,1,3,3,1,3,697,1,0,571,1268,1,3,1,4,1264,0,0,1264,1,0,1,0,3,1,3,6,6,2,4,2,1960,3,2,461,3,3,2,0,0,0,0,143,0,0,0,0,0,4,2010,8,4,167500
20,3,71,9520,1,0,0,1,0,4,0,23,2,2,0,2,8,5,2007,2008,1,1,12,13,3,338,4,3,2,4,3,4,6,1513,1,0,125,1638,1,5,1,4,1646,0,0,1646,1,0,2,0,3,1,2,7,6,1,4,2,2008,2,3,800,3,3,2,192,44,0,0,0,0,0,0,0,0,4,2008,6,5,293077
50,3,79,9492,1,0,3,3,0,4,0,12,0,2,0,0,5,5,1941,1950,1,1,14,15,0,0,3,3,1,3,3,1,3,368,4,41,359,768,1,3,1,4,968,408,0,1376,1,0,1,0,3,1,3,6,6,1,4,2,1941,3,1,240,3,3,2,0,0,0,0,0,0,0,0,0,0,4,2007,8,4,105000
160,4,21,1680,1,0,3,3,0,4,0,2,2,2,3,5,6,7,1972,1972,1,1,6,6,2,281,3,3,1,3,3,1,4,317,1,0,355,672,1,4,1,4,672,546,0,1218,0,1,1,1,3,1,3,7,6,0,0,6,1972,3,1,264,3,3,2,0,28,0,0,0,0,0,0,0,0,5,2006,8,4,118000
190,2,70,7082,1,0,3,3,0,4,0,18,2,2,1,5,5,8,1916,1995,1,1,12,13,0,0,3,3,2,3,3,2,1,0,1,0,686,686,1,4,1,4,948,980,0,1928,0,0,2,0,5,2,3,10,6,0,0,0,0,0,0,0,0,0,0,0,0,228,0,0,0,0,0,0,0,7,2006,8,4,160000
75,3,102,15863,1,0,3,3,0,0,0,18,2,2,0,3,7,3,1920,1970,1,1,13,10,0,0,3,3,0,3,3,1,6,523,1,0,301,824,1,5,1,4,1687,998,397,3082,1,0,2,1,5,1,3,12,6,2,3,3,1970,1,2,672,3,3,2,136,63,0,0,0,0,0,0,0,0,8,2009,8,4,197000
60,3,70,14541,1,0,0,3,0,0,0,15,2,2,0,5,8,7,1993,1993,1,1,8,8,0,0,4,4,2,4,4,1,6,1012,1,0,326,1338,1,5,1,4,1352,1168,0,2520,1,0,2,1,5,1,2,10,6,1,3,2,1993,2,3,796,3,3,2,209,55,0,0,0,0,0,0,0,0,11,2006,8,0,310000
20,3,70,8125,1,0,3,3,0,4,0,5,2,2,0,2,7,5,2002,2002,1,1,12,13,3,295,4,3,2,4,3,1,6,986,1,0,668,1654,1,5,1,4,1654,0,0,1654,1,0,2,0,3,1,2,6,6,0,0,2,2002,3,3,900,3,3,2,0,136,0,0,0,0,0,0,0,0,2,2006,8,4,230000
30,3,50,6305,1,0,3,0,0,4,0,6,2,2,0,2,5,7,1938,1950,1,1,8,8,0,0,3,4,2,2,2,1,1,0,1,0,920,920,1,5,1,4,954,0,0,954,0,0,1,0,2,1,1,5,6,1,4,3,1938,3,1,240,2,3,2,0,0,0,0,0,0,0,3,0,0,6,2007,8,4,119750
20,3,70,11500,1,0,0,3,0,1,0,7,2,2,0,2,4,3,1957,1957,1,1,13,14,0,0,3,4,3,0,0,0,0,0,0,0,0,0,1,5,0,4,845,0,0,845,0,0,1,0,3,1,3,5,6,0,0,6,1957,3,1,290,3,3,0,186,0,0,0,0,0,0,0,0,0,1,2009,8,4,84000
20,3,89,12898,1,0,0,1,0,4,0,23,2,2,0,2,9,5,2007,2008,3,1,12,13,3,70,4,3,2,5,3,4,6,1022,1,0,598,1620,1,5,1,4,1620,0,0,1620,1,0,2,0,2,1,0,6,6,1,5,2,2008,1,3,912,3,3,2,228,0,0,0,0,0,0,0,0,0,9,2009,8,4,315500
60,3,70,9240,1,0,3,3,0,4,0,5,2,2,0,5,8,5,2001,2002,1,1,12,13,2,396,4,3,2,4,3,1,1,0,1,0,1055,1055,1,5,1,4,1055,1208,0,2263,0,0,2,1,3,1,2,7,6,1,3,4,2001,1,2,905,3,3,2,0,45,0,0,189,0,0,0,0,0,9,2008,8,4,287000
160,4,21,1533,1,0,3,3,0,4,0,10,2,2,3,5,4,6,1970,2008,1,1,5,5,0,0,3,3,1,3,3,1,1,0,1,0,546,546,1,3,1,4,798,546,0,1344,0,0,1,1,3,1,3,6,6,1,3,0,0,0,0,0,0,0,2,0,0,0,0,0,0,0,0,0,0,5,2009,8,4,97000
180,4,21,1477,1,0,3,3,0,4,0,10,2,2,4,6,4,4,1970,1970,1,1,5,5,0,0,3,3,1,4,3,3,6,509,1,0,121,630,1,3,1,4,630,0,0,630,1,0,1,0,1,1,3,3,6,0,0,2,1970,3,1,286,3,3,2,0,0,0,0,0,0,0,0,0,0,4,2009,8,4,80000
20,3,88,13125,1,0,3,3,0,0,0,19,2,2,0,2,5,4,1957,2000,1,1,13,14,1,67,3,3,1,3,3,1,3,168,4,682,284,1134,1,5,1,4,1803,0,0,1803,1,0,2,0,3,1,3,8,0,1,3,2,1957,2,2,484,3,3,2,0,0,0,0,0,0,0,4,0,0,1,2006,8,4,155000
60,3,70,9130,1,0,3,3,0,4,0,14,1,2,0,5,6,8,1966,2000,3,1,6,6,2,252,3,3,1,3,3,1,6,400,3,64,336,800,1,4,1,4,800,832,0,1632,0,1,1,1,4,1,2,7,6,0,0,2,1966,3,2,484,3,3,2,0,40,0,0,0,0,0,0,0,0,7,2008,8,4,173000
120,3,34,5381,1,0,0,3,0,4,0,16,2,2,3,2,6,5,2005,2005,1,1,12,13,3,135,4,3,2,4,3,3,5,900,1,0,406,1306,1,5,1,4,1306,0,0,1306,1,0,2,0,1,1,2,5,6,1,4,2,2005,2,2,624,3,3,2,170,63,0,0,0,0,0,0,0,0,8,2009,8,4,196000
60,3,86,11839,1,0,3,3,0,4,0,20,2,2,0,5,7,5,1990,1990,3,1,6,6,2,99,3,3,2,4,3,1,6,1085,1,0,390,1475,1,5,1,4,1532,797,0,2329,1,0,2,1,4,1,2,10,6,1,5,2,1990,3,2,514,3,3,2,192,121,0,0,0,0,0,0,0,0,5,2008,8,4,262280
20,3,80,9600,1,0,3,3,0,4,0,14,4,2,0,2,8,5,1981,1981,3,7,3,3,0,0,4,3,2,4,3,1,5,1104,1,0,1420,2524,1,3,1,4,2524,0,0,2524,1,0,2,1,4,1,2,9,6,1,4,2,1981,1,2,542,3,3,2,474,120,0,0,0,0,0,3,0,0,7,2009,8,4,278000
20,3,70,13680,1,0,0,3,0,1,0,7,2,2,0,2,3,5,1955,1955,3,1,3,14,0,0,3,3,3,0,0,0,0,0,0,0,0,0,1,5,1,0,1733,0,0,1733,0,0,2,0,4,1,3,8,3,1,4,2,1955,3,2,452,3,3,2,0,0,0,0,0,0,0,0,0,0,6,2009,8,4,139600
60,3,85,16056,1,0,0,3,0,4,0,22,2,2,0,5,9,5,2005,2006,3,1,5,5,3,208,4,3,2,5,3,3,6,240,1,0,1752,1992,1,5,1,4,1992,876,0,2868,0,0,3,1,4,1,0,11,6,1,4,4,2005,1,3,716,3,3,2,214,108,0,0,0,0,0,0,0,0,7,2006,6,5,556581
20,3,57,9245,1,0,1,3,0,4,0,5,2,2,0,2,5,5,1994,1995,1,1,12,13,0,0,3,3,2,4,3,1,6,686,1,0,304,990,1,5,1,4,990,0,0,990,0,1,1,0,3,1,3,5,6,0,0,6,1996,3,2,672,3,3,2,0,0,0,0,0,0,0,0,0,0,2,2008,8,4,145000
20,3,100,21750,1,0,3,3,0,4,0,11,2,2,0,2,5,4,1960,2006,3,1,6,6,2,75,3,2,3,0,0,0,0,0,0,0,0,0,1,3,1,4,1771,0,0,1771,0,0,1,0,3,1,3,9,2,1,3,2,1960,3,2,336,3,3,2,0,0,0,0,0,0,0,4,0,0,11,2009,8,4,115000
20,3,60,11100,1,0,3,2,0,4,0,7,2,2,0,2,4,7,1946,2006,1,1,8,8,0,0,3,3,1,0,0,0,0,0,0,0,0,0,1,5,1,4,930,0,0,930,0,0,1,0,2,1,2,6,6,0,0,6,1946,3,1,308,3,3,2,0,0,0,0,0,0,0,0,0,0,4,2010,8,0,84900
20,3,73,8993,1,0,0,3,0,4,0,8,2,2,0,2,7,5,2007,2007,1,1,12,13,0,0,4,3,2,4,3,3,1,0,1,0,1302,1302,1,5,1,4,1302,0,0,1302,0,0,2,0,3,1,2,6,6,0,0,2,2007,1,2,436,3,3,2,0,22,0,0,0,0,0,0,0,0,8,2007,6,5,176485
20,3,103,11175,1,0,0,3,0,0,0,5,2,2,0,2,7,5,2007,2007,1,1,12,13,0,0,4,3,2,4,3,3,1,0,1,0,1316,1316,1,5,1,4,1316,0,0,1316,0,0,2,0,3,1,2,6,6,1,4,2,2007,1,2,440,3,3,2,0,20,0,0,0,0,0,0,0,0,10,2007,6,5,200141
60,3,100,9500,1,0,3,3,0,0,0,12,0,2,0,5,6,6,1964,1978,1,1,12,13,1,272,3,3,1,3,3,1,3,442,1,0,374,816,1,3,1,4,1127,850,0,1977,0,1,1,1,4,1,3,9,6,1,3,2,1964,2,2,540,3,3,2,0,52,0,0,0,0,0,4,0,0,6,2007,8,4,165000
20,3,68,8562,1,0,3,3,0,4,1,7,2,2,0,2,5,6,1957,2002,3,1,6,6,3,145,3,3,1,3,3,3,3,383,1,0,833,1216,1,5,1,0,1526,0,0,1526,0,0,1,0,4,1,3,7,3,1,4,3,1957,3,1,364,3,3,2,116,78,0,0,0,0,0,0,0,0,5,2010,8,4,144500
60,3,90,11367,1,0,3,3,0,0,0,5,2,2,0,5,8,5,2002,2002,1,1,12,13,2,210,4,3,2,4,3,2,6,932,1,0,133,1065,1,5,1,4,1091,898,0,1989,1,0,2,1,3,1,2,7,6,1,4,2,2002,1,2,586,3,3,2,199,60,0,0,0,0,0,0,0,0,11,2006,8,4,255000
20,3,104,11361,1,0,3,3,0,4,0,14,2,2,0,2,6,5,1976,1976,1,1,9,10,2,160,3,3,1,4,3,1,5,644,1,0,549,1193,1,3,1,4,1523,0,0,1523,0,1,2,0,3,1,3,7,6,1,3,2,1976,1,2,478,3,3,2,0,0,0,0,189,0,0,3,0,0,5,2008,0,0,180000
120,3,43,7052,1,0,0,3,0,4,0,16,2,2,4,2,7,5,2005,2005,1,1,12,13,3,240,4,3,2,4,3,3,6,659,1,0,705,1364,1,5,1,4,1364,0,0,1364,1,0,2,0,2,1,2,6,6,1,4,2,2005,2,2,484,3,3,2,192,36,0,0,0,0,0,0,0,0,6,2006,8,4,185850
60,3,70,29959,1,0,1,3,0,2,0,15,2,2,0,5,7,6,1994,1994,1,1,6,6,0,0,4,3,2,4,3,1,6,595,1,0,378,973,1,5,1,4,979,871,0,1850,0,0,2,1,3,1,2,7,6,1,4,4,1994,1,2,467,3,3,2,168,98,0,0,0,0,0,0,0,0,1,2009,8,4,248000
60,3,96,11308,1,0,0,3,0,4,0,16,2,2,0,5,9,5,2008,2008,1,1,12,13,3,154,5,3,2,5,3,3,6,936,1,0,168,1104,1,5,1,4,1130,1054,0,2184,1,0,2,1,3,1,0,10,6,1,4,2,2008,1,3,836,3,3,2,0,102,0,0,0,0,0,0,0,0,7,2009,8,4,335000
50,3,70,11275,1,0,0,1,0,0,1,6,2,2,0,0,6,7,1932,1950,1,1,8,8,2,480,3,3,1,3,3,2,3,297,2,557,0,854,1,3,1,4,1096,895,0,1991,0,0,1,1,3,1,3,7,6,1,4,6,1977,3,2,432,3,2,2,0,0,19,0,0,0,0,0,0,0,3,2007,8,4,220000
120,3,41,4920,1,0,3,3,0,4,0,22,2,2,4,2,8,5,2001,2001,1,1,5,5,0,0,4,3,2,4,3,2,6,616,1,0,722,1338,1,5,1,4,1338,0,0,1338,1,0,2,0,2,1,2,6,6,0,0,2,2001,1,2,582,3,3,2,0,0,170,0,0,0,0,0,0,0,4,2010,8,4,213500
30,0,120,18000,0,0,3,2,0,4,0,9,2,2,0,2,3,4,1935,1950,1,1,8,8,0,0,2,3,1,3,3,1,1,0,1,0,894,894,1,3,1,4,894,0,0,894,0,0,1,0,2,1,3,6,6,0,0,6,1994,2,3,1248,3,3,2,0,20,0,0,0,0,0,0,1,560,8,2008,3,4,81000
190,4,85,13600,1,1,3,3,0,4,0,17,2,2,1,5,5,5,1900,1950,1,1,13,14,0,0,3,3,0,3,3,1,1,0,1,0,662,662,1,3,0,4,1422,915,0,2337,0,0,2,0,5,2,3,10,3,0,0,6,1945,3,2,560,3,3,2,0,57,0,0,0,0,0,0,0,0,9,2007,8,4,90000
30,4,50,6000,1,0,3,3,0,4,0,17,0,2,0,2,6,6,1925,1980,1,1,8,8,0,0,3,4,0,3,3,1,4,397,1,0,706,1103,1,4,1,4,1103,0,0,1103,0,0,1,0,2,1,2,5,6,1,4,6,1976,3,2,440,3,3,2,166,120,0,0,0,0,0,3,0,0,7,2006,8,4,110500
20,3,70,11000,1,0,0,3,0,1,0,12,2,2,0,2,5,6,1966,1966,1,1,9,10,2,200,3,3,1,3,3,2,4,740,3,230,184,1154,1,5,1,4,1154,0,0,1154,0,0,1,1,3,1,3,6,6,1,1,2,1966,2,2,480,3,3,2,0,58,0,0,0,0,0,3,0,0,11,2009,8,4,154000
60,3,80,14000,1,0,3,3,0,4,1,4,2,2,0,5,7,5,1996,1997,1,1,13,14,0,0,4,3,2,5,3,4,6,1201,1,0,105,1306,1,5,1,4,1306,954,0,2260,1,0,2,1,3,1,2,7,6,0,0,2,1996,2,2,533,3,3,2,296,44,0,0,0,0,0,0,0,0,4,2010,8,4,328000
60,3,59,7837,1,0,0,3,0,4,0,8,2,2,0,5,6,7,1993,1994,1,1,12,13,0,0,4,3,2,4,3,1,1,0,1,0,799,799,1,4,1,4,799,772,0,1571,0,0,2,1,3,1,3,7,6,1,3,2,1993,2,2,380,3,3,2,0,40,0,0,0,0,0,0,0,0,5,2009,8,4,178000
60,3,80,9760,1,0,3,3,0,4,1,12,2,2,0,5,6,6,1964,1964,1,1,6,6,2,360,3,3,1,3,3,4,6,674,2,106,0,780,1,3,1,4,798,813,0,1611,1,0,1,1,4,1,3,7,6,0,0,2,1964,2,2,442,3,3,2,328,128,0,0,189,0,0,0,0,0,6,2008,8,4,167900
160,4,42,3964,1,0,3,3,0,4,0,10,2,2,4,5,6,4,1973,1973,1,1,5,5,0,0,3,3,1,4,3,1,5,837,1,0,105,942,1,4,1,4,1291,1230,0,2521,1,0,2,1,5,1,3,10,0,1,4,2,1973,1,2,576,3,3,2,728,20,0,0,0,0,0,4,0,0,6,2006,8,4,151400
45,3,60,9600,1,0,3,3,0,4,0,12,2,2,0,1,5,7,1949,2003,1,1,8,8,0,0,3,3,1,3,3,1,5,220,1,0,625,845,1,3,1,4,893,0,0,893,0,1,1,0,2,1,2,4,6,0,0,6,1985,3,2,576,3,3,2,0,0,0,0,0,0,0,0,0,0,5,2007,8,4,135000
20,3,72,10152,1,0,3,3,0,4,0,12,2,2,0,2,5,5,1956,1956,3,1,8,8,2,120,3,3,1,3,3,1,4,586,1,0,462,1048,1,3,1,4,1048,0,0,1048,1,0,1,0,3,1,3,6,6,0,0,2,1956,3,1,286,3,3,2,0,20,0,0,192,0,0,0,0,0,6,2007,8,4,135000
60,3,78,11700,1,0,3,3,0,4,0,14,6,2,0,5,6,6,1968,1968,1,1,8,8,0,0,3,3,1,3,3,1,3,298,1,0,429,727,1,5,1,4,829,727,0,1556,0,0,1,1,4,1,3,8,6,0,0,2,1968,3,2,441,3,3,2,0,0,0,0,0,0,0,0,0,0,5,2009,8,4,154000
50,3,50,7585,1,0,3,3,0,4,0,7,0,2,0,0,5,3,1948,1950,1,1,8,8,0,0,3,3,1,2,2,2,1,0,1,0,810,810,1,2,1,0,1002,454,0,1456,1,1,1,0,4,1,3,7,6,1,3,6,1954,3,1,280,3,3,1,0,0,0,0,0,0,0,0,0,0,8,2006,8,4,91500
60,3,75,7950,1,0,0,0,0,0,0,7,2,2,0,5,6,6,1977,1977,3,1,6,10,2,140,3,3,1,3,3,1,4,535,1,0,155,690,1,3,1,4,698,728,0,1426,0,0,1,1,3,1,3,6,6,0,0,2,1977,1,2,440,3,3,2,252,0,0,0,0,0,0,3,0,0,7,2009,8,4,159500
20,3,74,8556,1,0,3,3,0,4,0,5,2,2,0,2,7,5,2006,2006,1,1,12,13,0,0,4,3,2,4,3,3,1,0,1,0,1240,1240,1,5,1,4,1240,0,0,1240,0,0,2,0,2,1,2,5,6,0,0,2,2006,2,3,826,3,3,2,140,93,0,0,0,0,0,0,0,0,5,2007,8,4,194000
70,3,75,13125,1,0,3,3,0,4,0,6,2,2,0,5,7,6,1940,1984,1,1,13,14,0,0,3,3,1,3,3,1,4,410,1,0,390,800,1,3,1,4,960,780,0,1740,0,0,1,1,3,1,3,6,6,2,4,2,1940,3,1,240,3,3,2,0,0,0,0,0,0,0,0,0,0,7,2007,1,4,219500
50,3,60,10800,1,1,3,3,0,4,0,17,2,2,0,0,5,8,1936,1989,1,1,13,14,0,0,3,3,1,2,3,1,5,626,1,0,170,796,1,4,1,4,1096,370,0,1466,0,1,2,0,3,1,2,7,2,1,3,2,1950,3,2,566,3,3,2,436,21,0,0,0,0,0,0,1,500,4,2006,8,4,170000
20,3,70,15870,1,0,0,3,0,0,0,12,2,2,0,2,5,5,1969,1969,1,1,12,10,0,0,3,3,1,3,3,2,4,75,3,791,230,1096,1,5,1,4,1096,0,0,1096,1,0,1,0,3,1,3,6,6,0,0,2,1969,1,1,299,3,3,2,240,32,0,0,0,0,0,0,0,0,3,2006,8,0,138800
120,4,37,4435,1,0,3,3,0,4,0,5,2,2,4,2,6,5,2004,2004,1,1,12,13,2,169,4,3,2,4,3,2,6,662,1,0,186,848,1,5,1,4,848,0,0,848,1,0,1,0,1,1,2,3,6,1,4,2,2004,2,2,420,3,3,2,140,0,0,0,0,0,0,0,0,0,5,2006,8,4,155900
20,3,65,8775,1,0,3,3,0,4,0,5,2,2,0,2,5,5,1994,1994,1,1,12,13,0,0,3,3,2,4,3,1,6,495,1,0,495,990,1,4,1,4,990,0,0,990,0,0,1,0,3,1,3,5,6,0,0,2,1996,3,1,299,3,3,2,0,64,0,0,0,0,0,0,0,0,4,2007,8,4,126000
20,3,80,11040,1,0,3,3,0,4,0,14,2,2,0,2,6,7,1971,2004,1,1,12,13,2,144,4,4,1,3,3,1,5,656,1,0,602,1258,1,5,1,4,1258,0,0,1258,0,1,2,0,3,1,2,5,6,0,0,2,1971,2,2,528,3,3,2,55,0,0,216,0,0,0,0,0,0,10,2008,0,0,145000
20,3,75,7500,1,0,3,3,0,0,0,19,1,2,0,2,5,5,1963,1963,1,1,6,6,0,0,3,3,1,3,3,1,5,824,1,0,216,1040,1,2,1,4,1040,0,0,1040,1,0,1,1,3,1,3,5,6,0,0,2,1963,1,1,308,3,3,2,0,0,220,0,0,0,0,3,0,0,6,2010,8,4,133000
20,3,70,8749,1,0,3,3,0,4,0,5,2,2,0,2,7,5,2002,2002,1,1,12,13,2,100,4,3,2,4,3,1,1,0,1,0,1459,1459,1,5,1,4,1459,0,0,1459,0,0,2,0,3,1,2,6,6,1,4,2,2002,2,2,527,3,3,2,192,39,0,0,0,0,0,0,0,0,9,2007,8,4,192000
20,3,80,8800,1,0,3,3,0,4,0,12,2,2,0,2,6,6,1964,1964,3,1,6,6,2,425,3,3,1,3,3,1,4,553,1,0,698,1251,1,3,1,4,1251,0,0,1251,1,0,1,0,3,1,3,6,6,2,4,2,1964,2,1,461,3,3,2,0,116,0,0,0,0,0,3,1,700,3,2006,8,4,160000
60,3,70,13031,1,0,1,3,0,0,0,8,2,2,0,5,6,5,1995,1996,1,1,6,6,0,0,3,3,2,4,3,1,5,592,1,0,99,691,1,4,1,4,691,807,0,1498,0,0,2,1,3,1,3,6,6,1,3,2,1995,1,2,409,3,3,2,315,44,0,0,0,0,0,0,0,0,7,2006,8,4,187500
85,3,73,9069,1,0,3,3,0,4,0,20,2,2,0,6,6,6,1992,1992,1,1,6,6,0,0,3,3,2,4,3,3,6,747,1,0,189,936,1,5,1,4,996,0,0,996,1,0,1,0,2,1,2,5,6,0,0,2,1992,3,2,564,3,3,2,120,0,0,0,0,0,0,0,0,0,4,2010,8,4,147000
160,4,70,1974,1,0,3,3,0,4,0,10,2,2,4,5,4,5,1973,1973,1,1,5,5,0,0,3,3,1,3,3,1,4,334,1,0,212,546,1,3,1,4,546,546,0,1092,0,0,1,1,3,1,3,6,6,0,0,2,1973,2,1,286,3,3,2,120,96,0,0,0,0,0,0,0,0,5,2010,8,4,83500
60,1,85,10574,1,0,3,3,0,4,0,21,2,2,0,5,8,5,2005,2006,1,1,12,13,0,0,4,3,2,4,3,2,1,0,1,0,1082,1082,1,5,1,4,1082,871,0,1953,0,0,2,1,3,1,2,9,6,1,4,2,2005,2,3,1043,3,3,2,160,50,0,0,0,0,0,0,0,0,5,2009,8,4,252000
160,4,24,2522,1,0,3,3,0,4,0,7,2,2,3,5,7,5,2004,2004,1,1,12,13,3,50,4,3,2,4,3,1,1,0,1,0,970,970,1,5,1,4,970,739,0,1709,0,0,2,0,3,1,2,7,0,0,0,6,2004,3,2,380,3,3,2,0,40,0,0,0,0,0,0,0,0,4,2006,8,4,137500
120,1,37,3316,1,2,0,3,0,4,0,21,2,2,4,2,8,5,2005,2005,1,1,8,8,0,0,4,3,2,4,3,1,6,1039,1,0,208,1247,1,5,1,4,1247,0,0,1247,1,0,1,1,1,1,2,4,6,1,4,2,2005,1,2,550,3,3,2,0,84,0,0,0,0,0,0,0,0,4,2006,8,4,197000
90,3,60,8544,1,0,3,3,0,0,0,12,2,2,2,2,3,4,1950,1950,1,1,3,3,0,0,3,3,3,0,0,0,0,0,0,0,0,0,5,2,0,0,1040,0,0,1040,0,0,2,0,2,2,3,6,6,0,0,6,1987,3,2,400,3,3,2,0,0,0,0,0,0,0,0,0,0,6,2009,8,4,92900
160,1,24,2160,1,2,3,3,0,4,0,21,2,2,3,5,7,5,1999,2000,1,1,8,8,2,212,4,3,2,4,3,1,4,510,1,0,90,600,1,5,1,4,624,628,0,1252,1,0,2,1,2,1,2,4,6,0,0,6,1999,3,2,462,3,3,2,0,48,0,0,0,0,0,0,0,0,3,2008,8,4,160000
50,3,60,8400,1,0,3,0,0,4,0,18,2,2,0,0,6,5,1925,1950,1,1,8,8,0,0,3,3,2,3,3,1,3,423,1,0,758,1181,1,2,1,4,1390,304,0,1694,0,0,2,0,4,1,3,7,6,1,4,6,1925,3,2,576,3,3,2,342,0,128,0,0,0,0,0,0,0,6,2008,8,4,136500
20,3,71,9230,1,0,3,3,0,0,0,12,1,2,0,2,5,8,1965,1998,3,1,8,8,2,166,3,3,1,3,3,2,6,661,1,0,203,864,1,4,1,4,1200,0,0,1200,1,0,1,1,1,1,2,6,6,0,0,6,1977,3,2,884,3,3,2,0,64,0,0,0,0,0,3,0,0,10,2006,8,4,146000
20,3,74,5868,1,0,3,3,0,4,0,12,2,2,0,2,5,7,1956,2000,1,1,8,8,0,0,3,3,1,3,3,1,4,248,3,240,448,936,1,5,1,4,936,0,0,936,1,0,1,0,2,1,3,4,6,0,0,2,1956,1,1,308,3,3,2,0,0,80,0,160,0,0,0,0,0,5,2010,8,4,129000
20,3,78,9317,1,0,0,3,0,4,0,5,2,2,0,2,6,5,2006,2006,1,1,12,13,0,0,4,3,2,4,3,1,6,24,1,0,1290,1314,1,4,1,4,1314,0,0,1314,0,0,2,0,3,1,2,6,6,1,4,2,2006,2,2,440,3,3,2,0,22,0,0,0,0,0,0,0,0,3,2007,8,4,176432
70,4,60,6882,1,0,3,3,0,4,0,9,2,2,0,5,6,7,1914,2006,1,1,13,14,0,0,3,3,2,3,3,1,1,0,1,0,684,684,1,3,1,4,773,582,0,1355,0,0,1,1,3,1,2,7,6,0,0,0,0,0,0,0,0,0,2,136,0,115,0,0,0,0,0,0,0,3,2007,8,4,127000
120,3,70,3696,1,0,3,3,0,4,0,22,2,2,4,2,8,5,1986,1986,1,1,6,6,0,0,4,3,1,4,3,1,1,0,1,0,1074,1074,1,5,1,4,1088,0,0,1088,0,0,1,1,2,1,2,5,6,0,0,2,1987,2,2,461,3,3,2,0,74,137,0,0,0,0,0,0,0,10,2007,8,4,170000
50,4,50,6000,1,0,3,3,0,4,0,3,2,2,0,0,4,6,1936,1950,1,1,8,8,0,0,3,3,0,3,3,1,4,672,1,0,0,672,1,3,1,4,757,567,0,1324,0,0,1,0,3,1,3,6,6,0,0,6,1936,3,1,240,3,3,2,0,0,0,0,0,0,0,0,0,0,7,2009,8,4,128000
20,3,82,11880,1,0,0,3,0,4,0,14,6,2,0,2,7,5,1978,1978,1,1,9,10,2,206,3,3,1,4,3,1,5,704,1,0,567,1271,1,3,1,4,1601,0,0,1601,0,0,2,0,3,1,3,7,6,1,3,2,1978,2,2,478,3,3,2,0,0,0,0,0,0,0,0,0,0,4,2009,0,0,157000
30,3,60,8400,1,0,3,0,0,4,0,18,2,2,0,2,2,5,1920,1950,1,1,13,14,0,0,3,3,1,3,2,1,3,290,1,0,0,290,1,3,0,1,438,0,0,438,0,0,1,0,1,1,1,3,6,0,0,6,1930,3,1,246,3,3,0,0,0,0,0,0,0,0,0,0,0,1,2009,8,4,60000
20,3,61,9758,1,0,0,3,0,4,0,12,2,2,0,2,5,5,1971,1971,1,1,6,8,0,0,3,3,1,3,3,1,4,412,2,287,251,950,1,3,1,4,950,0,0,950,0,0,1,0,3,1,3,5,6,0,0,6,1981,3,1,280,3,3,2,0,0,0,0,0,0,0,0,0,0,7,2007,8,4,119500
20,3,70,7000,1,0,3,3,0,4,0,12,2,2,0,2,5,7,1960,2002,1,1,13,14,2,45,3,3,1,3,3,1,3,588,1,0,422,1010,1,5,1,4,1134,0,0,1134,0,0,1,0,2,1,3,6,6,0,0,2,1960,2,1,254,3,3,2,0,16,0,0,0,0,0,1,0,0,4,2007,8,3,135000
20,3,79,8910,1,0,3,3,0,0,0,12,2,2,0,2,6,6,1959,1959,3,1,3,3,0,0,3,3,1,3,3,2,5,655,1,0,0,655,1,5,1,4,1194,0,0,1194,0,1,1,0,3,1,3,6,6,1,2,4,1954,1,2,539,3,3,2,0,0,192,0,0,0,0,0,0,0,7,2006,8,4,159500
160,4,24,2016,1,0,3,3,0,4,0,2,2,2,4,5,5,5,1970,1970,1,1,6,6,2,304,3,3,1,3,3,1,1,0,1,0,630,630,1,3,1,4,630,672,0,1302,0,0,2,1,3,1,3,6,6,0,0,6,1970,3,2,440,3,3,2,0,0,0,0,0,0,0,0,0,0,4,2007,8,4,106000
60,3,98,12256,1,0,0,3,0,0,0,15,2,2,0,5,8,5,1994,1995,1,1,6,6,2,362,4,3,2,5,3,3,6,1032,1,0,431,1463,1,5,1,4,1500,1122,0,2622,1,0,2,1,3,1,2,9,6,2,3,2,1994,2,2,712,3,3,2,186,32,0,0,0,0,0,0,0,0,4,2010,8,4,325000
20,3,114,10357,1,0,0,3,0,0,0,20,1,2,0,2,7,5,1990,1991,3,1,6,6,0,0,4,3,2,4,3,2,6,738,1,0,172,910,1,4,1,4,1442,0,0,1442,1,0,2,0,3,1,2,6,6,1,3,2,1990,1,2,719,3,3,2,0,244,0,0,0,0,0,0,0,0,5,2007,8,4,179900
60,3,168,23257,1,0,2,1,0,1,0,8,2,2,0,5,7,5,2006,2006,1,1,12,13,0,0,4,3,2,5,4,1,1,0,1,0,868,868,1,5,1,4,887,1134,0,2021,0,0,2,1,3,1,2,9,6,1,4,4,2006,2,2,422,3,3,2,0,100,0,0,0,0,0,0,0,0,9,2006,6,5,274725
60,3,70,8063,1,0,3,3,0,4,0,8,2,2,0,5,6,5,2000,2000,1,1,12,13,0,0,3,3,2,4,3,1,1,0,1,0,924,924,1,5,1,4,948,742,0,1690,0,0,2,1,3,1,3,7,6,1,3,2,2000,2,2,463,3,3,2,100,48,0,0,0,0,0,0,0,0,11,2007,8,0,181000
20,3,107,11362,1,0,0,3,0,4,0,16,2,2,0,2,8,5,2004,2005,1,1,8,8,3,42,4,3,2,5,3,2,6,1039,1,0,797,1836,1,5,1,4,1836,0,0,1836,1,0,2,0,3,1,2,7,6,1,4,2,2004,1,3,862,3,3,2,125,185,0,0,0,0,0,0,0,0,3,2009,8,4,280000
60,3,70,8000,1,0,3,3,0,4,0,8,2,2,0,5,6,5,1995,1996,1,1,6,6,0,0,3,3,2,4,3,1,6,219,1,0,554,773,1,4,1,4,773,885,0,1658,1,0,2,1,3,1,3,8,6,1,3,2,1995,1,2,431,3,3,2,224,84,0,0,0,0,0,0,0,0,6,2008,8,4,188000
60,3,80,10480,1,0,3,3,0,4,0,14,2,2,0,5,7,6,1976,1976,3,1,9,10,2,660,3,3,1,3,3,1,5,403,1,0,400,803,1,3,1,4,1098,866,0,1964,0,0,2,1,4,1,3,8,6,1,4,2,1976,2,2,483,3,3,2,0,69,0,0,0,0,0,0,0,0,9,2008,8,4,205000
20,3,73,7100,1,0,0,3,0,0,0,12,2,2,0,2,5,7,1957,1957,1,1,14,15,0,0,3,3,1,3,3,1,6,708,1,0,108,816,1,3,1,0,816,0,0,816,1,0,1,0,2,1,3,5,6,0,0,6,1957,3,1,308,3,3,2,0,0,0,0,0,0,0,0,0,0,7,2006,8,4,129900
20,3,66,8923,1,0,3,3,0,4,0,12,2,2,0,2,5,7,1953,2006,1,1,13,14,0,0,3,3,1,3,3,1,4,643,1,0,365,1008,1,4,1,4,1008,0,0,1008,1,0,1,0,2,1,2,6,6,0,0,2,1953,3,1,240,3,3,2,0,18,0,0,0,0,0,0,0,0,5,2007,8,4,134500
20,3,90,5400,1,0,3,3,0,4,0,17,2,2,0,2,5,7,1954,2000,1,1,8,8,0,0,3,4,1,3,3,1,3,415,1,0,418,833,1,5,1,4,833,0,0,833,0,0,1,0,2,1,2,4,6,0,0,6,1955,3,1,326,3,3,2,0,0,0,0,0,0,0,3,0,0,8,2006,8,4,117000
20,3,93,12085,1,0,3,3,0,4,0,16,2,2,0,2,8,5,2007,2007,3,1,12,13,3,328,4,3,2,5,3,1,6,1004,1,0,730,1734,1,5,1,4,1734,0,0,1734,1,0,2,0,3,1,0,7,6,1,4,2,2007,2,3,928,3,3,2,0,0,0,0,0,0,0,0,0,0,11,2007,6,5,318000
80,3,70,7750,1,0,3,3,0,4,0,8,2,2,0,7,8,5,2002,2002,3,1,12,13,0,0,4,3,2,4,3,1,6,353,1,0,55,408,1,5,1,4,779,640,0,1419,1,0,2,1,3,1,2,7,6,1,3,4,2002,1,2,527,3,3,2,120,0,0,0,0,0,0,0,0,0,3,2009,8,4,184100
20,3,57,9764,1,0,0,3,0,2,0,19,1,2,0,2,5,7,1967,2003,1,1,12,13,0,0,3,3,1,3,3,1,4,702,1,0,192,894,1,5,1,4,894,0,0,894,1,0,1,0,3,1,2,5,6,0,0,2,1967,2,2,450,3,3,2,0,0,0,0,0,0,0,0,0,0,5,2008,8,4,130000
80,3,85,13825,1,0,3,3,0,4,0,19,2,2,0,7,5,6,1958,1987,1,1,8,8,0,0,3,4,1,3,3,1,1,0,1,0,533,533,1,3,1,4,1021,580,0,1601,0,1,1,0,3,1,3,6,3,0,0,4,1958,2,1,300,3,3,2,280,34,0,0,0,0,0,0,0,0,12,2008,8,4,140000
20,3,70,7560,1,0,3,3,0,4,0,12,2,2,0,2,5,5,1959,1959,1,1,3,14,0,0,3,3,1,3,3,1,2,369,1,0,671,1040,1,3,1,0,1040,0,0,1040,0,0,1,0,3,1,3,6,6,0,0,2,1959,2,1,286,3,3,2,140,0,252,0,0,0,0,2,0,0,7,2006,8,4,133700
30,4,59,8263,1,0,3,0,0,4,1,9,2,2,0,2,6,5,1920,1950,1,1,3,3,0,0,3,3,0,3,3,1,1,0,1,0,1012,1012,1,3,1,0,1012,0,0,1012,0,0,1,0,2,1,3,6,6,1,4,6,1920,3,1,308,3,3,2,0,22,112,0,0,0,0,3,0,0,5,2007,8,4,118400
20,3,84,10084,1,0,3,3,0,4,0,5,2,2,0,2,7,5,2005,2006,1,1,12,13,2,196,4,3,2,4,3,3,6,24,1,0,1528,1552,1,5,1,4,1552,0,0,1552,0,0,2,0,3,1,2,7,6,0,0,2,2005,2,3,782,3,3,2,144,20,0,0,0,0,0,0,0,0,7,2006,6,5,212900
20,3,70,8926,1,0,0,3,0,0,0,7,2,2,0,2,4,3,1956,1956,1,1,0,0,0,0,3,3,1,3,3,1,1,0,1,0,672,672,1,5,1,0,960,0,0,960,0,0,1,0,3,1,3,5,6,0,0,3,1956,3,1,288,3,3,2,64,0,0,0,160,0,0,3,0,0,10,2009,0,0,112000
20,3,50,9405,1,0,3,3,0,4,0,7,2,2,0,2,5,9,1947,2008,3,1,12,13,0,0,3,5,1,3,3,1,1,0,1,0,698,698,1,5,1,4,698,0,0,698,0,1,1,0,2,1,3,4,6,0,0,0,0,0,0,0,0,0,2,0,200,0,0,0,0,0,0,0,0,6,2009,8,4,118000
80,3,70,9125,1,0,0,3,0,4,0,8,2,2,0,7,7,5,1992,1992,1,1,6,6,2,170,3,3,2,4,3,1,1,0,1,0,384,384,1,4,1,4,812,670,0,1482,0,0,2,1,3,1,2,7,6,1,3,2,1992,1,2,392,3,3,2,100,25,0,0,0,0,0,0,0,0,7,2007,8,4,163900
20,3,60,10434,1,0,3,3,0,4,0,12,2,2,0,2,4,5,1955,1955,1,1,9,10,0,0,3,3,1,3,3,1,1,0,1,0,1005,1005,1,3,1,4,1005,0,0,1005,0,0,1,0,2,1,1,5,6,1,3,6,1977,3,2,672,2,2,2,0,0,0,0,0,0,0,0,0,0,11,2009,8,4,115000
120,3,53,3684,1,0,3,3,0,4,0,0,2,2,4,2,7,5,2007,2007,3,1,12,13,2,130,4,3,2,4,3,1,1,0,1,0,1373,1373,1,5,1,4,1555,0,0,1555,0,0,2,0,2,1,2,7,6,1,3,2,2007,1,3,660,3,3,2,143,20,0,0,0,0,0,0,0,0,6,2009,8,4,174000
20,3,182,14572,1,0,2,3,0,0,0,8,2,2,0,2,7,5,2004,2004,3,1,12,13,0,0,4,3,2,4,3,3,6,1300,1,0,230,1530,1,5,1,4,1530,0,0,1530,1,0,2,0,3,1,2,7,6,1,4,2,2004,1,3,630,3,3,2,144,36,0,0,0,0,0,0,0,0,11,2007,8,3,259000
60,3,59,11796,1,0,0,3,0,4,0,8,2,2,0,5,7,5,2004,2005,1,1,12,13,0,0,4,3,2,4,3,3,1,0,1,0,847,847,1,5,1,4,847,1112,0,1959,0,0,2,1,4,1,2,8,6,1,4,4,2004,1,2,434,3,3,2,100,48,0,0,0,0,0,0,0,0,7,2007,8,4,215000
90,4,60,7200,1,1,3,3,0,4,0,17,2,2,2,6,5,5,1980,1980,1,1,8,8,2,180,3,3,1,4,3,4,6,936,1,0,0,936,1,3,1,4,936,0,0,936,1,0,1,0,2,1,3,4,6,0,0,6,1980,3,2,672,3,3,2,49,0,0,0,0,0,0,0,0,0,8,2007,8,4,140000
50,3,65,7804,1,0,3,3,0,4,0,18,2,2,0,0,4,3,1928,1950,1,1,14,10,0,0,3,3,0,3,3,1,4,622,1,0,500,1122,1,3,1,4,1328,653,0,1981,1,0,2,0,4,1,2,7,3,2,3,6,1981,3,2,576,3,3,2,431,44,0,0,0,0,0,3,0,0,12,2009,8,4,135000
20,3,63,10712,1,0,3,3,0,4,0,11,2,2,0,2,5,5,1991,1992,1,1,6,6,0,0,3,3,2,4,3,2,4,212,1,0,762,974,1,3,1,4,974,0,0,974,0,0,1,0,3,1,3,5,6,0,0,0,0,0,0,0,0,0,2,0,28,0,0,0,0,0,3,0,0,9,2007,7,0,93500
70,4,90,9900,1,0,3,3,0,4,0,17,2,2,0,5,6,4,1880,1950,1,1,13,14,0,0,3,3,0,3,3,2,1,0,1,0,1008,1008,2,3,1,4,1178,1032,0,2210,0,0,2,0,5,1,1,8,6,0,0,6,1930,3,1,205,2,3,0,0,48,0,0,0,0,0,0,0,0,5,2007,8,4,117500
60,3,80,9828,1,0,0,3,0,4,0,20,2,2,0,5,8,5,1995,1995,1,1,12,13,0,0,4,3,2,4,3,1,6,584,1,0,544,1128,1,5,1,4,1142,878,0,2020,0,0,2,1,3,1,2,8,6,1,3,2,1995,2,2,466,3,3,2,0,155,0,0,0,0,0,0,0,0,6,2009,8,4,239500
60,3,57,8773,1,0,0,1,0,4,0,8,2,2,0,5,6,5,1997,1997,1,1,12,13,0,0,3,3,2,4,3,3,1,0,1,0,916,916,1,4,1,4,916,684,0,1600,0,0,2,1,3,1,3,7,6,1,3,2,1997,1,2,460,3,3,2,100,38,0,0,0,0,0,0,0,0,8,2007,8,4,169000
30,4,60,6180,1,0,3,3,0,0,0,3,2,2,0,2,6,5,1926,1950,1,1,13,14,0,0,3,3,0,3,3,1,1,0,1,0,960,960,1,3,0,4,986,0,0,986,0,0,1,0,2,1,3,5,6,1,4,6,1926,3,1,180,3,3,2,0,128,0,0,0,0,0,0,0,0,5,2007,8,4,102000
50,3,80,9600,1,0,3,3,0,4,0,12,2,2,0,0,6,5,1950,1950,1,1,12,13,0,0,3,3,1,3,3,1,4,280,1,0,752,1032,1,3,1,0,1032,220,0,1252,0,0,1,0,3,1,3,6,6,0,0,2,1950,3,1,288,3,3,2,0,0,96,0,0,0,0,0,0,0,4,2008,8,0,119000
50,3,54,6342,1,0,3,3,0,4,0,19,1,2,0,0,5,8,1875,1996,1,1,12,13,0,0,3,4,1,3,3,1,1,0,1,0,780,780,1,4,0,4,780,240,0,1020,0,0,1,0,2,1,3,6,6,0,0,0,0,0,0,0,0,0,0,0,0,176,0,0,0,0,0,0,0,5,2010,8,4,94000
20,3,70,9819,1,0,0,3,0,4,1,11,2,2,0,2,6,5,1977,1977,1,1,9,7,0,0,3,3,2,3,3,4,5,1567,1,0,0,1567,1,3,1,4,1567,0,0,1567,1,0,2,0,2,1,2,5,6,2,3,2,1977,2,2,714,3,3,2,264,32,0,0,0,0,0,0,0,0,5,2009,8,4,196000
30,3,98,8731,1,0,0,3,0,4,0,3,2,2,0,2,5,5,1920,1950,1,1,11,12,0,0,3,2,0,3,3,1,4,645,1,0,270,915,1,3,1,4,1167,0,0,1167,0,0,1,0,3,1,3,6,0,1,4,6,1972,3,2,495,3,3,2,0,0,216,0,126,0,0,0,0,0,5,2007,8,4,144000
20,3,60,7350,1,0,3,3,0,0,0,12,2,2,0,2,5,7,1951,1951,1,1,6,6,0,0,3,3,1,3,3,2,5,852,1,0,100,952,1,3,1,4,952,0,0,952,1,0,1,0,2,1,3,4,6,0,0,6,1988,3,2,840,3,3,2,0,0,0,0,0,0,0,0,0,0,6,2008,0,0,139000
60,3,70,10304,1,0,0,3,0,1,0,14,4,2,0,5,5,7,1976,1976,1,1,9,10,2,44,3,4,1,3,3,1,5,381,1,0,399,780,1,5,1,4,1088,780,0,1868,1,0,2,1,4,1,2,9,6,1,3,2,1976,3,2,484,3,3,2,448,96,0,0,0,0,0,0,0,0,10,2009,8,4,197500
60,3,77,9965,1,0,3,3,0,4,0,5,2,2,0,5,8,5,2006,2007,3,1,12,13,3,340,4,3,2,5,3,4,6,1150,1,0,316,1466,1,5,1,4,1466,1362,0,2828,1,0,3,0,4,1,2,11,6,1,3,4,2006,2,3,1052,3,3,2,125,144,0,0,0,0,0,0,0,0,4,2007,6,5,424870
20,3,70,9000,1,0,3,3,0,4,0,19,2,2,0,2,5,3,1959,1959,1,1,13,10,0,0,3,3,1,3,3,1,6,288,1,0,718,1006,1,3,1,4,1006,0,0,1006,0,0,1,0,3,1,3,5,6,0,0,0,0,0,0,0,0,0,2,0,24,0,0,0,0,0,0,0,0,7,2008,8,4,80000
190,3,60,12180,1,0,3,3,0,4,0,7,2,2,1,0,4,4,1941,1950,1,1,8,8,0,0,3,2,0,4,3,1,4,348,1,0,324,672,3,2,0,0,672,252,0,924,1,0,1,0,2,1,1,5,6,0,0,6,1941,3,1,280,3,3,2,0,0,0,0,0,0,0,3,0,0,7,2010,8,4,80000
50,4,52,6240,1,0,3,3,0,4,0,3,2,2,0,0,5,6,1928,1950,1,1,8,8,0,0,3,3,0,3,3,1,1,0,1,0,1042,1042,1,5,1,4,1042,534,0,1576,0,0,1,0,3,1,3,8,6,1,4,6,1928,3,1,225,3,3,2,0,0,0,0,0,0,0,0,0,0,8,2006,8,3,149000
20,3,70,11200,1,0,3,3,0,4,0,20,2,2,0,2,6,5,1985,1985,1,1,13,15,2,85,4,3,1,4,3,1,6,1258,1,0,40,1298,1,3,1,4,1298,0,0,1298,1,0,2,0,3,1,2,5,6,1,3,2,1985,3,2,403,3,3,2,165,26,0,0,0,0,0,0,0,0,5,2006,8,4,180000
70,3,75,12000,1,0,3,0,0,4,0,6,2,2,0,5,7,7,1941,1950,1,1,8,8,0,0,3,3,1,3,3,1,3,275,1,0,429,704,1,5,1,4,860,704,0,1564,0,0,1,1,3,1,1,7,6,1,4,2,1941,3,1,234,3,3,2,0,0,0,0,0,0,0,0,0,0,7,2009,8,4,174500
50,4,70,5700,1,0,3,3,0,4,0,17,2,2,0,0,7,7,1926,1950,1,1,13,14,0,0,3,3,2,3,3,1,1,0,1,0,572,572,1,3,1,4,572,539,0,1111,0,0,1,0,2,1,3,5,6,1,4,6,1982,3,1,288,3,3,2,0,0,176,0,0,0,0,0,0,0,8,2008,8,4,116900
70,4,50,9000,1,0,3,3,0,4,0,17,0,2,0,5,7,9,1920,1988,3,1,12,13,0,0,3,4,2,3,3,1,5,624,1,0,26,650,1,5,1,4,832,650,0,1482,0,1,1,0,3,1,3,7,6,0,0,6,1930,3,2,324,3,3,2,0,0,0,0,0,0,0,0,0,0,7,2009,8,4,143000
20,3,57,8280,1,0,0,3,0,4,0,12,2,2,0,2,6,5,1950,1950,1,1,3,3,0,0,3,3,1,3,3,1,1,0,1,0,932,932,1,5,1,0,932,0,0,932,0,0,1,0,2,1,2,4,6,1,4,2,1950,3,1,306,3,3,2,0,0,214,0,0,0,0,4,0,0,11,2007,8,4,124000
20,3,134,17755,1,0,3,3,0,4,0,7,2,2,0,2,5,4,1959,1959,1,1,6,10,2,132,3,3,1,3,3,1,4,176,1,0,1290,1466,1,3,1,4,1466,0,0,1466,0,0,1,1,3,1,1,6,6,2,4,2,1959,1,2,528,3,3,2,0,140,0,0,100,0,0,0,0,0,11,2006,8,4,149900
20,3,90,14115,1,0,0,3,0,4,0,6,2,2,0,2,6,7,1956,2004,1,1,10,11,0,0,3,3,2,3,3,1,5,296,6,547,230,1073,1,5,1,4,1811,0,0,1811,0,0,1,0,2,1,0,6,6,1,4,2,1956,1,2,470,3,3,2,0,0,280,0,0,0,0,0,0,0,7,2006,8,0,230000
30,4,70,5890,1,0,3,3,0,0,0,9,2,2,0,2,6,8,1930,2007,1,1,13,14,0,0,4,4,0,3,3,3,5,538,1,0,278,816,1,5,1,4,816,0,0,816,0,0,1,0,2,1,3,5,6,0,0,6,2002,3,1,432,3,3,2,0,0,96,0,0,0,0,0,0,0,6,2008,8,4,120500
60,3,70,13700,1,0,0,3,0,4,0,12,2,2,0,5,7,6,1965,1988,1,1,12,13,3,288,3,3,1,3,3,4,5,454,1,0,410,864,1,3,1,4,902,918,0,1820,0,0,1,2,4,1,2,8,6,2,4,2,1965,3,2,492,3,3,2,60,84,0,0,273,0,0,4,0,0,5,2008,8,4,201800
20,3,90,10768,1,0,0,3,0,0,0,24,2,2,0,2,5,8,1976,2004,1,1,9,10,0,0,4,4,1,4,3,4,5,1157,1,0,280,1437,1,3,1,4,1437,0,0,1437,1,0,2,0,3,1,2,6,6,1,2,2,1976,2,2,528,3,3,2,0,21,0,0,180,0,0,0,0,0,7,2007,8,4,218000
80,3,85,9350,1,0,3,3,0,4,0,12,2,2,0,7,5,8,1965,1999,1,1,3,3,0,0,3,4,2,3,3,4,5,633,1,0,586,1219,1,4,1,4,1265,0,0,1265,0,1,2,0,3,1,2,6,6,1,4,2,1965,2,2,502,3,3,2,0,92,0,96,0,0,0,3,0,0,10,2008,8,4,179900
120,3,34,5001,1,0,0,3,0,4,0,16,2,2,3,2,7,5,2007,2008,1,1,12,13,3,166,4,3,2,4,3,1,6,904,1,0,410,1314,1,5,1,4,1314,0,0,1314,1,0,2,0,2,1,2,6,6,1,4,2,2008,2,2,626,3,3,2,172,62,0,0,0,0,0,0,0,0,7,2009,8,4,230000
20,3,92,11932,1,0,3,3,0,2,0,21,1,2,0,2,8,5,2007,2008,1,1,12,13,3,186,4,3,2,4,3,1,1,0,1,0,1580,1580,1,5,1,4,1580,0,0,1580,0,0,2,0,3,1,2,7,6,0,0,2,2008,2,3,830,3,3,2,0,24,0,0,0,0,0,0,0,0,6,2008,3,5,235128
60,3,76,9120,1,0,3,3,0,4,0,14,2,2,0,5,6,6,1974,1974,3,1,6,6,2,270,4,3,1,3,3,1,5,442,1,0,459,901,1,3,1,4,943,933,0,1876,0,0,2,1,4,1,2,8,6,1,3,2,1974,2,2,540,4,3,2,0,69,0,0,0,0,0,0,0,0,7,2008,8,4,185000
160,3,24,2280,1,0,3,3,0,4,0,13,2,2,3,5,6,5,1978,1978,1,1,9,2,0,0,3,3,1,4,3,1,5,311,1,0,544,855,1,2,1,4,855,601,0,1456,0,0,2,1,3,1,3,7,6,1,3,2,1978,3,2,440,3,3,2,26,0,0,0,0,0,0,0,0,0,7,2010,8,4,146000
20,3,70,14778,1,0,0,2,0,1,0,6,4,2,0,2,6,7,1954,2006,3,1,6,6,2,72,4,3,1,3,3,1,4,728,1,0,568,1296,1,5,1,4,1640,0,0,1640,1,0,1,0,3,1,2,7,6,1,4,6,1993,3,2,924,3,3,2,108,0,0,216,0,0,0,0,0,0,11,2008,8,4,224000
20,3,109,8724,1,0,3,3,0,4,0,19,2,2,0,2,5,5,1968,1968,1,1,12,13,0,0,3,3,1,4,3,1,4,492,1,0,402,894,1,4,1,4,894,0,0,894,0,0,1,0,3,1,3,5,6,1,1,2,1968,1,2,450,3,3,2,0,0,0,0,0,0,0,0,0,0,5,2007,8,4,129000
90,3,60,12900,1,0,3,3,0,4,0,19,1,2,2,6,4,4,1969,1969,1,1,9,10,0,0,3,3,1,4,3,3,6,1198,1,0,0,1198,1,3,1,4,1258,0,0,1258,2,0,0,2,0,2,3,6,6,0,0,5,1969,3,2,400,2,3,2,120,0,0,0,0,0,0,0,0,0,1,2008,8,2,108959
80,3,70,16157,1,0,0,3,0,2,0,24,1,2,0,7,5,7,1978,1978,1,1,9,10,0,0,3,3,2,4,3,4,5,680,3,391,289,1360,1,5,1,4,1432,0,0,1432,1,0,1,1,2,1,2,5,6,1,3,2,1978,3,2,588,3,3,2,168,180,0,0,0,0,0,0,0,0,6,2007,8,4,194000
20,3,79,9541,1,0,0,3,0,4,0,16,2,2,0,2,7,5,2009,2009,1,1,12,13,3,268,4,3,2,4,3,1,1,0,1,0,1502,1502,1,5,1,4,1502,0,0,1502,0,0,2,0,3,1,2,7,6,0,0,2,2009,2,2,644,3,3,2,0,114,0,0,0,0,0,0,0,0,9,2009,6,5,233170
20,3,64,10475,1,0,0,3,0,0,0,5,2,2,0,2,8,5,2008,2008,1,1,12,13,3,72,4,3,2,4,3,3,1,0,1,0,1694,1694,1,5,1,4,1694,0,0,1694,0,0,2,0,3,1,2,7,6,0,0,2,2008,2,3,776,3,3,2,160,33,0,0,0,0,0,0,0,0,2,2010,8,4,245350
60,3,58,10852,1,0,0,3,0,4,0,8,6,2,0,5,6,5,2000,2000,1,1,12,13,0,0,3,3,2,4,3,1,6,786,1,0,173,959,1,5,1,4,959,712,0,1671,1,0,2,1,3,1,3,7,6,1,3,2,2000,1,2,472,3,3,2,0,38,0,0,0,0,0,0,0,0,2,2006,8,4,173000
70,3,120,13728,1,0,3,3,0,0,0,7,2,2,0,5,6,7,1935,1986,3,1,11,12,0,0,3,3,1,3,3,1,3,626,1,0,501,1127,1,5,1,4,1236,872,0,2108,0,0,2,0,4,1,2,7,6,2,3,3,1935,3,2,540,3,3,2,0,0,0,0,90,0,0,0,0,0,7,2008,8,4,235000
60,3,118,35760,1,0,0,3,0,1,0,15,2,2,0,5,10,5,1995,1996,3,1,6,6,2,1378,4,4,2,5,3,4,6,1387,1,0,543,1930,1,5,1,4,1831,1796,0,3627,1,0,3,1,4,1,2,10,6,1,3,2,1995,1,3,807,3,3,2,361,76,0,0,0,0,0,0,0,0,7,2006,8,4,625000
80,3,76,9880,1,0,3,3,0,4,0,11,2,2,0,7,6,6,1977,1977,1,1,9,10,0,0,3,3,1,3,3,3,5,522,1,0,574,1096,1,3,1,4,1118,0,0,1118,1,0,1,0,3,1,3,6,6,1,1,2,1977,1,1,358,3,3,2,203,0,0,0,0,576,3,4,0,0,7,2008,8,4,171000
20,3,76,9120,1,0,3,3,0,4,0,12,2,2,0,2,6,6,1958,1958,3,1,8,8,0,0,3,3,1,3,3,1,5,662,1,0,599,1261,1,5,1,4,1261,0,0,1261,1,0,1,0,3,1,3,6,6,1,3,2,1958,2,2,433,3,3,2,0,0,0,0,288,0,0,0,1,1400,11,2008,8,4,163000
160,1,35,4017,1,2,0,3,0,4,0,21,2,2,4,5,7,5,2006,2007,1,1,8,8,0,0,4,3,2,4,3,1,1,0,1,0,625,625,1,5,1,4,625,625,0,1250,0,0,2,1,2,1,2,5,6,0,0,6,2006,1,2,625,3,3,2,0,54,0,0,0,0,0,0,0,0,3,2008,8,4,171900
50,3,138,18030,1,0,0,0,0,4,0,4,2,2,0,0,5,6,1946,1994,1,1,8,8,0,0,3,3,1,3,3,1,3,152,4,469,977,1598,1,3,1,4,1636,971,479,3086,0,0,3,0,3,1,0,12,0,1,4,0,0,0,0,0,0,0,2,122,0,0,0,0,0,0,3,0,0,3,2007,8,4,200500
70,3,80,16560,1,0,0,3,0,4,0,6,2,2,0,5,6,8,1932,1950,1,1,13,14,0,0,3,3,0,4,3,1,3,503,1,0,449,952,1,3,1,4,1170,1175,0,2345,0,0,2,1,4,1,3,9,6,1,4,6,1932,3,2,360,3,3,2,0,0,0,0,0,0,0,0,0,0,7,2006,8,4,239000
50,3,85,10678,1,0,3,3,0,4,0,15,2,2,0,0,8,5,1992,2000,3,1,6,6,2,337,4,3,2,4,3,1,6,700,1,0,983,1683,1,5,1,4,2129,743,0,2872,0,0,2,1,4,1,2,9,6,1,3,2,1992,1,2,541,3,3,2,0,33,0,0,0,0,0,0,0,0,4,2007,8,4,285000
20,3,37,6951,1,0,0,3,0,1,0,11,2,2,0,2,5,5,1984,1985,1,1,6,10,0,0,3,3,1,3,3,1,5,658,1,0,218,876,1,3,1,4,923,0,0,923,1,0,1,0,3,1,3,5,6,0,0,2,1984,3,1,264,3,3,2,362,0,0,0,0,0,0,3,0,0,10,2008,8,4,119500
50,4,70,3950,1,1,3,0,0,4,0,17,0,2,0,0,6,8,1926,2004,1,1,8,8,0,0,3,3,1,3,3,1,3,468,1,0,350,818,1,3,1,4,818,406,0,1224,0,0,1,0,3,1,3,5,6,0,0,6,1926,3,1,210,3,3,0,0,0,116,0,0,0,0,0,0,0,12,2009,8,4,115000
50,3,54,7681,1,0,0,3,0,2,0,6,2,2,0,0,5,6,1921,1950,1,1,13,14,0,0,3,3,0,3,3,1,1,0,1,0,731,731,1,5,1,4,820,523,0,1343,0,0,1,1,3,1,3,7,6,1,4,6,1921,3,1,186,2,3,2,192,0,102,0,0,0,0,0,0,0,7,2009,8,4,154900
20,3,77,8335,1,0,3,3,0,0,0,7,2,2,0,2,5,5,1954,1954,1,1,13,14,0,0,3,3,3,0,0,0,0,0,0,0,0,0,1,4,1,4,1124,0,0,1124,0,0,1,0,3,1,3,5,3,1,4,0,0,0,0,0,0,0,0,0,36,190,0,0,0,0,0,0,0,4,2006,8,4,93000
60,3,70,11170,1,0,1,3,0,0,0,23,2,2,0,5,7,5,1990,1991,1,1,8,8,0,0,3,3,5,4,3,1,2,1216,1,0,0,1216,1,5,1,4,1298,1216,0,2514,0,0,2,1,4,1,3,8,6,0,0,2,1990,1,2,693,3,3,2,0,0,0,0,0,0,0,4,0,0,4,2006,8,4,250000
120,4,64,5587,1,0,0,1,0,4,1,6,2,2,4,2,8,5,2008,2008,3,1,5,5,3,186,5,3,2,5,3,4,6,1480,1,0,120,1600,1,5,1,4,1652,0,0,1652,1,1,2,0,2,1,2,5,6,1,4,2,2008,1,2,482,3,3,2,162,53,0,153,0,0,0,0,0,0,11,2008,6,5,392500
60,3,160,15623,1,0,0,3,0,0,0,15,2,2,0,5,10,5,1996,1996,3,1,13,7,0,0,4,3,2,5,3,3,6,2096,1,0,300,2396,1,5,1,4,2411,2065,0,4476,1,0,3,1,4,1,0,10,6,2,3,2,1996,1,3,813,3,3,2,171,78,0,0,0,555,4,3,0,0,7,2007,8,0,745000
30,3,60,10800,1,1,3,3,0,4,0,17,2,2,0,2,5,6,1920,1950,3,1,11,12,0,0,3,3,0,3,3,1,3,821,1,0,299,1120,1,5,1,4,1130,0,0,1130,1,0,1,0,2,1,3,5,6,1,4,6,1970,3,2,720,3,3,2,229,0,0,0,0,0,0,0,0,0,6,2006,8,4,120000
20,3,50,35133,0,0,3,3,0,4,1,23,2,2,0,2,5,4,1963,1963,3,1,8,8,2,226,3,3,1,3,3,4,3,1159,1,0,413,1572,1,4,1,4,1572,0,0,1572,1,0,1,1,3,1,3,5,6,2,3,1,1963,2,3,995,3,3,2,0,263,0,0,263,0,0,0,0,0,5,2007,8,4,186700
50,3,60,9738,1,0,3,3,0,4,0,7,2,2,0,0,5,7,1924,1950,1,1,0,0,0,0,3,4,0,3,3,1,4,392,1,0,392,784,1,4,1,4,949,272,0,1221,1,0,1,0,4,1,3,7,6,0,0,2,1965,3,1,392,3,3,2,0,0,236,0,0,0,0,0,0,0,3,2006,8,4,104900
190,3,107,10615,1,0,0,0,0,0,1,17,0,0,1,5,3,5,1900,1970,1,1,6,6,0,0,3,3,1,2,3,2,4,440,1,0,538,978,1,3,1,4,1014,685,0,1699,1,0,2,0,3,2,3,7,6,0,0,5,1920,3,2,420,2,2,2,0,74,0,0,0,0,0,0,0,0,8,2009,8,0,95000
20,3,89,12461,1,0,3,3,0,0,0,15,2,2,0,2,8,5,1994,1995,1,1,7,7,0,0,4,3,2,4,3,1,6,1456,1,0,168,1624,1,5,1,4,1624,0,0,1624,1,0,2,0,2,1,2,5,6,1,2,2,1994,2,3,757,3,3,2,0,114,192,0,0,0,0,4,0,0,7,2006,8,4,262000
60,3,68,8935,1,0,0,3,0,4,0,5,2,2,0,5,7,5,2002,2002,1,1,12,13,2,95,4,3,2,4,3,1,1,0,1,0,831,831,1,5,1,4,831,829,0,1660,0,0,2,1,3,1,2,7,6,0,0,2,2002,2,2,493,3,3,2,144,68,0,0,0,0,0,0,0,0,7,2009,8,4,195000
60,3,60,7500,1,0,3,3,0,4,0,8,2,2,0,5,7,5,1999,1999,1,1,12,13,0,0,3,3,2,3,3,1,1,0,1,0,994,994,1,4,1,4,1028,776,0,1804,0,0,2,1,3,1,2,7,6,1,3,2,1999,1,2,442,3,3,2,140,60,0,0,0,0,0,0,0,0,6,2010,8,4,189000
190,3,70,32463,1,0,3,2,0,4,1,11,2,2,1,2,4,4,1961,1975,1,1,8,8,3,149,3,4,1,3,3,3,4,1159,1,0,90,1249,1,5,1,4,1622,0,0,1622,1,0,1,0,3,1,3,7,6,1,3,1,1975,1,4,1356,3,3,2,439,0,0,0,0,0,0,0,0,0,3,2007,8,4,168000
160,1,24,2645,1,2,3,3,0,4,0,21,2,2,3,5,8,5,1999,2000,1,1,8,8,2,456,4,3,2,4,3,1,1,0,1,0,776,776,1,5,1,4,764,677,0,1441,0,0,2,1,2,1,2,5,6,0,0,6,1999,3,2,492,3,3,2,206,0,0,0,0,0,0,0,0,0,11,2007,8,4,174000
50,4,60,9600,1,1,3,3,0,4,0,17,2,2,0,0,5,8,1925,1994,2,1,12,13,0,0,3,3,2,3,3,2,1,0,1,0,702,702,1,4,1,4,842,630,0,1472,0,0,1,0,3,1,2,6,6,0,0,6,1925,3,1,250,3,2,1,0,0,84,0,0,0,0,2,0,0,7,2007,8,4,125000
120,4,70,4500,1,0,3,3,0,2,0,11,2,2,4,2,6,5,1999,1999,3,1,12,13,2,425,3,3,2,5,3,1,6,883,1,0,341,1224,1,5,1,4,1224,0,0,1224,1,0,2,0,2,1,3,5,6,0,0,2,1999,1,2,402,3,3,2,0,304,0,0,0,0,0,0,0,0,6,2009,8,4,165000
60,3,80,9364,1,0,3,3,0,0,0,19,2,2,0,5,6,7,1969,1969,1,1,6,6,3,143,3,3,1,3,3,1,5,371,1,0,292,663,1,3,1,4,663,689,0,1352,0,0,1,1,4,1,3,7,6,0,0,2,1969,1,1,299,3,3,2,379,36,0,0,0,0,0,3,0,0,3,2010,8,4,158000
60,3,51,8029,1,0,0,3,0,4,0,8,2,2,0,5,6,5,2005,2005,1,1,12,13,0,0,3,3,2,4,3,1,1,0,1,0,728,728,1,5,1,4,728,728,0,1456,0,0,2,1,3,1,2,8,6,0,0,2,2005,1,2,400,3,3,2,100,24,0,0,0,0,0,0,0,0,7,2008,8,4,176000
60,3,58,14054,1,0,0,3,0,4,0,8,2,2,0,5,7,5,2006,2006,1,1,12,13,0,0,4,3,2,4,3,3,1,0,1,0,879,879,1,5,1,4,879,984,0,1863,0,0,2,1,4,1,2,9,6,1,4,4,2006,1,3,660,3,3,2,100,17,0,0,0,0,0,0,0,0,11,2006,6,5,219210
75,4,65,8850,1,0,0,0,0,0,0,17,2,2,0,4,7,6,1916,1950,1,1,8,8,0,0,3,3,0,3,3,1,1,0,1,0,815,815,1,5,1,4,815,875,0,1690,0,0,1,0,3,1,3,7,6,1,4,6,1916,3,1,225,3,3,2,0,0,330,0,0,0,0,0,0,0,7,2006,5,4,144000
20,3,70,9100,1,0,3,3,0,4,0,5,2,2,0,2,7,5,2001,2001,1,1,12,13,0,0,4,3,2,4,3,1,1,0,1,0,1212,1212,1,5,1,4,1212,0,0,1212,0,0,2,0,3,1,2,6,6,0,0,2,2001,2,2,573,3,3,2,356,0,0,0,0,0,0,0,0,0,6,2009,8,4,178000
20,3,75,11235,1,0,3,3,0,4,0,19,2,2,0,2,4,5,1963,1979,1,1,6,6,2,51,3,3,1,3,3,1,3,547,1,0,504,1051,1,4,1,4,1382,0,0,1382,0,0,1,1,3,1,3,6,6,1,1,2,1974,3,2,459,3,3,2,0,82,0,0,0,0,0,0,0,0,10,2006,8,4,148000
20,3,71,9353,1,0,3,3,0,4,0,12,2,2,0,2,4,5,1970,1970,1,1,8,8,0,0,3,3,1,3,3,1,1,0,1,0,864,864,1,4,1,4,864,0,0,864,0,0,1,0,3,1,3,5,6,0,0,2,1972,3,1,280,3,3,2,0,0,0,0,0,0,0,0,1,0,7,2006,7,0,116050
60,3,80,10400,1,0,3,3,0,0,0,5,2,2,0,5,7,5,1998,1998,1,1,12,13,0,0,3,3,2,4,3,3,1,0,1,0,866,866,1,5,1,4,866,913,0,1779,0,0,2,1,3,1,2,6,6,0,0,2,1998,2,2,546,3,3,2,198,36,0,0,0,0,0,0,0,0,3,2009,8,4,197900
50,4,50,6000,1,0,3,3,0,0,0,3,2,2,0,0,5,8,1925,1997,1,1,13,14,0,0,3,3,0,3,3,1,1,0,1,0,884,884,1,5,1,4,884,464,0,1348,1,0,1,0,3,1,3,5,6,1,2,6,1960,3,1,216,3,3,0,0,0,208,0,0,0,0,0,0,0,5,2009,8,4,117000
20,3,75,9750,1,0,3,3,0,4,0,5,2,2,0,2,7,5,2000,2001,1,1,12,13,2,171,4,3,2,4,3,1,1,0,1,0,1630,1630,1,5,1,4,1630,0,0,1630,0,0,2,0,3,1,2,6,6,1,3,2,2000,3,2,451,3,3,2,74,234,0,0,0,0,0,0,0,0,10,2009,8,4,213000
20,3,78,10140,1,0,3,3,0,4,0,14,2,2,0,2,5,6,1975,1975,1,1,6,6,0,0,3,3,1,4,3,1,5,788,1,0,268,1056,1,5,1,4,1074,0,0,1074,1,0,1,1,3,1,3,6,6,0,0,2,1975,2,2,495,3,3,2,0,88,0,0,0,0,0,3,0,0,7,2006,8,4,153500
20,3,90,14684,1,0,0,3,0,1,0,20,2,2,0,2,7,7,1990,1991,3,1,6,6,2,234,4,3,1,4,3,2,5,485,4,177,1496,2158,1,4,1,4,2196,0,0,2196,0,0,2,0,3,1,2,7,6,1,3,2,1990,2,3,701,3,3,2,84,70,0,0,0,0,0,0,0,0,6,2009,8,4,271900
20,2,70,8900,1,0,3,3,0,4,0,20,2,2,0,2,4,4,1966,1966,1,1,6,6,0,0,3,3,1,3,3,1,3,1056,1,0,0,1056,1,3,1,4,1056,0,0,1056,1,0,1,0,2,1,3,5,6,0,0,6,1966,3,1,384,3,3,2,0,42,0,0,0,0,0,3,0,0,11,2006,8,4,107000
20,3,70,9135,1,0,3,3,0,4,0,5,2,2,0,2,6,5,2003,2003,1,1,12,13,2,120,4,3,2,4,3,3,6,340,1,0,1342,1682,1,5,1,4,1700,0,0,1700,1,0,2,0,3,1,2,7,6,0,0,2,2003,2,2,544,3,3,2,192,23,0,0,0,0,0,0,0,0,5,2006,8,4,200000
20,3,70,7763,1,0,3,3,0,4,0,12,2,2,0,2,5,7,1962,1980,1,1,8,8,0,0,3,4,1,3,3,1,3,504,4,108,319,931,1,3,1,4,1283,0,0,1283,1,0,1,0,3,1,3,6,6,0,0,6,1980,3,2,506,3,3,2,0,0,0,0,0,0,0,0,0,0,10,2008,8,4,140000
20,3,85,10182,1,0,0,3,0,1,0,21,8,2,0,2,8,5,2006,2006,3,1,12,13,3,420,4,3,2,5,3,2,6,1220,1,0,440,1660,1,5,1,4,1660,0,0,1660,1,0,2,0,3,1,2,8,6,1,4,2,2006,2,2,500,3,3,2,322,50,0,0,0,0,0,0,0,0,5,2006,6,5,290000
60,3,70,11218,1,0,3,3,0,4,0,20,2,2,0,5,6,5,1992,1992,1,1,13,14,0,0,4,3,2,4,3,1,1,0,1,0,1055,1055,1,5,1,4,1055,790,0,1845,0,0,2,1,3,1,2,8,6,1,3,2,1992,2,2,462,3,3,2,635,104,0,0,0,0,0,4,1,400,5,2010,8,4,189000
50,3,152,12134,1,0,0,0,0,4,1,8,2,2,0,0,8,7,1988,2005,1,1,13,14,0,0,4,3,5,4,3,3,6,427,1,0,132,559,1,4,1,4,1080,672,0,1752,0,0,2,0,4,1,3,8,6,0,0,3,1988,2,2,492,3,3,2,325,12,0,0,0,0,0,0,0,0,6,2010,8,4,164000
30,3,50,9340,1,0,3,3,0,4,0,7,2,2,0,2,4,6,1941,1950,3,1,8,8,0,0,3,3,1,3,3,1,3,344,1,0,328,672,1,3,1,4,672,0,0,672,1,0,1,0,2,1,3,4,6,0,0,2,1941,3,1,234,3,3,0,0,113,0,0,0,0,0,0,0,0,8,2009,8,4,113000
80,3,70,10246,1,0,0,3,0,1,0,19,2,2,0,7,4,9,1965,2001,1,1,12,13,0,0,3,4,1,3,4,3,6,648,1,0,0,648,1,5,1,4,960,0,0,960,1,1,0,0,0,1,3,3,6,0,0,2,1965,3,1,364,3,3,2,88,0,0,0,0,0,0,0,0,0,5,2006,8,4,145000
85,3,69,10205,1,0,0,3,0,4,0,12,2,2,0,6,5,5,1962,1962,1,1,8,8,0,0,3,3,1,3,3,3,4,784,1,0,141,925,1,3,1,4,999,0,0,999,1,0,1,0,3,1,3,6,6,0,0,2,1962,3,1,300,3,3,2,150,72,0,0,0,0,0,0,0,0,5,2006,8,4,134500
20,3,99,7094,1,0,0,3,0,4,0,19,2,2,0,2,5,5,1966,1966,1,1,12,13,0,0,3,3,1,3,3,1,3,180,2,374,340,894,1,3,1,4,894,0,0,894,0,0,1,0,3,1,3,5,6,0,0,6,1966,2,1,384,3,3,2,0,0,0,0,0,0,0,3,0,0,5,2007,8,4,125000
90,4,68,8930,1,0,3,3,0,4,0,19,5,2,2,0,6,5,1978,1978,1,1,12,13,0,0,3,3,3,0,0,0,0,0,0,0,0,0,1,3,1,4,1318,584,0,1902,0,0,2,0,4,2,3,8,6,0,0,2,1978,3,2,539,3,3,2,0,0,0,0,0,0,0,0,0,0,4,2010,8,4,112000
20,1,72,8640,1,0,3,3,0,4,0,21,2,2,0,2,8,5,2009,2009,1,1,5,5,3,72,4,3,2,4,3,2,6,936,1,0,364,1300,1,5,1,4,1314,0,0,1314,1,0,2,0,3,1,2,6,6,0,0,2,2009,2,2,552,3,3,2,135,112,0,0,0,0,0,0,0,0,9,2009,6,5,229456
50,4,52,6240,1,0,3,3,0,4,0,3,2,2,0,0,4,5,1947,1950,1,1,0,0,0,0,3,3,3,0,0,0,0,0,0,0,0,0,1,4,0,4,672,240,0,912,0,0,1,0,2,1,3,3,6,0,0,0,0,0,0,0,0,0,0,0,0,0,0,0,0,0,0,0,0,7,2006,8,4,80500
160,4,21,1680,1,0,3,3,0,4,0,2,2,2,3,5,6,5,1971,1971,1,1,5,5,2,236,3,3,1,3,3,1,1,0,1,0,672,672,1,3,1,4,672,546,0,1218,0,0,1,1,3,1,3,7,6,0,0,0,0,0,0,0,0,0,0,201,0,0,0,0,0,0,0,0,0,4,2006,8,0,91500
20,3,66,7800,1,0,0,3,0,4,0,12,2,2,0,2,5,5,1964,1964,1,1,13,14,0,0,3,3,1,3,3,1,3,312,2,600,0,912,1,3,1,4,912,0,0,912,0,0,1,0,2,1,3,5,6,0,0,2,1964,3,1,288,3,3,2,0,0,0,0,0,0,0,0,0,0,11,2006,8,0,115000
20,3,55,8250,1,0,3,3,0,4,0,19,1,2,0,2,5,5,1968,1968,3,1,6,6,0,0,3,3,1,3,3,1,4,250,2,492,210,952,1,5,1,4,1211,0,0,1211,0,0,1,0,3,1,3,5,6,1,3,2,1968,3,1,322,3,3,2,0,63,0,0,0,0,0,0,0,0,8,2008,8,4,134000
50,3,78,10496,1,0,3,3,0,4,0,12,0,2,0,0,6,6,1949,1950,1,1,13,14,2,320,3,3,1,3,3,2,3,196,1,0,844,1040,1,5,1,4,1168,678,0,1846,0,0,2,0,3,1,3,7,6,1,4,2,1949,3,1,315,3,3,2,0,0,0,0,0,0,0,2,0,0,1,2007,8,4,143000
20,3,89,10680,1,0,3,3,0,4,0,12,2,2,0,2,5,3,1951,1951,3,1,13,14,2,44,3,3,1,3,2,1,2,756,1,0,1380,2136,1,3,0,0,2136,0,0,2136,0,0,2,0,4,1,3,7,4,0,0,6,1951,3,2,528,3,3,2,0,30,0,0,0,0,0,3,0,0,10,2006,8,4,137900
60,3,60,15384,1,0,0,3,0,4,0,8,6,2,0,5,7,5,2004,2005,1,1,12,13,0,0,4,3,2,4,3,3,6,724,1,0,64,788,1,5,1,4,788,702,0,1490,1,0,2,1,3,1,2,8,6,1,4,2,2004,1,2,388,3,3,2,100,75,0,0,0,0,0,0,0,0,2,2008,8,4,184000
80,3,65,10482,1,0,3,3,0,4,0,12,2,2,0,7,6,8,1958,1958,3,1,12,13,2,63,3,4,1,3,3,3,6,507,1,0,81,588,1,5,1,4,1138,0,0,1138,0,1,1,0,3,1,3,6,6,0,0,2,1958,2,1,264,3,3,2,224,0,0,0,0,0,0,1,0,0,6,2007,8,4,145000
60,3,86,14598,1,0,0,3,0,1,0,21,1,2,0,5,6,5,2007,2007,1,1,12,13,3,74,4,3,2,4,3,2,1,0,1,0,894,894,1,5,1,4,894,1039,0,1933,0,0,2,1,4,1,2,9,6,1,4,4,2007,1,3,668,3,3,2,100,18,0,0,0,0,0,0,0,0,1,2008,8,4,214000
20,3,72,8872,1,0,3,3,0,0,0,12,2,2,0,2,5,8,1965,2008,1,1,12,13,2,300,3,3,1,3,3,1,5,595,1,0,317,912,1,5,1,4,912,0,0,912,1,0,1,0,2,1,2,5,6,0,0,6,1992,3,2,576,3,3,2,0,240,0,0,0,0,0,0,0,0,12,2008,8,4,147000
120,3,65,8769,1,0,3,3,0,0,0,16,2,2,4,2,9,5,2008,2008,3,1,8,8,2,766,5,3,2,5,3,1,6,1540,1,0,162,1702,1,5,1,4,1702,0,0,1702,1,0,1,1,1,1,0,7,6,1,4,2,2008,1,3,1052,3,3,2,0,72,0,0,224,0,0,0,0,0,10,2008,6,5,367294
80,3,70,7910,1,0,3,3,0,4,0,12,2,2,0,7,5,5,1960,1960,3,1,3,6,0,0,3,3,1,3,3,1,5,666,1,0,409,1075,1,4,1,4,1507,0,0,1507,0,0,2,0,4,1,3,7,0,0,0,3,1960,3,1,404,3,3,2,0,0,0,0,0,0,0,2,0,0,8,2008,8,4,127000
90,3,70,18890,1,0,0,3,0,4,0,19,1,5,2,0,5,5,1977,1977,5,1,9,10,0,1,3,3,1,4,3,1,6,498,3,211,652,1361,1,5,1,4,1361,1259,0,2620,0,0,2,2,4,2,3,12,6,1,3,4,1977,2,2,600,3,3,0,155,24,145,0,0,0,0,0,1,8300,8,2007,8,4,190000
90,3,70,7728,1,0,3,3,0,4,0,12,2,2,2,7,5,6,1962,1962,3,1,13,14,2,120,3,3,1,3,3,3,5,803,1,0,303,1106,1,3,1,4,1190,0,0,1190,1,0,1,0,3,1,3,6,6,0,0,2,1962,3,2,540,3,3,2,0,18,0,0,0,0,0,2,0,0,5,2006,8,4,132500
90,3,70,9842,1,0,3,3,0,2,0,12,2,2,2,2,4,5,1962,1962,1,1,6,6,0,0,3,3,3,0,0,0,0,0,0,0,0,0,1,3,1,4,1224,0,0,1224,0,0,2,0,2,2,3,6,6,0,0,5,1962,3,2,462,3,3,2,0,0,0,0,0,0,0,0,0,0,3,2007,8,4,101800
20,3,70,12160,1,0,0,3,0,4,0,12,2,2,0,2,5,5,1959,1959,3,1,9,10,2,180,3,3,1,3,3,1,3,1000,1,0,188,1188,1,2,1,4,1188,0,0,1188,1,0,1,0,3,1,3,6,6,0,0,2,1959,2,2,531,3,3,2,0,0,0,0,0,0,0,3,0,0,5,2010,0,0,142000
70,2,55,8525,1,0,3,0,0,4,0,18,2,2,0,5,5,6,1911,1950,1,1,8,8,0,0,3,3,2,3,3,3,1,0,1,0,940,940,1,3,0,0,1024,940,0,1964,0,0,1,1,4,1,3,7,6,0,0,0,0,0,0,0,0,0,0,0,192,0,0,0,0,0,0,0,0,11,2008,8,0,130000
70,3,96,13132,1,0,3,3,0,4,0,6,2,2,0,5,5,5,1914,1950,1,1,13,14,0,0,3,3,0,4,3,2,1,0,1,0,747,747,1,4,1,1,892,892,0,1784,0,0,1,1,4,1,3,9,6,0,0,6,1914,3,1,180,2,2,0,203,40,0,0,0,0,0,0,0,0,7,2006,8,4,138887
160,3,36,2628,1,0,3,3,0,4,0,16,2,2,3,5,7,5,2003,2003,1,1,12,15,3,106,4,3,2,4,3,1,1,0,1,0,764,764,1,5,1,4,764,862,0,1626,0,0,2,1,2,1,2,6,6,0,0,4,2003,2,2,474,3,3,2,0,27,0,0,0,0,0,0,0,0,6,2010,8,4,175500
60,3,41,12393,1,0,1,3,0,2,0,5,2,2,0,5,7,5,2004,2005,1,1,12,13,0,0,4,3,2,4,3,1,1,0,1,0,847,847,1,5,1,4,847,1101,0,1948,0,0,2,1,4,1,2,8,6,1,4,4,2004,1,2,434,3,3,2,100,48,0,0,0,0,0,0,0,0,9,2006,8,4,195000
20,3,63,13072,1,0,3,3,0,4,0,20,5,2,0,2,6,5,2005,2005,1,1,12,13,0,0,4,3,2,4,3,1,1,0,1,0,1141,1141,1,5,1,4,1141,0,0,1141,0,0,1,1,3,1,3,6,6,0,0,6,2005,3,2,484,3,3,2,0,0,0,0,0,0,0,0,0,0,3,2006,8,0,142500
20,3,64,9037,1,0,0,1,0,4,0,23,2,2,0,2,8,5,2006,2006,3,1,12,13,2,32,4,3,2,4,3,3,6,428,1,0,1048,1476,1,5,1,4,1484,0,0,1484,0,0,2,0,2,1,0,6,6,1,4,2,2006,2,2,472,3,3,2,120,33,0,0,0,0,0,0,0,0,12,2007,8,4,265900
60,3,65,8158,1,0,3,3,0,4,0,5,2,2,0,5,7,5,2003,2003,1,1,12,13,2,252,4,3,2,4,3,1,6,550,1,0,334,884,1,5,1,4,884,884,0,1768,1,0,2,1,3,1,2,8,6,0,0,2,2003,2,2,543,3,3,2,0,63,0,0,0,0,0,0,0,0,7,2008,8,4,224900
20,3,83,9849,1,0,3,3,0,4,0,21,2,2,0,2,7,6,2007,2007,3,1,12,13,3,0,4,3,2,4,3,3,1,0,1,0,1689,1689,1,5,1,4,1689,0,0,1689,0,0,2,0,3,1,2,7,6,0,0,2,2007,2,3,954,3,3,2,0,56,0,0,0,0,0,0,0,0,6,2007,6,5,248328
85,3,85,10625,1,0,3,3,0,4,0,14,2,2,0,6,7,6,1974,1974,1,1,9,10,2,81,3,3,1,4,3,4,6,885,2,168,0,1053,1,3,1,4,1173,0,0,1173,1,0,2,0,3,1,2,6,6,2,3,2,1974,2,2,528,3,3,2,0,120,0,0,0,0,0,3,0,0,1,2010,8,3,170000
20,3,107,13891,1,0,3,3,0,4,0,16,2,2,0,2,10,5,2006,2006,1,1,12,13,0,0,5,3,2,5,4,4,6,1386,1,0,690,2076,1,5,1,4,2076,0,0,2076,1,0,2,1,2,1,0,7,6,1,4,2,2006,1,3,850,3,3,2,216,229,0,0,0,0,0,0,0,0,9,2006,6,5,465000
70,3,70,11435,1,0,0,1,0,0,1,6,2,2,0,5,8,7,1929,1950,1,1,3,12,0,0,3,3,2,4,3,1,1,0,1,0,792,792,1,2,1,4,792,725,0,1517,0,0,1,0,3,1,2,7,6,2,4,6,1931,3,2,400,3,3,2,0,0,0,0,0,0,0,0,0,0,6,2006,8,4,230000
80,3,78,12090,1,0,3,3,0,4,0,14,2,2,0,7,6,7,1984,2003,3,1,12,13,2,74,3,3,1,4,3,1,1,0,1,0,585,585,1,5,1,4,1140,728,0,1868,0,0,3,1,3,1,3,7,6,1,3,4,1984,1,2,477,3,3,2,268,112,0,0,147,0,0,0,0,0,1,2007,8,0,178000
60,1,65,8125,1,0,3,3,0,4,0,21,2,2,0,5,7,5,2005,2006,1,1,12,13,0,0,4,3,2,4,3,1,1,0,1,0,756,756,1,5,1,4,756,797,0,1553,0,0,2,1,3,1,2,6,6,0,0,2,2005,2,2,615,3,3,2,0,45,0,0,0,0,0,0,0,0,3,2006,6,5,186500
80,3,70,12328,1,0,0,3,0,4,0,11,2,2,0,7,6,5,1976,1976,1,1,6,6,2,335,3,3,1,3,3,3,6,539,1,0,473,1012,1,3,1,4,1034,0,0,1034,1,0,1,0,3,1,3,6,6,0,0,2,1976,3,3,888,3,3,2,0,0,0,0,0,0,0,0,0,0,5,2010,8,4,169900
75,4,60,9600,1,1,3,3,0,4,0,17,2,2,0,4,6,5,1917,1950,1,1,0,0,0,0,3,3,0,4,3,1,3,319,1,0,416,735,4,2,0,4,1134,924,0,2058,0,0,1,1,3,1,3,8,6,1,4,6,1950,3,2,396,2,2,1,0,0,259,0,0,0,0,0,0,0,4,2008,8,4,129500
20,3,60,7200,1,0,3,3,0,4,0,12,2,2,0,2,5,7,1950,1950,1,1,8,8,0,0,3,3,1,3,3,1,4,534,3,96,246,876,1,3,1,4,988,0,0,988,0,0,1,0,3,1,3,6,6,0,0,2,1950,3,1,276,3,3,2,0,80,0,0,0,0,0,0,0,0,5,2007,8,4,119000
20,3,93,11160,1,0,3,3,0,0,0,12,2,2,0,2,7,5,1968,1968,3,1,3,3,0,0,4,3,1,3,3,1,5,1065,1,0,1045,2110,1,5,1,4,2110,0,0,2110,1,0,2,1,3,1,0,8,6,2,3,2,1968,1,2,522,3,3,2,0,0,0,0,0,0,0,0,0,0,4,2010,8,4,244000
120,3,70,3136,1,0,0,3,0,0,0,16,2,2,4,2,7,5,2003,2003,1,1,12,15,3,163,4,3,2,4,3,1,1,0,1,0,1405,1405,1,5,1,4,1405,0,0,1405,0,0,2,0,2,1,2,6,6,1,4,2,2003,2,2,478,3,3,2,148,36,0,0,0,0,0,0,0,0,3,2006,8,4,171750
20,3,62,9858,1,0,3,3,0,4,0,11,2,2,0,2,5,6,1968,1968,1,1,6,6,0,0,3,3,1,3,3,1,4,510,1,0,354,864,1,3,1,4,874,0,0,874,1,0,1,0,3,1,3,5,6,0,0,2,1968,2,1,288,3,3,2,33,0,0,0,0,0,0,2,1,600,11,2009,8,4,130000
60,3,70,17542,1,0,0,3,0,4,0,24,2,2,0,5,7,7,1974,2003,1,1,13,14,0,0,4,3,1,3,3,4,2,125,5,1031,36,1192,1,3,1,4,1516,651,0,2167,1,0,2,1,3,1,2,9,6,2,4,2,1974,2,2,518,3,3,2,220,47,0,0,0,0,0,3,0,0,7,2007,8,4,294000
60,3,60,6931,1,0,3,3,0,4,0,7,2,2,0,5,7,5,2003,2004,1,1,12,13,3,92,4,3,2,4,3,1,1,0,1,0,746,746,1,5,1,4,760,896,0,1656,0,0,2,1,3,1,2,7,6,1,4,4,2003,1,2,397,3,3,2,178,128,0,0,0,0,0,0,0,0,7,2008,8,4,165400
50,4,52,6240,1,0,3,3,0,4,0,3,2,2,0,0,6,6,1931,1950,1,1,13,14,0,0,3,3,0,3,2,1,2,425,1,0,459,884,1,3,1,0,959,408,0,1367,0,0,1,0,3,1,3,6,6,1,4,6,1978,3,1,560,3,3,2,0,0,0,0,120,0,0,0,0,0,11,2007,8,4,127500
20,3,91,14303,1,0,0,3,0,0,0,15,2,2,0,2,8,5,1994,1994,3,1,6,6,2,554,4,3,2,4,3,4,6,1314,1,0,672,1986,1,5,1,4,1987,0,0,1987,1,0,2,0,2,1,2,7,6,1,3,2,1994,1,2,691,3,3,2,262,36,0,0,0,0,0,0,0,0,8,2008,8,4,301500
30,3,56,4060,1,0,3,3,0,0,0,7,1,2,0,2,5,8,1922,1950,1,1,13,14,0,0,3,3,2,2,3,1,1,0,1,0,864,864,1,5,1,4,864,0,0,864,0,0,1,0,2,1,3,4,6,0,0,0,0,0,0,0,0,0,2,0,96,0,0,0,0,0,0,0,0,7,2009,8,4,99900
80,3,59,9587,1,0,0,3,0,4,0,8,2,2,0,7,7,5,2005,2005,1,1,12,13,3,182,4,3,2,4,3,4,6,655,1,0,201,856,1,5,1,4,1166,0,0,1166,1,0,2,0,2,1,2,5,6,0,0,2,2005,1,2,400,3,3,2,212,0,0,0,0,0,0,0,0,0,7,2008,8,4,190000
20,3,65,9750,1,0,3,3,0,2,0,12,2,2,0,2,6,8,1969,1969,1,1,6,6,0,0,3,3,1,4,3,1,5,602,2,438,14,1054,1,4,1,4,1054,0,0,1054,1,0,1,1,3,1,3,6,6,0,0,2,1969,3,2,460,3,3,2,180,0,0,0,80,0,0,0,0,0,7,2008,8,4,151000
60,3,70,24682,1,0,2,3,0,1,0,8,6,2,0,5,6,5,1999,1999,1,1,12,13,0,0,3,3,2,4,3,1,1,0,1,0,841,841,1,5,1,4,892,783,0,1675,0,0,2,1,3,1,3,7,6,1,3,4,1999,1,2,502,3,3,2,0,103,0,0,0,0,0,0,0,0,6,2009,8,4,181000
20,3,80,9600,1,0,3,3,0,4,0,12,2,2,0,2,5,6,1956,1956,3,1,8,8,0,0,3,3,1,3,3,1,3,504,1,0,546,1050,1,4,1,4,1050,0,0,1050,0,0,1,0,2,1,3,5,6,0,0,2,1956,3,1,338,3,3,2,0,0,0,0,0,0,0,0,0,0,6,2009,8,4,128900
50,3,70,11250,1,0,3,3,0,4,0,4,2,2,0,0,4,5,1957,1989,1,1,13,14,0,0,3,3,1,3,3,3,1,0,1,0,1104,1104,1,5,1,0,1104,684,0,1788,1,0,1,0,5,1,3,8,3,2,3,2,1957,3,1,304,3,3,2,120,0,0,0,0,0,0,0,0,0,11,2009,8,4,161500
70,3,60,13515,1,2,3,3,0,4,0,3,2,2,0,5,6,6,1919,1950,2,1,13,14,0,0,3,3,2,3,3,1,1,0,1,0,764,764,1,5,1,0,1060,764,0,1824,0,0,1,0,3,1,3,8,6,1,4,6,1940,3,2,520,3,3,0,0,0,126,0,0,0,0,4,0,0,7,2007,8,4,180500
120,2,34,4060,1,0,3,3,0,4,0,12,2,2,4,2,6,5,1998,1999,1,1,8,8,0,0,4,3,2,4,3,1,6,266,1,0,1139,1405,1,5,1,4,1337,0,0,1337,1,0,2,0,2,1,2,5,6,0,0,2,1998,1,2,511,3,3,2,144,68,0,0,0,0,0,0,0,0,8,2008,0,0,181000
160,1,35,3735,1,0,3,3,0,3,0,21,2,2,4,5,7,5,1999,1999,3,1,8,8,2,218,4,3,2,4,3,1,6,450,1,0,241,691,1,5,1,4,713,739,0,1452,1,0,2,1,3,1,2,6,6,0,0,6,1999,3,2,506,3,3,2,0,34,0,0,0,0,0,0,0,0,3,2006,8,4,183900
190,4,60,10120,1,0,0,0,0,4,0,17,1,2,1,4,7,4,1910,1950,3,1,13,14,0,0,2,3,1,3,3,1,1,0,1,0,925,925,1,3,0,1,964,925,0,1889,0,0,1,1,4,2,3,9,6,1,4,6,1960,3,1,308,3,3,0,0,0,264,0,0,0,0,3,0,0,1,2007,8,4,122000
20,3,89,13214,1,0,0,1,0,4,0,23,2,2,0,2,9,5,2008,2009,3,1,11,5,0,0,5,3,2,5,3,4,1,0,1,0,2002,2002,1,5,1,4,2018,0,0,2018,0,0,2,0,3,1,0,10,6,1,4,2,2009,1,3,746,3,3,2,144,76,0,0,0,0,0,0,0,0,5,2010,8,4,378500
50,3,70,14100,1,0,0,3,0,4,1,6,2,2,0,0,8,9,1935,1997,1,1,11,12,2,632,3,4,1,3,3,2,3,192,1,0,536,728,1,5,1,4,1968,1479,0,3447,0,0,3,1,4,1,2,11,6,2,4,4,1982,3,3,1014,3,3,2,314,12,0,0,0,0,0,2,0,0,5,2008,8,4,381000
50,3,78,11344,1,0,3,3,0,4,0,12,1,2,0,0,5,5,1958,1958,1,1,8,8,2,180,3,3,1,3,3,1,4,460,1,0,414,874,2,3,1,0,874,650,0,1524,0,0,1,1,3,1,3,7,6,0,0,2,1958,3,1,315,3,3,2,0,0,0,0,0,0,0,2,0,0,7,2007,8,4,144000
40,3,70,23595,1,0,3,2,0,4,2,4,2,2,0,2,7,6,1979,1979,5,6,9,10,0,0,4,3,2,4,3,4,6,1258,1,0,74,1332,1,3,1,4,1332,192,0,1524,2,0,0,1,0,1,2,4,6,1,3,2,1979,1,2,586,3,3,2,268,0,0,0,0,0,0,0,0,0,4,2010,8,4,260000
20,3,70,9156,1,0,0,3,0,4,0,14,4,2,0,2,6,7,1968,1968,3,1,3,3,0,0,3,3,1,3,3,1,1,0,1,0,1489,1489,1,4,1,4,1489,0,0,1489,0,0,2,0,3,1,2,7,6,1,4,2,1968,2,2,462,3,3,2,0,0,0,0,0,0,0,0,0,0,8,2009,8,4,185750
20,3,70,13526,1,0,0,3,0,1,0,19,2,2,0,2,5,6,1965,1965,3,1,6,10,2,114,3,3,1,3,3,1,4,560,2,375,0,935,1,3,1,4,935,0,0,935,1,0,1,0,3,1,3,5,6,0,0,2,1965,3,1,288,3,3,2,180,0,0,0,0,0,0,3,0,0,11,2006,8,4,137000
80,3,124,11512,1,0,0,3,0,0,0,7,2,2,0,7,6,7,1959,2006,1,1,9,10,2,84,3,3,1,3,3,3,5,719,1,0,300,1019,1,4,1,4,1357,0,0,1357,1,0,1,0,2,1,0,5,6,1,4,3,1959,2,1,312,3,3,2,0,0,0,0,163,0,0,4,0,0,5,2008,8,4,177000
50,3,53,5362,1,0,3,3,0,0,0,6,2,2,0,0,5,6,1910,2003,1,1,13,15,0,0,3,3,2,3,3,1,1,0,1,0,661,661,1,5,1,4,661,589,0,1250,0,0,2,0,3,1,3,8,6,1,4,6,1985,3,2,552,3,3,2,242,0,81,0,0,0,0,0,0,0,11,2007,8,4,139000
90,3,95,11345,1,0,3,3,0,0,0,12,1,2,2,5,5,5,1948,1950,1,4,0,0,3,567,3,3,1,3,3,1,3,220,1,0,708,928,1,4,1,0,928,992,0,1920,0,0,2,0,4,2,3,10,6,0,0,6,1948,3,2,400,3,2,2,0,0,0,0,0,0,0,0,0,0,7,2007,8,4,137000
60,3,70,12936,1,0,0,3,0,1,0,14,2,2,0,5,6,6,1972,1972,1,1,6,10,0,0,3,3,1,3,4,1,4,593,1,0,130,723,1,3,1,4,735,660,0,1395,0,1,1,1,3,1,3,6,6,1,3,2,1972,3,2,497,3,3,2,294,116,0,0,0,0,0,0,0,0,12,2009,8,4,162000
80,3,70,17871,1,0,0,3,0,1,0,14,2,2,0,7,6,5,1967,1976,1,1,6,6,2,359,3,3,1,4,3,3,5,528,1,0,1152,1680,1,2,1,4,1724,0,0,1724,1,0,1,1,3,1,3,7,6,1,4,2,1967,2,2,480,3,3,2,0,0,0,0,0,0,0,0,0,0,6,2009,8,4,197900
60,3,75,9473,1,0,3,3,0,4,0,5,2,2,0,5,8,5,2002,2002,1,1,12,13,0,0,4,3,2,4,3,1,6,804,1,0,324,1128,1,5,1,4,1128,903,0,2031,1,0,2,1,3,1,2,7,6,1,4,2,2002,2,2,577,3,3,2,0,211,0,0,0,0,0,0,0,0,3,2008,8,4,237000
50,0,60,7500,1,0,3,3,0,4,0,9,2,2,0,0,4,4,1920,1950,1,1,8,8,0,0,3,4,1,3,3,1,1,0,1,0,698,698,1,3,1,0,698,430,0,1128,0,0,1,0,2,1,3,6,6,0,0,6,1980,2,2,528,3,3,2,30,0,164,0,0,0,0,0,0,0,4,2010,0,0,68400
20,3,67,9808,1,0,0,3,0,4,0,5,2,2,0,2,7,5,2002,2002,1,1,12,13,2,110,4,3,2,4,3,1,6,788,1,0,785,1573,1,5,1,4,1573,0,0,1573,1,0,2,0,3,1,2,6,6,0,0,2,2002,2,2,544,3,3,2,0,72,0,0,0,0,0,0,0,0,3,2009,8,4,227000
20,3,50,8049,1,0,0,3,0,1,0,23,2,2,0,2,7,5,1990,1990,3,1,6,6,2,54,3,3,1,4,3,1,5,1053,1,0,256,1309,1,3,1,4,1339,0,0,1339,1,0,2,0,2,1,3,6,6,1,3,2,1990,1,2,484,4,4,2,0,58,0,0,90,0,0,0,0,0,7,2006,8,4,180000
20,3,61,8800,1,0,0,3,0,4,0,5,2,2,0,2,5,7,1977,2008,1,1,6,6,0,0,3,3,1,4,3,2,2,532,3,144,364,1040,1,3,1,4,1040,0,0,1040,0,0,2,0,3,1,2,5,6,0,0,6,1977,3,2,484,3,3,2,0,0,0,0,288,0,0,0,0,0,9,2009,8,4,150500
90,3,94,9400,1,0,3,2,0,0,0,11,2,2,2,5,6,5,1971,1971,4,1,8,15,0,0,3,3,1,3,3,3,1,0,1,0,912,912,1,3,1,4,912,912,0,1824,0,0,2,2,4,2,3,8,6,0,0,0,0,0,0,0,0,0,2,128,0,0,0,0,0,0,0,0,0,4,2010,8,4,139000
50,3,50,9638,1,0,3,3,0,4,0,18,1,2,0,0,6,7,1919,1990,1,1,13,15,0,0,3,3,2,3,3,1,1,0,1,0,804,804,1,5,1,4,1699,748,0,2447,0,0,2,0,4,1,2,10,3,1,4,6,1969,3,1,336,3,3,2,272,0,42,0,116,0,0,0,0,0,3,2010,8,4,169000
50,4,50,6000,1,0,3,3,0,4,0,3,2,2,0,0,6,6,1939,1950,1,1,8,8,0,0,3,2,1,3,3,1,1,0,1,0,780,780,1,5,1,1,825,587,0,1412,0,0,1,0,4,1,3,6,6,1,4,6,1939,3,1,280,3,3,2,45,0,0,0,0,0,0,0,0,0,5,2009,8,4,132500
20,3,70,9790,1,0,3,3,0,4,0,14,1,2,0,2,6,5,1963,1963,3,1,6,6,2,451,3,3,1,3,3,1,5,569,3,81,678,1328,1,3,1,4,1328,0,0,1328,1,0,1,1,3,1,3,6,6,2,4,2,1963,3,2,528,3,3,2,0,26,0,0,0,0,0,0,0,0,6,2010,8,4,143000
20,3,70,36500,1,0,0,2,0,4,1,4,2,2,0,2,5,5,1964,1964,1,1,13,14,1,621,3,4,1,3,3,3,3,812,1,0,812,1624,1,2,1,4,1582,0,0,1582,0,1,2,0,4,1,3,7,6,0,0,2,1964,3,2,390,3,3,0,168,198,0,0,0,0,0,0,0,0,6,2006,8,4,190000
120,3,40,5664,1,0,0,3,0,4,0,22,2,2,4,2,8,5,2000,2000,1,1,5,5,0,0,4,3,2,4,3,1,6,1158,1,0,343,1501,1,5,1,4,1659,0,0,1659,1,0,2,0,2,1,0,5,6,1,5,2,2000,1,2,499,3,3,2,212,59,0,0,0,0,0,0,0,0,10,2009,8,4,278000
60,3,86,11065,1,0,0,3,0,4,0,16,2,2,0,5,8,5,2006,2006,1,1,12,13,3,788,4,3,2,4,3,2,1,0,1,0,1085,1085,1,5,1,4,1120,850,0,1970,0,0,2,1,3,1,0,8,6,1,4,4,2006,1,3,753,3,3,2,177,74,0,0,0,0,0,0,0,0,10,2006,6,5,281000
80,3,70,14112,1,0,0,3,0,0,0,12,2,2,0,7,5,7,1964,1964,3,1,13,6,2,86,3,3,2,3,3,3,6,1014,1,0,138,1152,1,3,1,4,1152,0,0,1152,1,0,1,0,3,1,3,6,6,1,4,2,1964,2,2,484,3,3,2,227,0,0,0,0,0,0,0,0,0,4,2010,8,4,180500
160,4,21,1680,1,0,3,3,0,4,0,2,2,2,3,5,5,7,1972,1972,1,1,5,5,2,268,3,3,1,3,3,1,5,231,1,0,399,630,1,3,1,4,630,672,0,1302,0,0,2,1,3,1,3,6,6,0,0,6,1972,3,1,264,3,3,2,185,0,0,0,0,0,0,0,0,0,2,2009,8,4,119500
70,4,60,6600,1,0,3,3,0,0,0,17,2,2,0,5,5,4,1892,1965,1,1,13,14,0,0,3,3,4,3,3,1,1,0,1,0,994,994,1,3,0,4,1378,994,0,2372,0,0,2,0,4,2,3,11,3,0,0,2,1985,2,1,432,3,3,2,0,287,0,0,0,0,0,0,0,0,12,2009,8,4,107500
60,3,78,10140,1,0,3,3,0,4,0,14,2,2,0,5,7,5,1976,1976,1,1,6,6,0,0,3,3,2,4,3,1,6,194,1,0,638,832,1,3,1,4,832,832,0,1664,0,0,2,1,4,1,3,8,6,1,3,2,1976,2,2,528,3,3,2,0,28,0,0,259,0,0,2,0,0,3,2006,8,4,162900
20,3,60,8172,1,0,3,3,0,4,0,7,2,2,0,2,5,7,1955,1990,3,1,14,10,0,0,3,3,1,3,3,1,3,167,1,0,697,864,1,3,1,4,864,0,0,864,1,0,1,0,2,1,3,5,6,0,0,6,1957,3,2,572,3,3,0,0,0,0,0,0,0,0,0,0,0,4,2006,8,4,115000
20,3,70,8400,1,0,3,3,0,4,0,12,1,2,0,2,5,5,1968,1968,3,1,6,6,2,168,3,3,1,3,3,3,4,1016,1,0,36,1052,1,4,1,4,1052,0,0,1052,1,0,1,1,3,1,3,5,6,0,0,2,1968,2,1,288,3,3,2,356,0,0,0,0,0,0,2,0,0,11,2006,8,4,138500
20,3,80,8700,1,0,3,3,0,4,0,12,2,2,0,2,5,6,1963,1963,3,1,8,8,2,148,3,4,1,3,3,2,5,776,1,0,344,1120,1,4,1,4,1128,0,0,1128,1,0,2,0,3,1,3,6,6,0,0,2,1963,2,2,525,3,3,2,192,20,123,0,0,0,0,3,0,0,12,2008,8,4,155000
180,4,35,3675,1,0,3,3,0,4,0,7,2,2,4,6,6,5,2005,2006,1,1,12,13,2,82,3,3,2,4,3,4,6,547,1,0,0,547,1,4,1,4,1072,0,0,1072,1,0,2,0,2,1,3,5,6,0,0,3,2005,1,2,525,3,3,2,0,44,0,0,0,0,0,0,0,0,6,2006,6,5,140000
60,3,313,63887,1,0,2,0,0,0,0,7,1,2,0,5,10,5,2008,2008,3,0,11,12,3,796,5,3,2,5,3,4,6,5644,1,0,466,6110,1,5,1,4,4692,950,0,5642,2,0,2,1,3,1,0,12,6,3,4,2,2008,1,2,1418,3,3,2,214,292,0,0,0,480,3,0,0,0,1,2008,6,5,160000
20,3,75,7500,1,0,3,3,0,4,0,12,2,2,0,2,5,7,1959,1994,3,1,3,3,0,0,3,3,1,3,3,1,2,340,3,906,0,1246,1,5,1,4,1246,0,0,1246,1,0,1,1,3,1,2,6,6,0,0,2,1959,2,1,305,3,3,2,218,0,0,0,0,0,0,4,0,0,5,2010,8,4,154000
60,3,70,10762,1,0,0,3,0,1,0,8,2,2,0,5,7,5,1999,1999,1,1,12,13,0,344,4,3,2,4,3,1,6,694,1,0,284,978,1,5,1,4,1005,978,0,1983,0,0,2,1,3,1,2,9,6,1,3,2,1999,1,2,490,3,3,2,0,0,0,0,0,0,0,0,0,0,5,2009,8,4,225000
70,3,70,7500,1,0,0,0,0,4,0,6,2,2,0,5,6,7,1942,1950,1,1,13,14,0,0,3,3,1,3,3,1,4,547,1,0,224,771,1,2,1,4,753,741,0,1494,0,0,1,0,3,1,2,7,6,2,4,2,1942,3,1,213,3,3,1,0,0,0,0,224,0,0,0,0,0,11,2009,8,4,177500
60,3,92,10120,1,0,3,3,0,4,0,15,2,2,0,5,8,5,1994,1994,3,1,12,13,2,391,4,3,2,4,3,1,6,740,1,0,425,1165,1,5,1,4,1203,1323,0,2526,1,0,2,1,4,1,2,8,6,1,3,2,1994,2,3,844,3,3,2,309,78,0,0,0,0,0,0,0,0,12,2006,8,4,290000
20,3,73,8688,1,0,3,3,0,4,0,21,2,2,0,2,7,5,2005,2005,1,1,12,13,2,228,4,3,2,4,3,3,1,0,1,0,1616,1616,1,5,1,4,1616,0,0,1616,0,0,2,0,3,1,2,7,6,0,0,2,2005,2,3,834,3,3,2,208,59,0,0,0,0,0,0,0,0,4,2006,8,4,232000
160,4,32,3363,1,0,3,3,0,4,0,7,2,2,4,5,7,5,2004,2004,1,1,12,13,3,117,4,3,2,4,3,1,1,0,1,0,976,976,1,5,1,4,976,732,0,1708,0,0,2,0,3,1,2,7,0,0,0,6,2004,3,2,380,3,3,2,0,40,0,0,0,0,0,0,0,0,4,2006,8,4,130000
20,3,108,13173,1,0,0,3,0,0,0,16,2,2,0,2,9,5,2006,2007,3,1,12,13,3,300,4,3,2,5,3,1,6,1572,1,0,80,1652,1,5,1,4,1652,0,0,1652,1,0,2,0,2,1,0,6,6,2,5,2,2006,1,2,840,3,3,2,404,102,0,0,0,0,0,0,0,0,11,2009,8,4,325000
120,3,48,6955,1,0,0,3,0,4,0,16,2,2,4,2,7,5,2005,2006,1,1,12,13,3,94,4,3,2,4,3,1,1,0,1,0,1368,1368,1,5,1,4,1368,0,0,1368,0,0,2,0,2,1,2,6,6,1,4,2,2005,2,2,474,3,3,2,132,35,0,0,0,0,0,0,0,0,9,2006,6,5,202500
20,3,60,8072,1,0,3,3,0,4,0,5,2,2,0,2,5,5,1994,1995,1,1,12,13,0,0,3,4,2,4,4,1,5,746,1,0,244,990,1,5,1,4,990,0,0,990,1,0,1,0,3,1,3,5,6,0,0,6,2000,3,2,480,3,3,2,0,64,0,0,0,0,0,0,0,0,5,2009,8,4,138000
20,4,100,12000,1,0,3,3,0,4,0,17,2,2,0,2,5,7,1948,2005,1,1,8,8,0,0,3,3,1,3,3,1,6,144,5,608,172,924,1,5,1,4,1122,0,0,1122,1,0,1,0,2,1,2,6,6,0,0,2,1948,3,2,528,3,3,2,0,36,0,0,0,0,0,2,0,0,5,2008,8,4,147000
20,3,70,7153,1,0,3,3,0,4,0,20,2,2,0,2,6,5,1991,1991,1,1,6,6,2,88,3,3,1,4,3,1,6,1200,1,0,78,1278,1,4,1,4,1294,0,0,1294,1,0,2,0,3,1,2,6,6,0,0,2,1991,2,2,496,3,3,2,112,51,0,0,0,0,0,2,0,0,6,2008,8,4,179200
20,3,100,17500,1,0,3,3,0,4,0,6,3,2,0,2,7,8,1959,2002,1,1,3,6,0,0,4,4,2,4,3,3,6,1406,1,0,496,1902,1,3,1,4,1902,0,0,1902,1,0,2,0,3,1,0,7,6,2,3,2,1959,1,2,567,3,3,2,0,207,162,0,0,0,0,0,0,0,5,2010,8,4,335000
20,3,68,8814,1,0,3,3,0,4,0,5,2,2,0,2,7,5,2005,2007,1,1,12,13,2,80,4,3,2,4,3,1,6,925,1,0,349,1274,1,5,1,4,1274,0,0,1274,1,0,2,0,3,1,2,6,6,0,0,2,2005,2,2,508,3,3,2,264,98,0,0,0,0,0,0,0,0,1,2007,6,5,203000
60,3,70,9572,1,0,0,3,0,4,0,15,2,2,0,5,8,5,1990,1990,1,1,13,14,2,336,4,3,2,5,3,1,6,482,1,0,971,1453,1,5,1,4,1453,1357,0,2810,0,0,2,1,4,1,2,9,6,1,5,2,1990,2,2,750,4,4,2,500,0,0,0,0,0,0,0,0,0,6,2007,8,4,302000
60,3,108,14774,1,0,0,3,0,0,0,15,2,2,0,5,9,5,1999,1999,1,1,12,13,2,165,4,3,2,4,3,1,1,0,1,0,1393,1393,1,5,1,4,1422,1177,0,2599,0,0,2,1,4,1,2,10,6,1,3,4,1999,1,3,779,3,3,2,668,30,0,0,0,0,0,0,0,0,5,2010,8,4,333168
20,3,60,8190,1,0,3,3,0,4,0,7,2,2,0,2,4,6,1954,1954,3,1,13,14,0,0,3,3,1,3,3,1,3,732,1,0,216,948,1,5,1,4,948,0,0,948,1,0,1,0,3,1,3,5,6,1,3,6,1956,3,1,280,3,3,2,0,36,0,0,0,0,0,0,0,0,10,2007,8,4,119000
60,3,85,11075,1,0,3,3,0,4,0,12,2,2,0,5,6,5,1969,1969,1,1,6,6,0,0,3,3,1,2,3,2,5,500,2,276,176,952,1,3,1,4,1092,1020,0,2112,0,0,2,1,4,1,3,9,6,2,4,2,1969,3,2,576,3,3,2,280,0,0,0,0,0,0,0,0,0,6,2008,8,4,206900
20,3,61,10226,1,0,0,3,0,4,0,5,2,2,0,2,8,5,2008,2008,1,1,12,13,3,270,4,3,2,5,3,4,1,0,1,0,1622,1622,1,5,1,4,1630,0,0,1630,1,0,2,0,3,1,0,8,6,1,4,2,2008,2,3,860,3,3,2,172,42,0,0,0,0,0,0,0,0,1,2009,8,4,295493
120,1,47,4230,1,2,3,3,0,0,0,21,2,2,4,2,7,5,2006,2007,1,1,12,13,0,0,4,3,2,5,4,1,1,0,1,0,1352,1352,1,5,1,4,1352,0,0,1352,0,0,2,0,2,1,2,5,6,1,4,2,2006,2,2,466,3,3,2,0,241,0,0,0,0,0,0,0,0,4,2007,6,5,208900
20,3,70,14781,1,0,1,3,0,1,0,5,2,2,0,2,8,5,2001,2002,3,1,12,13,2,178,4,3,2,4,3,4,1,0,1,0,1753,1753,1,5,1,4,1787,0,0,1787,0,0,2,0,3,1,2,7,6,1,3,2,2001,2,3,748,3,3,2,198,150,0,0,0,0,0,0,0,0,8,2006,8,4,275000
20,3,75,10215,1,0,3,0,0,4,0,7,2,2,0,2,4,5,1954,1954,3,1,13,14,2,132,3,3,2,3,3,1,5,492,1,0,372,864,1,5,1,4,948,0,0,948,0,0,1,0,3,1,3,5,6,0,0,2,1954,3,1,248,3,3,2,0,0,0,0,0,0,0,0,0,0,2,2007,8,4,111000
20,3,70,8400,1,0,3,3,0,4,0,12,2,2,0,2,6,3,1957,1957,3,1,3,3,0,0,3,3,1,3,3,1,5,189,3,661,628,1478,1,4,1,4,1478,0,0,1478,1,0,1,1,3,1,3,6,6,2,4,2,1957,2,2,442,3,3,2,114,0,0,0,216,0,0,0,0,0,6,2009,8,4,156500
20,3,70,6627,1,0,0,3,0,0,0,3,1,2,0,2,3,6,1949,1950,3,1,12,13,0,0,3,3,1,0,0,0,0,0,0,0,0,0,0,3,0,4,720,0,0,720,0,0,1,0,2,1,3,4,6,0,0,6,1955,3,1,287,3,2,2,0,0,0,0,0,0,0,0,0,0,7,2008,8,4,72500
60,3,107,10186,1,0,0,3,0,4,0,15,2,2,0,5,7,5,1992,1992,1,1,6,6,0,0,4,3,2,4,3,1,6,674,1,0,76,750,1,5,1,4,1061,862,0,1923,1,0,2,1,3,1,2,8,6,1,3,2,1992,2,2,564,3,3,2,240,39,0,0,0,0,0,0,0,0,6,2010,8,4,190000
30,3,50,5330,1,0,3,1,0,4,0,3,2,2,0,2,4,7,1940,1950,3,1,12,13,0,0,2,3,1,3,3,1,2,280,1,0,140,420,1,4,1,4,708,0,0,708,0,0,1,0,2,1,1,5,6,0,0,0,0,0,0,0,0,0,2,164,0,0,0,0,0,0,0,0,0,12,2009,8,4,82500
20,3,75,9986,1,0,3,3,0,4,0,21,2,2,0,2,8,5,2006,2007,1,1,12,13,2,428,4,3,2,5,3,3,1,0,1,0,1795,1795,1,5,1,4,1795,0,0,1795,0,0,2,0,2,1,2,7,6,1,4,2,2007,2,3,895,3,3,2,0,49,0,0,0,0,0,0,0,0,2,2007,6,5,147000
30,4,40,3636,1,0,3,3,0,4,0,9,2,2,0,2,4,4,1922,1950,1,1,0,0,0,0,3,3,0,3,2,1,1,0,1,0,796,796,1,2,0,4,796,0,0,796,0,0,1,0,2,1,3,5,6,0,0,0,0,0,0,0,0,0,0,0,0,100,0,0,0,0,3,0,0,1,2008,8,4,55000
30,2,70,4270,1,0,3,0,0,4,1,7,2,2,0,2,3,6,1931,2006,1,1,8,8,0,0,3,3,0,3,3,1,3,544,1,0,0,544,1,5,1,4,774,0,0,774,0,0,1,0,3,1,2,6,6,0,0,0,0,0,0,0,0,0,2,0,0,286,0,0,0,0,0,0,0,5,2007,8,4,79000
20,3,60,6600,1,0,3,3,0,4,0,11,2,2,0,2,5,9,1982,2008,1,1,12,13,0,0,4,4,1,3,3,1,5,641,1,0,175,816,1,5,1,4,816,0,0,816,0,1,1,0,3,1,2,5,6,1,5,2,1982,3,1,264,3,3,2,0,0,0,0,0,0,0,3,0,0,10,2008,8,4,130500
50,4,60,10440,1,1,3,3,0,0,0,17,2,2,0,0,6,7,1920,1950,1,1,3,14,0,0,4,4,0,4,3,1,2,493,1,0,1017,1510,2,5,1,4,1584,1208,0,2792,0,0,2,0,5,1,3,8,4,2,3,6,1920,3,2,520,2,3,2,0,547,0,0,480,0,0,3,1,1150,6,2008,8,4,256000
60,3,63,9084,1,0,0,3,0,4,0,8,2,2,0,5,7,5,1998,1998,3,1,12,13,0,0,3,3,2,4,3,1,1,0,1,0,935,935,1,4,1,4,955,677,0,1632,0,0,2,1,3,1,3,8,6,1,3,2,1998,1,2,462,3,3,2,0,28,0,0,0,0,0,0,0,0,6,2006,8,4,176500
20,3,85,10000,1,0,3,3,0,4,0,21,2,2,0,2,8,5,2006,2006,3,1,12,13,3,410,4,3,2,4,4,3,1,0,1,0,1588,1588,1,5,1,4,1588,0,0,1588,0,0,2,0,3,1,2,7,6,1,4,2,2006,2,3,825,3,3,2,144,45,0,0,0,0,0,0,0,0,12,2007,8,4,227000
80,3,55,10780,1,0,0,3,0,4,0,5,2,2,0,7,5,5,1976,1976,1,1,8,8,0,0,3,3,1,3,3,3,5,483,1,0,428,911,1,4,1,4,954,0,0,954,0,0,1,0,3,1,3,6,6,0,0,6,1976,3,2,576,3,3,2,0,0,0,0,0,0,0,0,0,0,7,2006,8,4,132500
20,3,67,8877,1,0,3,3,0,4,1,7,2,2,0,2,4,6,1938,1958,1,1,8,8,0,0,3,3,1,3,3,2,5,690,1,0,126,816,1,5,1,4,816,0,0,816,1,0,1,0,2,1,3,3,6,1,4,6,1958,3,1,288,2,2,2,0,0,0,0,0,0,0,0,0,0,5,2009,8,4,100000
50,4,60,7200,1,0,3,3,0,0,0,9,2,2,0,0,5,6,1938,1995,1,1,13,14,0,0,3,3,1,3,3,1,1,0,1,0,803,803,1,5,1,4,803,557,0,1360,0,0,1,1,2,1,2,6,6,0,0,6,1951,3,1,297,3,3,2,0,65,190,0,0,0,0,3,0,0,7,2006,8,4,125500
160,4,24,2368,1,0,3,3,0,4,0,2,2,2,4,5,5,6,1970,1970,1,1,6,6,0,312,3,3,1,3,3,1,2,765,1,0,0,765,1,3,1,4,765,600,0,1365,0,0,1,1,3,1,3,7,2,0,0,2,1970,3,2,440,3,3,2,0,36,0,0,0,0,0,0,0,0,5,2009,8,4,125000
20,3,80,9650,1,0,3,3,0,4,0,14,2,2,0,2,6,5,1977,1977,1,1,9,10,2,360,3,3,1,4,3,1,5,686,1,0,664,1350,1,3,1,4,1334,0,0,1334,0,1,2,0,2,1,3,6,6,1,3,2,1977,2,2,630,3,3,2,0,16,0,0,0,0,0,0,0,0,4,2009,8,4,167900
90,3,87,9246,1,0,0,3,0,4,0,14,1,2,2,2,5,5,1973,1973,1,1,9,10,2,564,3,3,1,3,3,1,1,0,1,0,1656,1656,1,3,1,4,1656,0,0,1656,0,0,2,0,4,2,3,8,6,0,0,6,1973,3,2,506,3,3,2,0,211,0,0,0,0,0,0,0,0,11,2008,8,4,135000
30,4,153,4118,1,1,0,0,0,0,1,17,1,2,0,2,4,4,1941,1950,1,1,13,14,0,0,3,3,1,3,3,1,1,0,1,0,693,693,3,2,0,0,693,0,0,693,0,0,1,0,2,1,1,4,6,0,0,0,0,0,0,0,0,0,0,0,20,0,0,0,0,0,0,0,0,3,2006,8,4,52500
60,3,95,13450,1,0,0,3,0,0,0,5,2,2,0,5,7,5,2002,2002,1,1,12,13,0,0,4,3,2,4,3,1,6,700,1,0,216,916,1,5,1,4,920,941,0,1861,1,0,2,1,3,1,2,8,6,0,0,4,2002,2,2,492,3,3,2,146,91,0,0,0,0,0,0,0,0,6,2006,8,4,200000
20,3,120,9560,1,0,0,3,0,0,0,5,2,2,0,2,5,7,1972,1972,3,1,8,8,0,0,3,4,1,3,3,2,3,360,1,0,504,864,1,5,1,4,864,0,0,864,0,0,1,0,3,1,3,5,6,0,0,2,1972,2,1,288,3,3,2,0,0,0,0,0,0,0,0,0,0,6,2006,8,4,128500
20,3,70,8294,1,0,3,3,0,4,0,12,2,2,0,2,4,5,1971,1971,1,1,8,8,0,0,3,3,1,3,3,1,1,0,1,0,858,858,1,3,1,4,872,0,0,872,0,0,1,0,3,1,3,5,6,0,0,6,1974,3,4,480,3,3,2,0,0,0,0,0,0,0,2,0,0,6,2007,8,4,123000
20,3,66,13695,1,0,3,3,0,4,0,20,5,2,0,2,6,5,2003,2004,1,1,12,13,0,0,3,3,2,4,3,1,6,814,1,0,300,1114,1,5,1,4,1114,0,0,1114,1,0,1,0,3,1,2,6,6,0,0,6,2004,3,2,576,3,3,2,0,78,0,0,0,0,0,0,0,0,7,2008,8,4,155000
60,3,70,9375,1,0,3,3,0,4,0,5,2,2,0,5,8,5,2002,2002,1,1,12,13,2,149,4,3,2,4,3,1,1,0,1,0,1284,1284,1,5,1,4,1284,885,0,2169,0,0,2,1,3,1,2,7,6,1,4,2,2002,2,2,647,3,3,2,192,87,0,0,0,0,0,0,0,0,8,2007,8,4,228500
50,3,57,7558,1,0,3,0,0,4,0,6,2,2,0,0,6,6,1928,1950,1,1,3,11,0,0,3,3,0,3,3,1,1,0,1,0,896,896,1,4,1,4,1172,741,0,1913,0,0,1,1,3,1,3,9,6,1,3,6,1929,3,2,342,2,2,2,0,0,0,0,0,0,0,0,0,0,3,2009,8,4,177000
60,3,85,11103,1,0,0,3,0,0,0,5,2,2,0,5,7,5,2006,2006,1,1,12,13,0,0,4,3,2,4,3,1,1,0,1,0,728,728,1,5,1,4,728,728,0,1456,0,0,2,1,3,1,2,8,6,1,3,2,2006,1,2,440,3,3,2,0,0,0,0,0,0,0,0,0,0,7,2007,6,5,155835
30,4,50,6000,1,0,3,3,0,4,0,17,2,2,0,2,4,4,1920,1950,3,1,8,8,0,0,3,3,2,3,3,1,5,250,1,0,710,960,1,4,1,0,960,0,0,960,0,0,1,0,2,1,1,5,6,0,0,6,1997,3,1,308,3,3,2,0,0,168,0,0,0,0,0,0,0,7,2007,8,4,108500
20,3,70,20781,1,0,1,3,0,1,0,14,4,2,0,2,7,7,1968,2003,3,1,3,6,0,0,3,3,1,3,3,1,4,297,3,68,1203,1568,1,3,1,4,2156,0,0,2156,0,0,2,0,3,1,3,9,6,1,4,2,1968,2,2,508,4,3,2,0,80,0,290,0,0,0,0,0,0,6,2006,8,4,262500
20,3,93,15306,1,0,0,1,0,0,0,23,2,2,0,2,8,5,2006,2007,1,1,12,13,3,100,4,3,2,5,3,4,6,80,1,0,1652,1732,1,5,1,4,1776,0,0,1776,1,0,2,0,3,1,2,7,6,1,4,2,2006,1,3,712,3,3,2,0,0,0,0,0,0,0,0,0,0,5,2007,6,5,283463
20,3,70,16196,1,0,2,2,0,4,0,20,2,2,0,2,7,5,1998,1998,1,1,12,13,0,0,4,3,2,4,3,4,6,1443,1,0,39,1482,1,5,1,4,1494,0,0,1494,1,0,2,0,3,1,2,5,6,1,2,2,1998,2,2,514,3,3,2,402,25,0,0,0,0,0,0,0,0,8,2007,8,4,215000
70,4,50,5250,1,2,3,3,0,4,0,17,2,2,0,5,8,5,1872,1987,1,1,8,8,0,0,3,4,0,3,2,1,2,259,1,0,425,684,4,2,0,4,938,1215,205,2358,0,0,2,0,4,1,3,8,6,0,0,0,0,0,0,0,0,0,2,0,54,20,0,0,0,0,0,0,0,12,2008,8,4,122000
90,3,91,11643,1,0,3,3,0,4,0,12,0,2,2,5,5,5,1969,1969,1,1,8,8,2,368,3,3,1,3,3,1,2,500,1,0,748,1248,1,3,1,4,1338,1296,0,2634,1,1,2,2,6,2,3,12,6,0,0,6,1969,3,4,968,3,3,2,0,0,0,0,0,0,0,0,0,0,8,2009,8,4,200000
60,3,70,9247,1,0,0,3,0,4,0,12,2,2,0,5,6,6,1962,1962,1,1,6,6,2,318,3,3,1,3,3,1,3,319,1,0,539,858,1,5,1,4,858,858,0,1716,0,0,1,1,4,1,3,8,6,1,4,2,1962,1,2,490,3,3,2,0,84,0,0,120,0,0,0,0,0,3,2008,8,4,171000
50,4,50,6000,1,0,3,3,0,4,0,3,2,2,0,0,6,9,1937,2000,1,1,8,8,0,0,4,3,0,3,3,1,1,0,1,0,698,698,1,3,1,4,786,390,0,1176,0,0,1,0,2,1,3,4,6,0,0,6,1999,3,2,624,3,3,0,210,0,0,0,0,0,0,0,0,0,7,2009,8,4,134900
50,3,56,14720,1,0,0,3,0,1,0,15,2,2,0,0,8,5,1995,1996,3,1,12,13,2,579,4,3,2,4,3,3,6,816,1,0,1217,2033,1,5,1,4,2053,1185,0,3238,1,0,2,1,4,1,2,9,6,1,5,2,1996,1,3,666,3,3,2,283,86,0,0,0,0,0,0,0,0,3,2010,8,4,410000
60,3,70,10316,1,0,0,3,0,4,0,5,2,2,0,5,7,5,2000,2000,1,1,12,13,0,0,4,3,2,4,3,1,6,735,1,0,257,992,1,5,1,4,992,873,0,1865,1,0,2,1,3,1,2,7,6,1,3,2,2000,2,3,839,3,3,2,0,184,0,0,0,0,0,0,0,0,6,2008,8,4,235000
80,3,102,10192,1,0,0,3,0,4,0,14,2,2,0,7,7,6,1968,1992,1,1,8,8,2,143,3,3,1,3,3,1,1,0,1,0,570,570,1,4,1,4,1222,698,0,1920,0,0,3,0,4,1,2,8,6,1,3,2,1968,2,2,487,3,3,2,0,98,0,0,0,0,0,4,0,0,9,2006,8,4,170000
20,3,70,9477,1,0,3,3,0,0,0,12,2,2,0,2,5,5,1966,1966,1,1,6,6,2,65,3,3,1,3,3,1,3,340,1,0,524,864,1,3,1,4,892,0,0,892,0,0,1,0,3,1,3,5,6,0,0,2,1966,2,1,264,3,3,2,0,0,0,0,0,0,0,2,0,0,10,2008,8,4,110000
20,3,70,12537,1,0,0,3,0,1,0,12,2,2,0,2,5,6,1971,2008,1,1,12,13,0,0,3,3,1,3,3,1,6,734,1,0,344,1078,1,5,1,4,1078,0,0,1078,1,0,1,1,3,1,3,6,6,1,2,2,1971,1,2,500,3,3,2,0,0,0,0,0,0,0,0,0,0,4,2010,8,4,149900
160,1,70,2117,1,0,3,3,0,4,0,21,2,2,3,5,6,5,2000,2000,1,1,8,8,2,216,4,3,2,4,3,1,6,378,1,0,378,756,1,5,1,4,769,804,0,1573,0,0,2,1,3,1,2,5,6,0,0,6,2000,3,2,440,3,3,2,0,32,0,0,0,0,0,0,0,0,6,2010,8,4,177500
20,3,129,16737,1,0,3,3,0,3,0,16,2,2,0,2,9,5,2004,2005,3,1,12,13,2,66,4,3,2,5,3,3,6,1447,1,0,533,1980,1,5,1,4,1980,0,0,1980,1,0,2,0,3,1,0,8,6,1,4,2,2004,1,3,770,3,3,2,194,45,0,0,0,0,0,0,0,0,9,2006,8,4,315000
70,3,51,9842,1,0,3,3,0,4,0,18,1,2,0,5,5,6,1921,1998,1,1,8,14,0,0,3,3,0,3,2,1,1,0,1,0,612,612,1,5,1,4,990,1611,0,2601,0,0,3,1,4,1,3,8,6,0,0,4,1998,2,2,621,3,3,2,183,0,301,0,0,0,0,0,0,0,5,2008,8,4,189000
20,3,124,16158,1,0,0,2,0,4,1,22,2,2,0,2,7,5,2005,2005,3,1,12,13,3,16,4,3,2,5,3,3,5,1274,1,0,256,1530,1,5,1,4,1530,0,0,1530,1,0,2,0,3,1,2,7,6,1,4,2,2005,1,2,430,3,3,2,168,36,0,0,0,0,0,0,0,0,6,2009,8,4,260000
50,3,70,12513,1,0,0,3,0,2,0,12,1,2,0,0,4,4,1920,2007,1,1,12,13,0,0,3,4,0,3,2,1,1,0,1,0,715,715,1,4,1,4,1281,457,0,1738,0,0,2,0,4,1,3,7,6,1,4,2,1920,3,1,368,3,3,2,55,0,0,0,0,0,0,0,0,0,6,2009,8,4,104900
60,3,73,8499,1,0,0,3,0,4,0,8,2,2,0,5,6,5,2006,2007,1,1,12,13,0,0,3,3,2,4,3,1,1,0,1,0,616,616,1,5,1,4,616,796,0,1412,0,0,2,1,3,1,2,6,6,1,4,4,2007,1,2,432,3,3,2,0,36,0,0,0,0,0,0,0,0,3,2007,6,5,156932
160,1,30,3180,1,2,3,3,0,4,0,21,2,2,4,5,7,5,2005,2005,1,1,8,8,0,0,4,3,2,4,3,1,1,0,1,0,600,600,1,5,1,4,520,600,80,1200,0,0,2,1,2,1,2,4,6,0,0,6,2005,2,2,480,3,3,2,0,166,0,0,0,0,0,0,0,0,4,2006,8,0,144152
60,1,70,7500,1,0,3,3,0,4,0,21,2,2,0,5,7,5,2000,2000,1,1,12,13,0,0,4,3,2,4,3,1,6,533,1,0,281,814,1,5,1,4,814,860,0,1674,1,0,2,1,3,1,2,7,6,0,0,2,2000,2,2,663,3,3,2,0,96,0,0,0,0,0,0,0,0,1,2010,8,4,216000
60,3,68,9179,1,0,0,3,0,4,0,5,2,2,0,5,7,5,1999,1999,1,1,12,13,2,158,4,3,2,4,3,1,6,633,1,0,240,873,1,5,1,4,882,908,0,1790,1,0,2,1,3,1,2,7,6,0,0,2,1999,2,2,588,3,3,2,0,88,0,0,0,0,0,0,0,0,6,2008,8,0,193000
160,4,41,2665,1,0,3,3,0,4,0,10,2,2,4,5,5,6,1977,1977,1,1,5,5,0,0,3,3,2,3,3,1,5,548,3,173,36,757,1,5,1,4,925,550,0,1475,0,0,2,0,4,1,3,6,6,1,3,2,1977,2,1,336,3,3,2,104,26,0,0,0,0,0,0,0,0,7,2006,8,4,127000
120,4,70,4435,1,0,3,3,0,4,0,5,2,2,4,2,6,5,2003,2004,1,1,12,13,2,170,4,3,2,4,3,3,6,685,1,0,163,848,1,5,1,4,848,0,0,848,1,0,1,0,1,1,2,4,6,0,0,2,2003,1,2,420,3,3,2,140,0,0,0,0,0,0,0,0,0,6,2009,8,4,144000
20,3,48,10635,1,0,1,3,0,2,0,5,2,2,0,2,8,5,2003,2003,3,1,12,13,2,171,4,3,2,4,3,3,4,370,6,972,315,1657,1,5,1,4,1668,0,0,1668,1,0,2,0,3,1,2,8,6,1,3,2,2003,1,2,502,3,3,2,0,262,0,0,0,0,0,0,0,0,5,2010,8,4,232000
50,3,90,5400,1,0,3,3,0,0,0,17,0,2,0,0,4,6,1920,1950,1,1,4,4,0,0,2,3,2,3,3,1,5,315,3,105,420,840,1,5,1,4,840,534,0,1374,0,0,1,0,2,1,3,6,6,0,0,6,1967,1,1,338,3,3,2,0,0,198,0,0,0,0,0,0,0,10,2009,8,4,105000
80,3,80,9600,1,0,3,3,0,4,0,12,2,2,0,7,6,6,1955,1996,3,1,0,0,0,0,3,3,1,3,3,3,4,831,1,0,161,992,1,4,1,4,1661,0,0,1661,1,0,1,0,3,1,2,8,6,1,3,4,1955,2,1,377,3,3,2,0,28,0,0,178,0,0,3,0,0,10,2008,8,4,165500
60,3,75,9750,1,0,3,3,0,0,0,5,2,2,0,5,7,6,1998,1998,1,1,12,13,0,0,3,3,2,4,3,3,6,975,1,0,133,1108,1,5,1,4,1108,989,0,2097,1,0,2,1,3,1,2,8,6,1,3,6,1998,2,2,583,3,3,2,253,170,0,0,0,0,0,0,0,0,6,2006,8,4,274300
20,3,70,11400,1,0,3,3,0,4,0,15,2,2,0,2,10,5,2001,2002,3,1,12,13,2,705,5,3,2,5,3,4,6,1282,1,0,1351,2633,1,5,1,4,2633,0,0,2633,1,0,2,1,2,1,0,8,6,2,4,2,2001,2,3,804,3,3,2,314,140,0,0,0,0,0,0,0,0,3,2007,8,4,466500
60,1,85,10625,1,0,3,3,0,4,0,21,2,2,0,5,7,5,2005,2005,1,1,5,5,0,0,4,3,2,4,3,1,1,0,1,0,1026,1026,1,5,1,4,1026,932,0,1958,0,0,2,1,3,1,2,9,6,1,4,2,2005,1,3,936,3,3,2,154,210,0,0,0,0,0,0,0,0,7,2008,8,4,250000
20,3,89,10991,1,0,0,1,0,4,0,23,2,2,0,2,8,5,2007,2007,1,1,12,13,2,80,4,3,2,4,3,4,1,0,1,0,1571,1571,1,5,1,4,1571,0,0,1571,0,0,2,0,3,1,2,7,6,1,4,2,2007,1,3,722,3,3,2,100,36,0,0,0,0,0,0,0,0,12,2007,6,5,239000
30,3,52,6292,1,0,3,0,0,4,0,18,2,2,0,2,6,5,1930,1950,1,1,13,14,0,0,3,3,0,4,3,2,3,384,1,0,384,768,1,3,0,4,790,0,0,790,0,0,1,0,2,1,3,4,6,0,0,6,1925,3,1,160,2,3,2,0,141,0,0,0,0,0,0,0,0,4,2008,8,4,91000
50,3,60,10998,1,1,3,3,0,4,0,7,2,2,0,0,5,5,1941,1960,1,1,13,14,0,0,3,3,1,3,3,1,2,408,4,420,156,984,1,5,1,4,984,620,0,1604,0,0,2,0,3,1,3,6,3,0,0,6,1977,3,2,660,3,3,2,0,68,0,0,0,0,0,0,0,0,7,2009,8,4,117000
160,4,21,1953,1,0,3,3,0,4,0,2,2,2,3,5,6,5,1973,1973,1,1,6,6,2,408,3,3,1,3,2,1,4,309,1,0,174,483,1,3,1,4,483,504,0,987,0,0,1,1,2,1,3,5,6,0,0,6,1973,3,1,264,3,3,2,72,0,0,0,0,0,0,0,0,0,6,2006,8,4,83000
80,3,73,9735,1,0,3,3,0,4,0,23,2,2,0,7,5,5,2006,2007,1,1,12,13,0,0,3,3,2,4,3,1,1,0,1,0,384,384,1,4,1,5,754,640,0,1394,0,0,2,1,3,1,2,7,6,0,0,4,2007,1,2,400,3,3,2,100,0,0,0,0,0,0,0,0,0,5,2008,8,4,167500
30,3,45,8212,1,1,3,3,0,4,0,7,2,2,0,2,3,3,1914,1950,1,1,11,12,0,0,3,2,0,3,2,1,3,203,1,0,661,864,1,3,0,1,864,0,0,864,1,0,1,0,2,1,3,5,6,0,0,6,1938,3,1,200,3,2,2,0,0,96,0,0,0,0,0,0,0,6,2010,8,4,58500
20,3,70,12925,1,0,0,3,0,0,0,12,2,2,0,2,6,7,1970,1970,1,1,3,10,0,0,3,3,1,3,3,2,4,865,1,0,340,1205,1,5,1,4,2117,0,0,2117,0,0,2,1,4,1,3,7,6,2,4,2,1970,1,2,550,3,3,2,0,42,0,0,0,0,0,0,0,0,5,2008,8,4,237500
70,4,60,7200,1,0,3,3,0,0,0,17,2,2,0,5,7,7,1920,1950,3,1,13,14,0,0,3,3,0,2,3,1,1,0,1,0,596,596,1,5,1,4,998,764,0,1762,1,0,1,1,4,1,2,8,6,0,0,6,1989,3,2,576,3,3,0,36,0,221,0,0,0,0,0,0,0,10,2006,8,4,157000
30,3,70,25339,1,0,3,3,0,4,0,19,2,2,0,2,5,7,1918,2007,1,1,13,14,0,0,3,4,0,3,3,1,1,0,1,0,816,816,1,5,1,4,1416,0,0,1416,0,0,2,0,3,1,2,7,6,0,0,2,2007,3,2,576,3,3,0,0,0,112,0,0,0,0,0,0,0,8,2007,8,4,112000
50,3,60,9060,1,0,3,3,0,4,0,7,2,2,0,0,6,5,1939,1950,1,1,14,15,0,0,3,3,0,3,3,2,3,204,1,0,356,560,1,3,1,4,698,560,0,1258,0,0,1,0,2,1,3,6,6,0,0,6,1939,3,1,280,3,3,1,0,0,0,0,0,0,0,3,0,0,10,2009,8,4,105000
50,4,40,5436,1,0,3,3,0,4,0,9,2,2,0,0,4,8,1922,2007,1,1,12,13,0,0,3,4,0,3,3,1,4,735,1,0,61,796,1,4,1,4,796,358,0,1154,1,0,1,0,3,1,2,7,6,0,0,6,1922,3,1,240,3,3,0,0,96,0,0,0,0,0,3,0,0,5,2010,8,4,125500
60,3,80,16692,1,0,0,3,0,4,0,14,6,2,0,5,7,5,1978,1978,1,1,9,10,2,184,3,3,1,4,3,1,4,790,2,469,133,1392,1,3,1,4,1392,1392,0,2784,1,0,3,1,5,1,2,12,6,2,3,2,1978,2,2,564,3,3,2,0,112,0,0,440,519,1,3,1,2000,7,2006,8,4,250000
50,4,60,8520,1,1,3,3,0,4,0,17,0,2,0,0,6,7,1916,1950,1,1,11,12,0,0,3,4,0,3,3,1,3,168,2,546,0,714,2,3,0,4,1664,862,0,2526,0,0,2,0,5,1,2,10,6,1,4,6,1916,3,1,216,3,3,2,88,15,0,0,0,0,0,2,0,0,8,2007,1,3,136000
20,3,42,14892,1,0,0,1,0,1,0,8,2,2,0,2,9,5,2006,2007,1,1,12,13,3,160,5,3,2,5,3,4,6,1320,1,0,426,1746,1,5,1,4,1746,0,0,1746,1,0,2,0,3,1,0,7,6,2,4,2,2006,1,3,758,3,3,2,201,39,0,0,0,0,0,0,0,0,10,2009,8,4,377500
50,4,60,6000,1,0,3,3,0,4,0,3,2,2,0,0,6,6,1941,1950,1,1,13,14,0,0,3,4,0,3,4,1,5,375,1,0,360,735,1,5,1,4,869,349,0,1218,0,1,1,0,3,1,3,6,6,1,4,6,2003,3,2,440,3,3,2,0,0,0,0,0,0,0,0,0,0,3,2007,8,4,131000
20,3,70,9100,1,0,3,3,0,4,0,5,2,2,0,2,7,5,2000,2000,1,1,12,13,2,244,4,3,2,4,3,3,6,1400,1,0,125,1525,1,5,1,4,1525,0,0,1525,1,0,2,0,3,1,2,6,6,0,0,2,2000,2,2,541,3,3,2,219,36,0,0,0,0,0,0,0,0,9,2006,8,4,235000
90,3,65,8944,1,0,3,3,0,4,0,12,2,2,2,2,5,5,1967,1967,1,1,9,10,0,0,3,3,1,3,3,1,1,0,1,0,1584,1584,1,3,1,4,1584,0,0,1584,0,0,2,0,4,2,3,8,4,0,0,6,1967,3,3,792,3,3,2,0,152,0,0,0,0,0,0,0,0,4,2009,8,4,124000
85,3,68,7838,1,0,3,3,0,4,0,12,2,2,0,6,5,5,1967,1967,1,1,6,6,0,0,3,3,1,3,3,3,5,769,1,0,95,864,1,3,1,4,900,0,0,900,1,0,1,0,3,1,3,6,6,1,1,2,1967,2,1,288,3,3,2,175,144,0,0,0,0,0,1,0,0,12,2006,8,4,123000
190,4,60,10800,1,2,3,3,0,4,0,17,2,2,1,0,6,7,1905,2000,1,1,13,14,0,0,3,3,0,2,3,1,1,0,1,0,482,482,1,5,0,4,1221,691,0,1912,0,0,2,0,3,2,3,7,6,1,3,6,2003,3,2,672,4,3,2,0,25,212,0,0,0,0,0,0,0,4,2008,8,4,163000
120,3,53,4045,1,0,3,3,0,4,0,0,2,2,4,2,7,5,2006,2006,3,1,12,13,2,45,4,3,2,4,3,3,6,1070,1,0,286,1356,1,5,1,4,1500,0,0,1500,1,0,2,0,2,1,2,6,6,1,4,2,2006,1,3,648,3,3,2,161,20,0,0,0,0,0,0,0,0,10,2006,6,5,246578
60,3,88,12665,1,0,0,3,0,4,0,23,2,2,0,5,8,5,2005,2006,3,1,12,13,2,245,4,3,2,4,4,4,1,0,1,0,1094,1094,1,5,1,4,1133,1349,0,2482,0,0,2,1,4,1,2,9,6,1,4,4,2005,1,3,642,3,3,2,144,39,0,0,0,0,0,0,0,0,2,2007,8,4,281213
20,3,70,57200,1,0,0,0,0,4,2,23,2,2,0,2,5,5,1948,1950,1,1,13,14,0,0,3,3,1,3,3,3,4,353,3,334,60,747,1,3,1,4,1687,0,0,1687,1,0,1,0,3,1,3,7,2,2,3,6,1966,3,2,572,3,3,0,0,0,50,0,0,0,0,0,0,0,6,2010,8,4,160000
70,4,51,6120,1,0,3,3,0,4,0,3,2,2,0,5,5,8,1920,2004,1,1,8,8,0,0,3,3,0,3,3,2,1,0,1,0,939,939,1,5,1,4,939,574,0,1513,0,0,1,1,4,1,3,8,6,0,0,6,1933,3,1,180,2,2,0,24,0,150,0,0,0,0,0,0,0,5,2007,8,4,137500
50,3,60,7200,1,0,3,3,0,4,0,12,2,2,0,0,5,4,1950,1982,1,1,12,14,0,0,3,3,1,3,3,1,3,180,4,352,676,1208,1,4,1,0,1136,768,0,1904,1,0,1,1,3,1,3,7,2,0,0,2,1950,3,1,240,3,3,2,0,0,168,0,0,0,0,4,0,0,5,2009,8,4,138000
50,3,51,6171,1,0,3,3,0,4,0,18,2,2,0,0,6,6,1925,1990,1,1,14,15,0,0,3,3,0,3,3,1,4,264,1,0,712,976,1,5,1,4,1160,448,0,1608,0,0,2,1,3,1,2,7,6,1,4,6,1925,3,1,216,2,3,2,147,16,0,0,0,0,0,3,0,0,10,2009,8,4,137450
50,4,50,6000,1,0,3,3,0,0,0,3,2,2,0,0,6,7,1929,1950,1,1,14,15,0,0,3,3,0,3,3,1,1,0,1,0,862,862,1,3,1,4,950,208,0,1158,0,0,1,0,3,1,3,5,6,1,4,4,1929,2,1,208,3,3,2,0,0,112,0,0,0,0,0,0,0,7,2008,8,4,120000
60,3,62,7415,1,0,0,3,0,4,0,8,2,2,0,5,6,5,2004,2004,1,1,12,13,0,0,3,3,2,3,3,1,6,759,1,0,80,839,1,5,1,4,864,729,0,1593,1,0,2,1,3,1,3,8,6,1,3,2,2004,1,2,398,3,3,2,100,75,0,0,0,0,0,0,0,0,4,2008,8,4,193000
20,3,64,6762,1,0,3,3,0,4,0,5,2,2,0,2,7,5,2006,2006,1,1,12,13,0,0,4,3,2,4,4,3,1,0,1,0,1286,1286,1,5,1,4,1294,0,0,1294,0,0,2,0,2,1,2,6,6,1,4,2,2006,2,2,662,3,3,2,168,55,0,0,0,0,0,0,0,0,7,2006,6,5,193879
20,3,49,15256,1,0,0,3,0,1,0,21,6,2,0,2,8,5,2007,2007,1,1,12,13,3,84,4,3,2,4,3,4,6,929,1,0,556,1485,1,5,1,4,1464,0,0,1464,1,0,2,0,3,1,2,6,6,0,0,2,2007,3,3,754,3,3,2,168,160,0,0,0,0,0,0,0,0,8,2007,8,4,282922
50,3,60,10410,1,1,3,3,0,0,0,17,0,2,0,0,3,4,1915,1950,1,1,13,14,0,0,3,3,2,3,3,1,1,0,1,0,672,672,1,3,1,4,694,520,0,1214,0,0,1,0,3,1,3,6,6,0,0,6,1998,3,3,936,3,3,2,216,0,160,0,0,0,0,3,0,0,1,2006,8,3,105000
120,4,44,3842,1,0,0,1,0,4,1,6,2,2,4,2,8,5,2004,2005,3,1,5,5,3,174,4,3,2,5,3,4,6,1373,1,0,221,1594,1,5,1,4,1646,0,0,1646,1,1,2,0,2,1,2,5,6,1,4,2,2004,1,2,482,3,3,2,128,53,0,0,155,0,0,0,0,0,1,2008,8,4,275000
85,3,70,8445,1,0,3,3,0,0,0,5,2,2,0,6,5,7,1972,2007,1,1,6,15,0,0,3,3,1,4,3,3,6,656,1,0,112,768,1,3,1,4,768,0,0,768,1,0,1,0,2,1,3,5,6,0,0,6,1988,3,2,396,3,3,2,58,0,0,0,0,0,0,3,0,0,3,2009,8,4,133000
20,3,70,8780,1,0,0,3,0,0,0,11,2,2,0,2,5,5,1985,1985,1,1,6,10,0,0,3,3,1,3,3,1,5,625,1,0,208,833,1,5,1,4,833,0,0,833,1,0,1,0,3,1,3,5,6,0,0,0,0,0,0,0,0,0,2,0,0,0,0,0,0,0,3,0,0,3,2009,8,4,112000
70,4,60,7740,1,0,3,3,0,4,0,17,2,2,0,5,4,7,1910,1950,1,1,12,13,0,0,3,3,1,2,3,1,1,0,1,0,622,622,1,4,1,4,741,622,0,1363,0,0,1,0,3,1,3,6,6,0,0,6,1966,3,2,528,3,3,2,0,0,0,0,168,0,0,0,0,0,6,2010,8,4,125500
60,3,46,20544,1,0,0,3,0,1,0,14,2,2,0,5,7,6,1986,1991,1,1,9,10,2,123,3,4,1,4,3,1,1,0,1,0,791,791,1,4,1,4,1236,857,0,2093,0,0,2,1,3,1,3,7,6,1,3,2,1986,1,2,542,3,3,2,364,63,0,0,0,0,0,3,0,0,11,2008,8,4,215000
60,3,79,12420,1,0,3,3,0,4,0,5,2,2,0,5,7,5,2001,2001,1,1,12,13,0,0,4,3,2,4,3,1,6,666,1,0,278,944,1,5,1,4,944,896,0,1840,1,0,2,1,3,1,2,6,6,0,0,2,2001,2,2,622,3,3,2,0,45,0,0,0,0,0,0,0,0,6,2009,8,4,230000
50,3,80,9600,1,0,3,3,0,4,0,12,2,2,0,0,6,8,1950,2005,1,1,12,13,0,0,3,4,1,3,3,1,4,120,1,0,736,856,1,5,1,4,1112,556,0,1668,0,0,1,1,3,1,3,6,3,0,0,2,1950,3,1,271,3,3,2,0,0,0,0,0,0,0,3,0,0,9,2009,8,4,140000
90,3,60,7200,1,0,3,3,0,4,0,12,2,2,2,2,4,5,1949,1950,1,1,3,11,0,0,3,3,3,0,0,0,0,0,0,0,0,0,5,2,0,1,1040,0,0,1040,0,0,2,0,2,2,3,6,6,0,0,6,1956,3,2,420,3,3,2,0,0,0,0,0,0,0,0,0,0,6,2009,8,4,90000
20,3,88,10994,1,0,0,3,0,0,0,20,2,2,0,2,8,5,2005,2006,1,1,12,13,3,366,4,3,2,4,4,1,6,976,1,0,868,1844,1,5,1,4,1844,0,0,1844,1,0,2,0,2,1,2,7,6,1,4,2,2005,1,2,620,3,3,2,165,44,0,0,0,0,0,0,0,0,9,2009,0,0,257000
50,3,64,13053,1,2,3,0,0,4,0,3,2,2,0,0,6,7,1923,2000,2,1,13,14,0,0,3,3,0,3,3,1,1,0,1,0,833,833,1,4,1,4,1053,795,0,1848,0,0,1,1,4,1,2,8,6,1,4,6,1922,3,2,370,3,3,0,0,0,0,0,220,0,0,0,0,0,6,2008,8,4,207000
120,3,51,3635,1,0,3,3,0,4,0,0,2,2,4,2,7,5,2007,2007,3,1,12,13,2,130,4,3,2,4,3,1,5,988,1,0,398,1386,1,5,1,4,1569,0,0,1569,0,1,2,0,1,1,2,7,6,1,3,2,2007,2,3,660,3,3,2,143,20,0,0,0,0,0,0,0,0,5,2009,8,4,175900
190,4,60,11340,1,0,3,3,0,4,0,17,2,2,1,5,4,6,1885,1950,1,1,12,0,0,0,3,3,2,3,3,1,1,0,1,0,777,777,1,4,1,4,1246,1044,0,2290,0,0,2,0,4,2,3,11,6,0,0,6,1971,3,2,560,3,3,0,0,0,114,0,0,0,0,0,0,0,4,2010,8,4,122500
60,3,70,16545,1,0,0,3,0,4,0,15,2,2,0,5,8,5,1998,1998,1,1,12,13,2,731,4,3,2,4,3,2,6,781,1,0,503,1284,1,5,1,4,1310,1140,0,2450,1,0,2,1,3,1,2,7,6,1,3,2,1998,1,3,1069,3,3,2,0,126,0,0,0,0,0,0,0,0,5,2009,8,4,340000
20,3,71,9204,1,0,3,3,0,4,0,12,2,2,0,2,5,5,1963,1963,1,1,6,6,0,0,3,3,1,3,3,1,4,25,3,872,247,1144,1,3,1,4,1144,0,0,1144,1,0,1,1,3,1,3,6,6,0,0,6,1962,3,1,336,3,3,2,0,88,0,0,0,0,0,0,0,0,8,2008,0,4,124000
20,3,70,16381,1,0,0,3,0,4,0,6,2,2,0,2,6,5,1969,1969,1,1,9,10,2,312,4,4,1,3,3,3,3,1110,1,0,734,1844,1,4,1,4,1844,0,0,1844,1,0,2,0,3,1,2,7,6,1,3,2,1969,2,2,540,3,3,2,0,73,216,0,0,0,0,0,0,0,12,2006,8,4,223000
60,3,90,11700,1,0,3,3,0,0,0,14,2,2,0,5,6,6,1968,1968,1,1,6,6,2,420,3,3,1,3,3,1,5,404,1,0,304,708,1,4,1,4,708,708,0,1416,0,0,2,1,3,1,3,7,6,1,3,2,1968,2,2,776,3,3,2,0,169,0,0,119,0,0,0,0,0,5,2006,8,4,179900
120,3,53,4043,1,0,3,3,0,4,0,13,2,2,4,2,6,5,1977,1977,1,1,9,10,0,0,3,3,1,4,3,1,5,360,1,0,709,1069,1,3,1,4,1069,0,0,1069,0,0,2,0,2,1,3,4,6,1,2,2,1977,2,2,440,3,3,2,0,55,0,0,165,0,0,0,0,0,7,2010,8,4,127500
120,4,37,4435,1,0,3,3,0,4,0,5,2,2,4,2,6,5,2003,2003,1,1,12,13,2,170,4,3,2,4,3,3,6,686,1,0,162,848,1,5,1,4,848,0,0,848,1,0,1,0,1,1,2,3,6,0,0,2,2003,1,2,420,3,3,2,140,0,0,0,0,0,0,0,0,0,3,2008,8,4,136500
80,3,70,19690,1,0,0,3,0,1,0,7,2,2,0,7,6,7,1966,1966,0,5,9,10,0,0,4,4,1,4,3,3,1,0,1,0,697,697,1,3,1,4,1575,626,0,2201,0,0,2,0,4,1,2,8,6,1,4,2,1966,3,2,432,4,4,2,586,236,0,0,0,738,3,4,0,0,8,2006,8,2,274970
20,3,70,9503,1,0,3,3,0,4,0,12,2,2,0,2,5,5,1958,1983,3,1,6,6,0,0,3,3,1,3,3,1,5,457,3,374,193,1024,1,3,1,4,1344,0,0,1344,1,0,1,0,2,1,3,6,2,1,3,6,1970,3,1,484,3,3,2,316,28,0,0,0,0,0,2,0,0,6,2007,8,4,144000
20,3,80,10721,1,0,0,3,0,4,0,12,2,2,0,2,6,6,1959,1959,3,1,6,6,3,243,4,3,1,3,3,1,1,0,1,0,1252,1252,1,5,1,4,1252,0,0,1252,0,0,1,0,3,1,2,7,6,0,0,6,1960,3,2,528,3,3,2,0,39,0,0,0,0,0,0,0,0,10,2008,8,4,142000
60,3,81,10944,1,0,0,3,0,4,0,15,2,2,0,5,7,5,1994,1994,1,1,12,13,2,448,4,3,2,4,3,1,6,1000,1,0,223,1223,1,5,1,4,1223,904,0,2127,1,0,2,1,3,1,2,5,6,2,3,2,1994,2,2,525,3,3,2,171,132,0,0,0,0,0,0,0,0,8,2008,8,4,271000
50,3,60,10930,1,1,3,0,0,4,0,12,0,2,0,0,5,6,1945,1950,1,1,8,8,0,0,3,3,1,3,3,1,4,580,1,0,333,913,1,3,1,0,1048,510,0,1558,1,0,1,1,3,1,3,6,6,1,3,2,1962,3,1,288,3,3,2,0,0,0,0,0,0,0,0,0,0,4,2008,8,4,140000
30,4,60,7200,1,0,3,3,0,0,0,17,2,2,0,2,5,7,1940,1992,1,1,8,8,3,294,3,4,1,3,3,1,4,510,1,0,278,788,1,3,1,4,804,0,0,804,1,0,1,0,2,1,2,4,6,2,4,2,1940,3,1,240,3,3,2,0,0,154,0,0,0,0,3,0,0,2,2010,8,0,119000
20,3,70,12546,1,0,0,3,0,0,0,14,2,2,0,2,6,7,1981,1981,1,1,8,8,2,310,4,4,1,4,3,1,4,678,1,0,762,1440,1,5,1,4,1440,0,0,1440,0,0,2,0,3,1,2,7,6,1,3,2,1981,1,2,467,3,3,2,0,0,99,0,0,0,0,0,0,0,4,2007,8,4,182900
60,3,60,21930,1,0,2,3,0,4,0,8,6,2,0,5,5,5,2005,2005,1,1,12,13,0,0,4,3,2,4,4,3,1,0,1,0,732,732,1,5,1,4,734,1104,0,1838,0,0,2,1,4,1,3,7,6,1,4,4,2005,1,2,372,3,3,2,100,40,0,0,0,0,0,0,0,0,7,2006,8,4,192140
120,3,70,4928,1,0,0,3,0,4,0,13,2,2,4,2,6,6,1976,1976,1,1,9,10,0,0,3,3,1,4,3,1,2,958,1,0,0,958,1,3,1,4,958,0,0,958,0,0,2,0,2,1,3,5,6,0,0,2,1976,2,2,440,3,3,2,0,60,0,0,0,0,0,0,0,0,10,2009,8,4,143750
30,3,60,10800,1,1,3,3,0,4,0,17,2,2,0,2,4,6,1927,2007,1,1,13,14,0,0,3,3,0,3,3,1,1,0,1,0,656,656,1,3,1,4,968,0,0,968,0,0,2,0,4,1,3,5,6,0,0,6,1928,3,1,216,2,2,2,0,0,0,0,0,0,0,0,0,0,8,2007,8,4,64500
60,3,93,10261,1,0,0,3,0,4,0,8,2,2,0,5,6,5,2000,2000,1,1,12,13,2,318,3,3,2,4,3,1,1,0,1,0,936,936,1,5,1,4,962,830,0,1792,1,0,2,1,3,1,3,8,6,1,3,2,2000,1,2,451,3,3,2,0,0,0,0,0,0,0,0,0,0,5,2008,8,4,186500
20,3,80,17400,1,0,3,2,0,4,1,11,2,2,0,2,5,5,1977,1977,1,1,3,3,0,0,3,3,1,3,3,1,5,936,1,0,190,1126,1,2,1,4,1126,0,0,1126,1,0,2,0,3,1,3,5,6,1,4,2,1977,2,2,484,3,3,1,295,41,0,0,0,0,0,0,0,0,5,2006,8,4,160000
20,3,80,8400,1,0,3,3,0,4,0,12,2,2,0,2,6,9,1962,2005,1,1,13,14,2,237,4,4,1,3,3,1,1,0,1,0,1319,1319,1,3,1,4,1537,0,0,1537,1,0,1,1,3,1,2,7,6,1,4,2,1962,2,2,462,3,3,2,0,36,0,0,0,0,0,4,0,0,7,2008,0,0,174000
20,3,60,9000,1,0,3,3,0,2,0,12,2,2,0,2,4,6,1971,1971,1,1,6,6,0,0,3,3,2,3,3,1,5,616,1,0,248,864,1,3,1,4,864,0,0,864,0,0,1,0,3,1,3,5,6,0,0,6,1974,3,2,528,3,3,2,0,0,0,0,0,0,0,2,0,0,5,2007,8,4,120500
20,3,96,12444,1,0,3,3,0,2,0,16,2,2,0,2,8,5,2008,2008,3,1,12,13,3,426,5,3,2,5,3,3,6,1336,1,0,596,1932,1,5,1,4,1932,0,0,1932,1,0,2,0,2,1,0,7,6,1,4,2,2008,1,3,774,3,3,2,0,66,0,304,0,0,0,0,0,0,11,2008,6,5,394617
20,4,90,7407,1,0,3,3,0,4,0,17,0,2,0,2,6,7,1957,1996,1,1,8,8,0,0,3,3,1,3,3,1,6,600,1,0,312,912,1,3,1,0,1236,0,0,1236,1,0,1,0,2,1,3,6,6,0,0,2,1957,3,2,923,3,3,2,0,158,158,0,0,0,0,3,0,0,4,2010,8,4,149700
60,3,80,11584,1,0,3,3,0,4,0,14,2,2,0,7,7,6,1979,1979,3,1,6,6,2,96,3,3,1,3,3,1,6,315,3,110,114,539,1,3,1,4,1040,685,0,1725,0,0,2,1,3,1,3,6,6,1,3,2,1979,2,2,550,3,3,2,0,88,216,0,0,0,0,0,0,0,11,2007,8,4,197000
70,3,79,11526,1,0,0,0,0,4,1,6,2,2,0,3,6,7,1922,1994,1,1,8,8,0,0,3,3,0,5,3,1,1,0,1,0,588,588,1,2,1,4,1423,748,384,2555,0,0,2,0,3,1,3,11,2,1,4,6,1993,1,2,672,3,3,2,431,0,0,0,0,0,0,0,0,0,9,2008,8,4,191000
120,4,70,4426,1,0,3,3,0,4,0,5,2,2,4,2,6,5,2004,2004,1,1,12,13,2,147,4,3,2,4,3,3,6,697,1,0,151,848,1,5,1,4,848,0,0,848,1,0,1,0,1,1,2,3,6,1,3,2,2004,2,2,420,3,3,2,149,0,0,0,0,0,0,0,0,0,5,2008,8,4,149300
60,1,85,11003,1,0,3,3,0,4,0,21,2,2,0,5,10,5,2008,2008,1,1,12,13,3,160,5,3,2,5,3,3,6,765,1,0,252,1017,1,5,1,4,1026,981,0,2007,1,0,2,1,3,1,0,10,6,1,5,2,2008,1,3,812,3,3,2,168,52,0,0,0,0,0,0,0,0,4,2009,8,4,310000
30,3,70,8854,1,0,3,3,0,4,0,3,2,2,0,1,6,6,1916,1950,1,1,13,14,0,0,3,3,0,3,3,1,1,0,1,0,952,952,3,2,0,1,952,0,0,952,0,0,1,0,2,1,1,4,6,1,4,6,1916,3,1,192,2,1,1,0,98,0,0,40,0,0,0,0,0,5,2009,8,4,121000
20,3,63,8500,1,0,3,3,0,2,0,5,2,2,0,2,7,5,2004,2004,1,1,12,13,2,106,4,3,2,4,3,3,1,0,1,0,1422,1422,1,5,1,4,1422,0,0,1422,0,0,2,0,3,1,2,7,6,0,0,2,2004,2,2,626,3,3,2,192,60,0,0,0,0,0,0,0,0,11,2007,8,4,179600
85,3,70,8400,1,0,3,3,0,4,0,19,2,2,0,6,6,5,1966,1966,1,1,12,13,0,0,3,3,1,3,3,4,2,187,3,627,0,814,1,4,1,4,913,0,0,913,1,0,1,0,3,1,3,6,6,0,0,6,1990,3,1,240,3,3,2,0,0,252,0,0,0,0,0,0,0,5,2007,8,4,129000
20,3,70,26142,1,0,0,3,0,1,0,11,2,2,0,2,5,7,1962,1962,1,1,6,6,2,189,3,3,1,3,3,1,3,593,1,0,595,1188,1,3,1,4,1188,0,0,1188,0,0,1,0,3,1,3,6,6,0,0,2,1962,3,1,312,3,3,1,261,39,0,0,0,0,0,0,0,0,4,2010,8,4,157900
60,3,80,10000,1,0,3,3,0,4,0,5,2,2,0,5,8,5,1995,1996,1,1,12,13,2,438,4,3,2,4,3,1,6,1079,1,0,141,1220,1,5,1,4,1220,870,0,2090,1,0,2,1,3,1,2,8,6,1,3,2,1995,2,2,556,3,3,2,0,65,0,0,0,0,0,0,0,0,12,2007,8,4,240000
50,3,70,11767,1,0,3,3,0,4,0,7,2,2,0,5,4,7,1910,2000,1,1,8,6,0,0,3,3,1,2,3,1,1,0,1,0,560,560,1,4,0,4,796,550,0,1346,0,0,1,1,2,1,3,6,3,0,0,6,1950,3,1,384,2,3,2,168,24,0,0,0,0,0,2,0,0,5,2007,8,4,112000
180,4,21,1533,1,0,3,3,0,4,0,10,2,2,3,6,5,7,1970,1970,1,1,5,5,0,0,3,3,1,4,3,3,6,553,1,0,77,630,1,5,1,4,630,0,0,630,1,0,1,0,1,1,0,3,6,0,0,0,0,0,0,0,0,0,2,0,0,0,0,0,0,0,0,0,0,8,2006,8,0,92000
90,3,60,9000,1,0,3,3,0,2,0,12,2,2,2,5,5,5,1974,1974,1,1,12,13,0,0,3,3,1,4,3,1,1,0,1,0,896,896,1,3,1,4,896,896,0,1792,0,0,2,2,4,2,3,8,6,0,0,0,0,0,0,0,0,0,2,32,45,0,0,0,0,0,0,0,0,9,2009,8,4,136000
20,3,78,9262,1,0,3,3,0,4,0,21,2,2,0,2,8,5,2008,2009,1,1,5,5,3,194,4,3,2,4,3,1,1,0,1,0,1573,1573,1,5,1,4,1578,0,0,1578,0,0,2,0,3,1,0,7,6,1,4,2,2008,1,3,840,3,3,2,0,36,0,0,0,0,0,0,0,0,5,2009,6,5,287090
180,4,35,3675,1,0,3,3,0,4,0,7,2,2,4,7,5,5,2005,2005,1,1,12,13,2,80,3,3,2,4,3,4,6,547,1,0,0,547,1,4,1,4,1072,0,0,1072,1,0,1,0,2,1,3,5,6,0,0,3,2005,1,2,525,3,3,2,0,28,0,0,0,0,0,0,0,0,5,2006,8,4,145000
20,3,90,17217,1,0,3,3,0,4,0,11,2,2,0,2,5,5,2006,2006,1,1,12,13,0,0,3,3,2,4,3,1,1,0,1,0,1140,1140,1,5,1,4,1140,0,0,1140,0,0,1,0,3,1,3,6,6,0,0,0,0,0,0,0,0,0,2,36,56,0,0,0,0,0,0,0,0,7,2006,8,0,84500
20,1,62,7500,1,2,3,3,0,4,0,21,2,2,0,2,7,5,2004,2005,1,1,12,13,0,0,4,3,2,4,3,1,6,410,1,0,811,1221,1,5,1,4,1221,0,0,1221,1,0,2,0,2,1,2,6,6,0,0,2,2004,2,2,400,3,3,2,0,113,0,0,0,0,0,0,0,0,10,2009,8,4,185000
60,3,62,7917,1,0,3,3,0,4,0,8,2,2,0,5,6,5,1999,2000,1,1,12,13,0,0,3,3,2,4,3,1,1,0,1,0,953,953,1,5,1,4,953,694,0,1647,0,0,2,1,3,1,3,7,6,1,3,2,1999,2,2,460,3,3,2,0,40,0,0,0,0,0,0,0,0,8,2007,8,4,175000
20,3,85,13175,1,0,3,3,0,4,0,14,2,2,0,2,6,6,1978,1988,1,1,9,10,3,119,3,3,1,4,3,1,5,790,3,163,589,1542,1,3,1,4,2073,0,0,2073,1,0,2,0,3,1,3,7,2,2,3,2,1978,3,2,500,3,3,2,349,0,0,0,0,0,0,3,0,0,2,2010,8,4,210000
70,3,66,9042,1,0,3,3,0,4,0,6,2,2,0,5,7,9,1941,2006,1,1,5,5,0,0,5,4,4,3,4,1,6,275,1,0,877,1152,1,5,1,4,1188,1152,0,2340,0,0,2,0,4,1,2,9,6,2,4,2,1941,2,1,252,3,3,2,0,60,0,0,0,0,0,4,1,2500,5,2010,8,4,266500
20,3,68,9717,1,0,3,3,0,4,0,12,2,2,0,2,5,6,1950,1996,3,1,8,8,0,0,3,3,1,3,3,2,6,49,3,1029,0,1078,1,4,1,0,1078,0,0,1078,1,0,1,0,2,1,2,5,6,0,0,2,1950,3,1,240,3,3,2,366,0,112,0,0,0,0,0,0,0,4,2010,8,4,142125
20,3,75,9937,1,0,3,3,0,4,0,7,2,2,0,2,5,6,1965,1965,1,1,6,6,0,0,4,3,1,3,3,1,4,830,2,290,136,1256,1,4,1,4,1256,0,0,1256,1,0,1,1,3,1,3,6,6,0,0,2,1965,1,1,276,3,3,2,736,68,0,0,0,0,0,0,0,0,6,2008,8,4,147500
